,count,total,proportion
total.adds,84,84,1
none,20,84,0.238095238
coding,64,84,0.761904762
bioinformatic,20,84,0.238095238
R,17,84,0.202380952
scripting,13,84,0.154761905
computational,11,84,0.130952381
misc.lang,11,84,0.130952381
python,10,84,0.119047619
statistics,9,84,0.107142857
perl,7,84,0.083333333
modeling,6,84,0.071428571
unix,6,84,0.071428571