"experiment","waiting_days"
1,8.52699033772569
1,3.75008905997234
1,6.87738209010518
1,8.81315140942943
1,8.54428097563696
1,5.37356176826174
1,0.596184080932289
1,6.90273067427284
1,1.93249257048592
1,2.5606390228495
1,6.15285418906665
1,5.36058668026185
1,4.77847123740859
1,6.77656907101578
1,4.216092293872
1,4.77948655819005
1,0.164934599306434
1,2.72997469408438
1,14.7781809783521
1,12.0440915313767
1,1.95343292551115
1,9.68159564728749
1,3.94885606111443
1,4.67431792037046
1,2.13376850290316
2,3.92962907885617
2,4.15408791016835
2,19.4794629783112
2,1.58681021304801
2,2.0734305982478
2,10.0720332558723
2,5.7299536790461
2,1.76648384041844
2,2.64244335686149
2,2.33880506828427
2,1.52215963656313
2,0.676167773452679
2,2.05766599774601
2,22.2120779181335
2,3.90904261634064
2,5.58423595016307
2,4.70495698209095
2,1.12287688069046
2,2.77883590431884
2,4.54178730470544
2,9.48383461641979
2,5.22137369939542
2,8.47548915962589
2,3.77380749189711
2,0.269625387802704
3,0.555526101961732
3,0.0382442213007588
3,1.63888841735313
3,5.35117006839669
3,5.29935075880444
3,0.127494460043653
3,0.564826987683773
3,14.6801320455017
3,5.6852270986647
3,1.97814083647125
3,17.8954741913285
3,3.19709073984995
3,7.72276580291701
3,0.897335689492606
3,3.7857991454885
3,11.3088929416428
3,3.74838997626208
3,5.29954895356155
3,1.15503457666837
3,2.42387365549803
3,5.61643755973733
3,1.52920436346903
3,3.57195369878268
3,4.26271690034723
3,0.886021161793589
4,0.954758909065276
4,0.97662296378985
4,3.00969326402992
4,6.41768895534283
4,0.614328454449166
4,3.39992644963786
4,18.9213661373335
4,4.50255671596379
4,10.1823410387607
4,8.57834001029742
4,13.6373022844301
4,13.0470765130196
4,10.786908481616
4,4.74918492117381
4,0.454655835115423
4,0.287366292523677
4,0.239621878135949
4,4.87610381075597
4,1.1637366071027
4,9.58734024274063
4,0.922694699838758
4,19.1328016192395
4,0.697656127158552
4,3.66551201475834
4,0.264034658923383
5,2.39307361422107
5,2.81808416359127
5,1.19794310070574
5,1.83284114813432
5,1.1585970944725
5,0.633429561275989
5,0.430184657259455
5,1.47236782824621
5,16.3029704234543
5,2.13547929888591
5,20.2711772442538
5,1.0377505807591
5,4.64794533306217
5,11.0708872315692
5,10.64331385244
5,2.57516440935433
5,1.90362714649145
5,1.10661705760003
5,10.4234047172582
5,0.671762237325311
5,0.147724576109378
5,3.47857230845154
5,0.124987827897473
5,6.76074405179775
5,0.724312991369516
6,11.4417057757484
6,4.63782823623574
6,1.28500467399135
6,3.45476341200992
6,1.56698156613857
6,30.092868132699
6,1.32046064827591
6,2.41127057000995
6,10.8867291075395
6,2.35257161548361
6,12.357356538366
6,4.77922221282273
6,2.14504487897443
6,2.85922650946304
6,13.3966774394022
6,6.86753588241941
6,4.12020877913988
6,1.13418285051545
6,7.35576389315438
6,8.9422272420944
6,3.95955658914105
6,0.353195436618004
6,0.662934105907598
6,0.0420472728707868
6,2.66945820301771
7,5.7598199227587
7,7.86830104845476
7,14.5273714929318
7,14.0570142965092
7,4.05563136076039
7,7.77124485890281
7,1.59646486840513
7,4.54057852166682
7,1.63429521232686
7,0.0801407895050943
7,2.08521962165833
7,4.34220101707273
7,7.74085726546955
7,3.96199348361647
7,1.10429357586109
7,0.549870988060461
7,12.5633553363896
7,0.0903428578749299
7,16.3253372526708
7,4.36051845760479
7,6.73382491317994
7,3.08314973255619
7,3.31293768016621
7,5.08002307244992
7,3.5085913769663
8,0.922452568316617
8,5.23080117322423
8,5.02564157803959
8,6.12562276566565
8,16.626852775346
8,0.425981148146093
8,1.48212958592921
8,1.65017925279448
8,8.78534709061396
8,1.98436671402305
8,8.17866453858924
8,13.0185898682734
8,12.0425343227791
8,0.704491742821277
8,4.69212870092547
8,1.62282252482787
8,0.18334567369059
8,0.0420047743137052
8,12.3474314523147
8,3.29358177492395
8,4.15265704498929
8,5.7693549174609
8,1.83676238637418
8,3.49249836913447
8,5.5716541034863
9,3.20846675429493
9,3.05902648251504
9,1.70498926425353
9,3.32529525039718
9,5.7401650676266
9,1.48303419118747
9,16.936920582408
9,14.7235338008943
9,7.00625679738815
9,23.6675804282043
9,4.41490885314947
9,9.02493166695249
9,14.9064700669589
9,3.73610779156393
9,1.87683442191353
9,12.2434054743083
9,14.6578954524341
9,29.8490058613901
9,1.41801724883761
9,0.746863398235291
9,1.21011077808459
9,3.72796228915165
9,6.03846780003464
9,0.764519199728966
9,6.74264462643719
10,4.88447299671775
10,2.11835006484762
10,0.849616958294064
10,14.4256280726733
10,4.78596514345419
10,0.824066703207791
10,3.62145124447948
10,3.84008343310511
10,2.35782973002642
10,6.06980056015259
10,0.335508768050925
10,8.15548992673767
10,1.65952715557069
10,1.22047159355134
10,1.25257745618001
10,1.16516465088353
10,5.09818550643927
10,2.54113011294976
10,0.109953207438621
10,12.0977195811676
10,10.3049876816095
10,1.7776187375368
10,0.923459576442838
10,2.63202796690166
10,18.9484727651554
11,1.37178313918412
11,1.20109231669404
11,1.21471226681024
11,2.48614626703784
11,3.86490784564471
11,17.7294050263502
11,39.5991062070421
11,7.22867467307782
11,0.508086725603789
11,18.7716321916062
11,3.91873219495124
11,2.06883008824661
11,1.79401670582592
11,1.13095701903274
11,3.51284276175203
11,0.676103658042848
11,5.19232657251364
11,0.333161922171712
11,0.388648362017747
11,5.88623598662621
11,6.59712213070548
11,0.886183558031917
11,2.66675831051543
11,0.00137248309329152
11,2.56244123214856
12,11.3614397955345
12,2.26696938276291
12,0.546884031500667
12,1.38442812953144
12,0.202321384731836
12,4.89542886128134
12,1.51360043790191
12,0.368175199255347
12,7.9384105368973
12,2.65213159145787
12,0.975553900934756
12,0.539962831194891
12,2.32695333426818
12,2.98162140650675
12,5.49049735459788
12,10.6685864483432
12,3.34813978755847
12,1.97095806477591
12,7.53517952873788
12,0.84139590151608
12,2.32706654816866
12,7.18000553079082
12,0.32747598156034
12,0.752424743479525
12,2.56551999538675
13,3.9705249860359
13,2.43941633727837
13,1.69163703918457
13,25.9322577048291
13,2.28245174512267
13,0.85072278599114
13,3.56781013288951
13,5.30142959186292
13,7.16367204187702
13,7.77467953930509
13,8.6252757250787
13,0.0905212592531398
13,5.33035528825081
13,3.23860228061676
13,0.715678346369474
13,3.29073795117438
13,1.26239096709675
13,4.09773386062539
13,13.6419833352076
13,2.82123254379258
13,2.70954509265721
13,3.24979815166444
13,3.01356726558879
13,11.5124915813314
13,0.772083182819188
14,4.36328557764596
14,0.157527946721213
14,8.87973513244876
14,5.8991084573915
14,3.79448037573552
14,7.2231377191366
14,19.6193681181151
14,13.6695808259057
14,12.8091576968538
14,8.1008040248872
14,2.5062914355658
14,21.0481367433879
14,5.50324333345002
14,3.49876500638845
14,1.57192809686226
14,0.15282258624211
14,2.35845900839195
14,2.5874783215113
14,7.11654980607577
14,0.980858497787267
14,2.75593249360099
14,4.62288204214852
14,3.10396009124815
14,2.76625036727637
14,1.17469658772265
15,6.35114725658155
15,0.665373096708208
15,7.16677042610426
15,3.0610848381184
15,7.99555633438503
15,0.959265356359936
15,1.58772648312151
15,4.96278112328775
15,0.182429968845099
15,12.7025521260904
15,0.144159407354891
15,16.7934381580892
15,6.99925351659525
15,3.26348806964234
15,2.09340557223186
15,0.0509005380359413
15,7.37430857452464
15,3.6585737579601
15,5.03096110403178
15,3.25960814021528
15,1.99522959608503
15,0.944610883016139
15,2.01422408455983
15,10.6819849473815
15,2.86467095614933
16,19.0644628823477
16,4.50324932092285
16,0.443911142484745
16,5.11897467728878
16,1.98768461123109
16,10.1406131401182
16,2.96156762167811
16,2.09894615458325
16,2.49712034594268
16,4.06320004702962
16,1.53462270274758
16,0.607135182907481
16,14.543987623507
16,1.03827309096232
16,4.83747417551881
16,16.1882851636949
16,2.74242838146165
16,2.3010421008803
16,3.19215379422531
16,2.35291316173971
16,3.35625942796469
16,5.9080605113641
16,4.24716154478836
16,3.28626515343785
16,14.8538049674573
17,4.59953416117883
17,5.27350960460496
17,0.0019717742448575
17,20.6484202564436
17,0.685150661355295
17,15.3267689247714
17,4.10195195095098
17,8.17954983520222
17,0.782418290618807
17,3.6748219754037
17,30.8340650035029
17,1.8193006166257
17,0.936677574645728
17,5.04329814619111
17,5.11243040186769
17,0.370032984547166
17,9.00463198269618
17,7.67764215315592
17,2.7701812540181
17,7.96750023172636
17,4.66551993981982
17,1.38840362662449
17,6.77311247659332
17,0.965180576313287
17,20.3357281804758
18,4.83190930893129
18,5.9693318044529
18,2.01326506212354
18,2.254761045333
18,0.83444491494447
18,2.13799069626042
18,1.93967539705617
18,4.27257141077375
18,2.97479818109423
18,1.77716580219567
18,9.13358701350999
18,11.1431716020207
18,0.933663702522252
18,3.34731803974137
18,7.5192159524551
18,6.59588179064399
18,2.52426200368139
18,1.24181950370506
18,1.45046022254974
18,0.513193006469847
18,12.4376046744393
18,4.34796837137497
18,5.42339570799327
18,0.796213073190302
18,6.9077708989144
19,13.9351237556877
19,1.63366434675806
19,4.97011999154369
19,1.38641268480569
19,4.63795037289504
19,0.211885822936893
19,5.37923876175141
19,0.0979740940965712
19,8.09547586142259
19,0.680502513423562
19,17.9438489944416
19,5.88942437436382
19,3.60900424399829
19,1.93955659362973
19,5.27765023966736
19,13.3468766038524
19,3.31481244647875
19,5.49048006047911
19,8.03916966500592
19,2.03555746272557
19,9.50460880021465
19,0.471661730329759
19,14.4429913054368
19,3.35890018148348
19,1.74972436856478
20,4.34213356093919
20,4.40280571454283
20,7.97415252732945
20,0.957680568099022
20,2.95376485213637
20,9.82682346884267
20,12.2857459498621
20,20.8094916666362
20,6.30418771682017
20,1.69905232265592
20,10.2969566355915
20,9.13470599829497
20,2.35634536710943
20,2.24582900293171
20,5.19489052684462
20,1.85634166235104
20,1.36430106741622
20,3.15749458502978
20,5.37012721390879
20,5.52127735668278
20,6.8581212449581
20,1.98305008467287
20,20.4032961308796
20,7.10828827362537
20,5.93555182663208
21,6.66727604323483
21,0.525308740325272
21,0.159246455645826
21,11.1286731337415
21,1.73274433705961
21,7.08616892765176
21,12.8226424375803
21,1.46140423290105
21,1.32353877009481
21,6.10202687771475
21,3.98400789555063
21,0.917398855090141
21,3.72270385713732
21,11.8650690739261
21,3.12651823507622
21,0.895052768755704
21,8.37291173066749
21,1.66466207709163
21,9.96838561217201
21,6.39739441198713
21,8.85879053692234
21,2.92561723385006
21,1.49141215253621
21,2.9472795734182
21,1.06211097848885
22,0.238540112040937
22,7.71949608768237
22,25.3110843948528
22,1.21676849899814
22,2.56259256508201
22,9.72859054761839
22,3.42061730101705
22,6.88171884024
22,0.661542536690831
22,0.662957399617881
22,1.94093825062737
22,5.85270360091186
22,8.0268733478607
22,5.73813082629299
22,4.54305243191725
22,4.38476300446321
22,11.2212093633817
22,2.1681275610997
22,9.95742735410941
22,5.11865362503982
22,4.9636085334869
22,4.549508771136
22,0.687471132259816
22,3.36881773080677
22,0.072843567468226
23,29.4654595090036
23,4.77753615295494
23,0.510533250570835
23,10.0131891197981
23,2.24479937520714
23,1.14031139711357
23,0.53284285357222
23,23.5719386661861
23,12.260052402805
23,0.772525325570036
23,3.94511828879127
23,7.52442904706013
23,12.0822154631125
23,1.96261887671426
23,6.91070579437024
23,4.75479711291796
23,1.77717292914167
23,4.80291581225997
23,7.65819165587145
23,0.323460893120083
23,7.22476897719217
23,1.69430564977895
23,5.87941432350731
23,6.51613547911352
23,10.4702176240491
24,3.31144870026037
24,0.642027875874192
24,1.29949625982906
24,1.03073684964329
24,5.10553447613281
24,12.2532314707743
24,3.43415186740458
24,3.44637012807652
24,9.78109287987363
24,6.94457723913278
24,2.78226284077391
24,0.553227870259434
24,3.99283007456292
24,3.59125351046628
24,2.83133493270725
24,0.3328374796547
24,4.39657769144929
24,2.38781458698213
24,8.17951704333437
24,3.28836194705218
24,19.7436899960715
24,4.45060758830464
24,5.42799274479834
24,5.10037371402091
24,5.93284389448768
25,7.86243216092599
25,0.358651254791766
25,6.24280964934683
25,0.345962119584981
25,6.23272195437408
25,6.01270338033742
25,5.76032596153623
25,4.08904141831344
25,10.4501226072418
25,0.452696362044662
25,8.99808374191535
25,2.23247948433478
25,6.3918008545301
25,7.86102282397667
25,5.46082044930613
25,11.4536884513901
25,9.91426972630334
25,8.82138496297618
25,7.7230848833443
25,7.78829888398659
25,1.06608198921095
25,5.16782351748502
25,0.355920405127108
25,7.99916864330781
25,2.34567025443539
26,1.3630251520715
26,18.3777999401766
26,17.4048286200243
26,3.08134097605944
26,4.16304269190882
26,0.798724475316703
26,5.58665924218899
26,14.9596450096908
26,4.50928797924376
26,4.30226105517072
26,4.93610150159752
26,3.02129438146949
26,8.78449209923756
26,4.69529150964177
26,4.43313439355648
26,1.09559724396304
26,2.35707745887339
26,4.9014595847339
26,3.26282409252599
26,3.12418414046988
26,5.91371740659183
26,10.6446309105551
26,4.31304511627887
26,2.08319389959797
26,8.78853260497463
27,0.254039167268827
27,16.4318940407577
27,3.76471179455422
27,1.26266753999516
27,0.867719390218972
27,3.63985383396453
27,2.11720792809501
27,1.95379986893386
27,0.900612846016884
27,2.20005818409845
27,2.68836340401322
27,23.6765999520633
27,4.3360834380374
27,2.79512830078602
27,6.76340219543731
27,0.768211970571429
27,4.31272351161993
27,2.0290941186484
27,9.2947043474288
27,3.29898769501597
27,3.36780551122501
27,0.23915683861847
27,5.64026919643652
27,10.6533827905761
27,2.20740400720388
28,3.43266762793064
28,3.13528968486935
28,6.37506612089878
28,5.25641183813518
28,0.309603514615446
28,0.778529732488096
28,13.318098084371
28,1.45787502406165
28,3.00021439790726
28,3.01125287809666
28,6.24136275680773
28,4.32426149552639
28,1.49378679712195
28,2.74405684279991
28,1.37923166621476
28,0.0476974135499491
28,3.02274603396654
28,3.9779995806442
28,4.09536876694715
28,9.12741769994509
28,6.41202798557884
28,0.717616064153899
28,1.98589708498728
28,1.10037392238155
28,4.72336048704988
29,0.0284298113547266
29,1.03785508079454
29,1.36341367149726
29,9.5030473261596
29,3.63019934984793
29,4.52377070651805
29,3.86143264339721
29,4.82970188816494
29,7.37145994747889
29,1.46541854023353
29,2.13324109558016
29,12.1144287002491
29,1.26589330844581
29,0.18639331657569
29,3.36701893247664
29,0.871137687936425
29,7.70655526737583
29,9.34365066657674
29,3.11877711676061
29,3.48665339851236
29,3.02357135806233
29,4.26371496557081
29,12.3020511766182
29,6.66538308353579
29,0.986825735585194
30,0.00323635626445487
30,3.08509447146207
30,1.15547513436508
30,13.4442937088417
30,7.94603814328921
30,0.520042043644935
30,3.46848954425609
30,19.6053107351738
30,0.907573290169239
30,3.48759460759889
30,6.94424197847619
30,2.4383029108867
30,19.7021549805281
30,1.94265571190044
30,2.52769035520032
30,8.16755910362017
30,3.1167308636941
30,17.2816471374574
30,0.691759902983904
30,6.91008086295283
30,4.02188875487423
30,3.21411902783439
30,4.64133169015354
30,2.07808043574914
30,0.3724285075441
31,6.34769586825228
31,0.503101432695985
31,5.54987397553991
31,0.776794038247317
31,5.89457802453494
31,4.97394447193897
31,2.01095354743302
31,1.36111741652712
31,7.08575238630983
31,11.5650989067247
31,1.51611895533279
31,1.24620552174747
31,2.873630464076
31,0.254272820893675
31,1.93502567710704
31,3.22002063738182
31,18.7336018950421
31,11.153766074519
31,2.00917378300801
31,2.25055935559794
31,7.85687019075167
31,25.7139435297241
31,15.0209765500369
31,0.266575924484604
31,2.06787352915853
32,2.84861889667809
32,0.0107332714833319
32,4.17514233828938
32,1.52981613567949
32,9.72863303280347
32,2.0834490400739
32,4.40679685657328
32,4.51523583975495
32,4.8615582983703
32,4.55825258491045
32,1.03827009676024
32,2.0296772220172
32,15.6743885568323
32,8.65176770794106
32,0.655140292365104
32,1.16062467291494
32,1.34931138483807
32,8.81270997184229
32,4.28311121163374
32,11.9811372359501
32,12.1929916081237
32,0.521471299653331
32,6.32027614375061
32,12.9546305065261
32,0.319815106465188
33,10.5876591211447
33,0.630903760902584
33,7.924949414608
33,5.71287339997894
33,15.6221297002378
33,3.99953521301454
33,1.34872703580186
33,1.30030587400456
33,2.32390261488035
33,3.56757895068681
33,3.99947096895645
33,2.16300772239778
33,4.32908500989384
33,26.724891893958
33,5.32250863339794
33,0.131038956870427
33,4.32713875526047
33,3.03022848907858
33,2.27710154373199
33,0.882144891656935
33,0.221411681268364
33,0.164137633983046
33,3.64146915993369
33,5.05203962337508
33,2.01983671635389
34,3.22694088565186
34,7.04598574883428
34,6.24245773048556
34,4.58886219633228
34,7.53516494025907
34,18.8245226711708
34,10.4323779575115
34,3.90499010661101
34,2.43393534328789
34,3.97088399601585
34,1.75698220496997
34,3.95746035408687
34,2.23340913653374
34,4.05933328883207
34,4.03105586720728
34,6.48430108071721
34,4.6385553057999
34,9.75990926804853
34,0.183773417346509
34,1.17532560136169
34,6.60095499341792
34,3.89449357965446
34,0.832756551849939
34,1.10831537283957
34,1.21042776387185
35,12.2001058136331
35,14.8162350422683
35,3.07651991024613
35,3.28644477296621
35,2.00686628930271
35,4.78652128463095
35,2.56943724583834
35,0.651857031043619
35,3.276716475375
35,0.537981921806931
35,0.480319780684409
35,0.553694271948189
35,10.5226014082538
35,0.0238039344549179
35,8.25341305939589
35,2.33721039490774
35,11.5080303599345
35,10.3262832663478
35,0.935672451741993
35,12.9183033448481
35,0.0563778061691758
35,12.0692308520185
35,10.658925351988
35,0.373886001762003
35,2.61719482485205
36,0.493416573616422
36,3.01418938208371
36,7.37102434928429
36,1.75442102438059
36,1.77322691539302
36,0.866414709016681
36,5.57488007449961
36,8.17918116184783
36,0.678929379188899
36,3.33296187687665
36,1.98016099166125
36,1.58396604333227
36,9.26877283449185
36,14.1994614058832
36,7.09299141499114
36,18.3433697641569
36,3.76074385342604
36,2.60834834859825
36,1.38390511274338
36,1.772565463258
36,5.27725565691894
36,3.82849893511689
36,2.83360808389261
36,5.06447392394264
36,7.68902859608543
37,7.60270965766842
37,22.004937174401
37,6.08048423638052
37,3.1627405132167
37,7.54950004587782
37,1.1718163266778
37,0.763367600248107
37,1.55772546306252
37,0.913450384308365
37,3.00785497296602
37,0.263871750794351
37,6.48009479024863
37,0.748039702061783
37,1.13770522375554
37,5.91762423494315
37,0.979978481773287
37,0.374237502920192
37,4.99071131427782
37,2.75672008516267
37,1.59555457299575
37,1.47898577619344
37,1.79801745805889
37,13.278658883016
37,0.466966808609651
37,4.23853671007358
38,11.2686660413848
38,1.61883796495218
38,0.350815686876633
38,4.53653419332844
38,1.75445475848392
38,2.39995995536447
38,1.04350382229313
38,2.7278326661326
38,7.59230786650996
38,5.09907221011348
38,2.4359066481702
38,0.57791552040726
38,4.62530525845891
38,21.9828044796798
38,0.490480992011726
38,1.74146557692438
38,2.95045397931953
38,9.70214896793378
38,1.06561333406717
38,3.3359265094623
38,4.00404315669642
38,6.6659402286396
38,0.13504785252735
38,7.10841990033996
38,2.9554914822802
39,6.15532648606973
39,0.382252580535509
39,2.00611748499796
39,0.00375301064271381
39,8.95257101018741
39,2.01686810934916
39,0.57139417855069
39,3.13832070678473
39,11.6784891554135
39,4.20816079226738
39,1.0526113002561
39,7.34038509785018
39,0.663692529778928
39,6.83286093154407
39,1.98592521017417
39,3.2043818058446
39,2.71123877959326
39,3.19475047057495
39,11.4096330379354
39,7.74956224314339
39,2.2326559247449
39,1.9941362249665
39,0.839736082125455
39,3.37246788665652
39,5.41472774443633
40,11.4253345168499
40,19.1214979708868
40,2.06443685339764
40,6.48473903515792
40,15.0336619040467
40,4.82446426970369
40,4.15073136094481
40,6.22225693871683
40,2.94956715079024
40,1.99442870449275
40,9.22119829395474
40,2.34216381562874
40,2.56360684987158
40,14.3050132186704
40,4.28277081116893
40,4.2013939002291
40,1.92760350386814
40,11.706188433031
40,3.77823330515645
40,2.13875687215477
40,16.3758487991037
40,1.59156178307649
40,3.00370468758047
40,4.62226091397411
40,3.22270140750334
41,1.37652537319809
41,17.2303919858279
41,2.98272221116349
41,1.25663116341457
41,0.907865859910131
41,11.0396138292955
41,3.91060152670994
41,0.545495341723132
41,0.593202363234013
41,1.30607033148408
41,5.94870491397983
41,1.43642138224095
41,0.637588354435833
41,1.99378950987011
41,6.9296080523864
41,0.250495036788056
41,5.55609745418137
41,1.59146794816479
41,1.96701448876411
41,2.78609115863219
41,6.81782604174173
41,1.59633587103804
41,4.3242384677515
41,0.773864593356848
41,2.09344119997695
42,3.80761555290866
42,1.41499235294759
42,0.836141149943623
42,2.91272227885202
42,17.765691456266
42,3.43063291860744
42,6.3543869217461
42,9.15679781131494
42,5.161275784275
42,1.79481251418615
42,8.43783902773514
42,14.3048583707752
42,3.73851785848278
42,2.78594261035323
42,12.3254245747279
42,2.86552982404828
42,14.7210727796252
42,4.22701847252852
42,0.395125560462475
42,3.34452666342258
42,13.1123530951546
42,2.96128444606438
42,2.76003508362919
42,4.38789768123484
42,2.35702920472249
43,10.3703224095972
43,3.50552547236389
43,6.27504332901395
43,6.08431380221105
43,16.8741336829009
43,10.6289717823251
43,0.720709380863746
43,0.266520187724382
43,2.64617491513491
43,7.07830547019102
43,8.16571444230986
43,10.4303236803716
43,20.4640428245741
43,0.781089311343495
43,1.38825648231432
43,9.9027193706007
43,11.7206108470665
43,0.925649229297146
43,4.37918218297368
43,2.83696344820783
43,12.9845824312295
43,1.71213716734201
43,4.21512383946633
43,1.97531988106876
43,2.37353881533847
44,0.147167105622089
44,1.91265965811908
44,10.1106307465107
44,5.08919021559364
44,3.12896257532323
44,5.26745291508068
44,0.519217136316001
44,5.9269899826259
44,0.487865507602692
44,1.45636034663767
44,4.30322206558144
44,10.7503803347455
44,3.6114739764244
44,4.67301967754507
44,6.76218864486969
44,13.1325426039504
44,8.72635947498393
44,9.86339318524015
44,8.03472375890917
44,34.0264021493217
44,6.57248940297818
44,9.55068237106216
44,4.77216942680484
44,3.43215812696144
44,8.79899194422078
45,1.33269059006125
45,9.88103682133269
45,0.521757719286804
45,1.55162711860612
45,2.50603078631684
45,7.36172244842065
45,2.84492111997679
45,5.71608344071961
45,2.19373367028311
45,10.4432261449503
45,2.07769756671041
45,16.5049913184123
45,9.9972841548827
45,0.245963023044169
45,23.8317231262538
45,5.05124843658364
45,0.678216880595109
45,1.16452911598621
45,0.734396842308342
45,0.0389839056879282
45,2.19082739204168
45,1.89703031908721
45,12.6703868334399
45,11.648660795133
45,3.04527396336198
46,8.69261564644885
46,3.43252991326153
46,1.22478511417285
46,3.95939355229443
46,16.1731172717156
46,6.15372778361148
46,0.763019921723753
46,4.69640178620076
46,7.78210789854539
46,2.623310694471
46,2.1792424400337
46,0.777122539002448
46,1.14007894896111
46,2.30075123952702
46,3.58686990083611
46,0.101697314530611
46,0.0771307028220832
46,7.13417926761222
46,6.50881280625532
46,4.8371041759655
46,7.08734318571997
46,6.15795638856894
46,1.25558320898563
46,3.52951009274031
46,0.0520530040375888
47,25.1253778931112
47,3.32801918499172
47,4.87468359505242
47,0.490032011027637
47,1.79431792045407
47,2.12935869814828
47,16.3748550034108
47,6.00681422722942
47,9.58101117010129
47,2.68445780966431
47,9.35752846258593
47,9.99565460677159
47,1.70383508084342
47,8.99051228674503
47,2.1317420527339
47,7.99399202647519
47,3.35142333991826
47,12.7997154084252
47,5.84660504457957
47,4.74696711150414
47,4.98096106141557
47,10.981430177878
47,1.57254145946354
47,5.57418697342266
47,3.5426021288228
48,0.703738718293607
48,4.22311142997301
48,1.86869784007866
48,1.78048853995278
48,9.96261402922583
48,0.219147847063239
48,23.1316171015117
48,2.80125834245087
48,1.73788718413562
48,3.13022489892319
48,2.18057513237
48,1.5133590833284
48,9.8188203196497
48,2.10664746584371
48,12.8593770349599
48,0.24754298152402
48,1.45690983397383
48,3.03987211508093
48,2.22239678699996
48,1.53492145007476
48,5.64008371417827
48,13.3684961957144
48,1.41522861085832
48,10.3881893861563
48,2.738654660061
49,11.343018458526
49,1.61668523595531
49,3.95050809232003
49,4.01365801671004
49,20.2358170122582
49,1.53604079969227
49,0.785158772487193
49,0.621063839482675
49,4.05859334838992
49,0.248990223780767
49,0.094955244980977
49,3.33550613606349
49,3.86545284164554
49,2.58718268812905
49,5.61747474109239
49,1.52831563260406
49,1.97926499500175
49,11.0689675623683
49,3.58441970113614
49,0.00779518528620147
49,3.05555056314915
49,6.54974201673126
49,4.47824398436777
49,1.54140553437173
49,18.5230739041345
50,6.83120361508286
50,0.698493949603289
50,9.6986946459384
50,7.55605576940965
50,12.3935886000501
50,3.95881602519608
50,19.4580356300551
50,3.8103025916726
50,0.101711585974147
50,6.09823787263104
50,9.95224141473782
50,4.0270705053345
50,0.836316051427275
50,5.15199062389167
50,0.373641183618045
50,13.2815576804088
50,10.2424051887811
50,1.06444498291239
50,3.28403059858829
50,2.95488271862268
50,11.7773632792043
50,15.0627444154075
50,2.30446374509484
50,4.80225453132248
50,7.68168713855458
51,5.19256644861257
51,6.81613141649819
51,2.19887597486377
51,2.61215830221772
51,2.80016921434474
51,3.75405459178096
51,8.4206325463475
51,3.95474648065261
51,1.3168673007749
51,0.670945572513309
51,5.45342091449952
51,23.8597030366275
51,6.75795828436917
51,9.33117331894946
51,2.81956248683855
51,3.74356177318607
51,0.857112826169837
51,0.0282605597749352
51,0.449928678572178
51,5.74597801060832
51,2.0168478375008
51,7.67667009094688
51,0.658807887230068
51,1.23372180154547
51,7.48927455353451
52,0.077594539616257
52,0.143159343861043
52,0.998505507595837
52,8.02816420751524
52,6.62759939187622
52,7.74208095814002
52,0.625347904860973
52,5.50022905671454
52,10.227065058005
52,1.72390860272571
52,4.45282541961068
52,2.85843939287588
52,1.43869151827799
52,6.61802805007851
52,0.516390843953618
52,1.70946374535561
52,7.46711813802731
52,8.721510329795
52,3.83419715163978
52,3.73397630501515
52,3.72870773521668
52,9.37597894067776
52,7.857433380139
52,1.05446941967257
52,5.22407192488972
53,13.6645334300803
53,0.200201384723186
53,8.18924348759365
53,6.16909809855229
53,6.18765181639358
53,4.17580015936351
53,4.77556898237622
53,0.933080313458749
53,1.3756514294073
53,5.52422720950042
53,4.43152901229864
53,1.43625432858244
53,5.27087311705059
53,1.65638399077579
53,9.47950143325043
53,0.888948269581493
53,2.13846947764978
53,0.850096256861586
53,1.32677601650357
53,4.77990260792381
53,2.29008412597442
53,0.41673227630929
53,5.75321519726372
53,0.562468071002513
53,6.2097692301259
54,0.621107914485037
54,18.0657124043185
54,5.71721183115101
54,2.51614187611267
54,10.9852373759688
54,0.440759392780565
54,3.52188229074186
54,1.20647404356506
54,5.56988283505148
54,0.395084442367193
54,3.66604624760753
54,1.52791481697932
54,11.4382547226952
54,2.38164683105424
54,0.58486070483923
54,3.96108617165691
54,3.83512618464834
54,3.10025815851986
54,3.67211270711621
54,10.3230676516415
54,4.32679416125125
54,4.79159764626788
54,26.4559116292943
54,2.87062120158225
54,13.2741403107749
55,9.64758621486735
55,4.49000939240164
55,1.55905398178007
55,11.2780055895817
55,0.317597309899467
55,4.99718144980675
55,2.76284415042028
55,0.127247790565313
55,1.33863585069776
55,3.51875776010093
55,0.281630011741072
55,3.4333893074654
55,3.3327640988864
55,3.55494592783457
55,1.73569604055956
55,6.29819831324226
55,2.33032576972619
55,5.12924215906312
55,21.9317486310813
55,5.86459547725922
55,1.77701398743501
55,4.66507464626288
55,7.0270734931167
55,0.932451523312677
55,14.4479540354552
56,3.17694159690291
56,2.72109860787168
56,1.01992982672527
56,6.90492037662721
56,0.372448688647204
56,1.38264345470816
56,0.815448474604636
56,5.83082928301251
56,1.67168522486463
56,8.72598278294218
56,0.3080328138268
56,2.13566373262059
56,4.3096022804678
56,0.29445598134771
56,4.32024717309928
56,3.11764548299834
56,6.56197252196676
56,0.855926411412937
56,4.60302321684963
56,2.08132026484236
56,2.12207904318348
56,2.19442684203386
56,3.9140937568382
56,0.604320087004453
56,0.935420881930299
57,2.4461018666625
57,9.1213547713579
57,7.21797666374072
57,9.52711145351541
57,9.90938636432302
57,2.60538925735185
57,0.642687955405563
57,10.5853333678992
57,1.99506646953523
57,1.69212017208338
57,0.469218268990517
57,1.83073895284906
57,4.21827108578241
57,2.61065017664805
57,1.87745149060138
57,6.47601466604924
57,5.94554246847934
57,4.6987635244683
57,2.90148498257622
57,0.874945465475321
57,6.08827780445522
57,6.93569239478082
57,1.89514705678448
57,0.989826072473079
57,5.06293549505844
58,8.45687944400025
58,6.31199764532453
58,2.16513472143561
58,5.0074383564368
58,2.15107961324975
58,12.1395424931918
58,0.812661991067514
58,7.98209609421802
58,2.86503782728687
58,1.20747440960258
58,0.77585802276386
58,3.17204567370936
58,2.17068628175184
58,16.7899386576357
58,2.84454968059435
58,7.36647912313605
58,4.59851103006785
58,0.0577181241728241
58,0.85277346099763
58,6.2359446378187
58,3.23547412408516
58,8.85743569565611
58,1.32296409923583
58,3.51727565812501
58,2.09365641698241
59,10.0765054668756
59,3.74280029639114
59,24.4688606061454
59,4.86684250315594
59,20.1359264821488
59,0.655650096755138
59,3.45185572979972
59,0.352574377320707
59,0.0890641729347408
59,3.16603135550395
59,2.34918070724234
59,16.1915731049123
59,2.31890278635547
59,1.77668443880975
59,5.17980717580423
59,5.21132004891938
59,3.3037181571126
59,0.113375789318717
59,0.610677146782488
59,0.922517431899905
59,4.83136368338787
59,22.159835937104
59,2.64498724136502
59,1.94446261134024
59,7.70061502810188
60,3.20121305529028
60,2.96817837515846
60,2.06062169504685
60,1.77728834096342
60,3.3216982265003
60,5.91803538126356
60,5.2740225100652
60,1.94876708555967
60,3.80538122316398
60,1.74621649319306
60,3.6138281853948
60,9.74444313864124
60,1.45844659302384
60,1.23283251902127
60,5.36120291312641
60,0.781457521952689
60,0.85757325636223
60,2.63914712006226
60,5.92011513633138
60,14.2691843948307
60,4.53987361627982
60,0.717428233474493
60,4.53418206881922
60,2.287677929118
60,12.1159872465104
61,14.3014242818141
61,0.489141882231463
61,6.68101842494166
61,0.656101678032428
61,3.24670099886134
61,12.279560351733
61,5.2593671907858
61,1.4550891215913
61,5.73252513518042
61,1.61745893070474
61,3.22369436053968
61,4.55367860828942
61,3.42498602112755
61,0.968714021146297
61,6.35612240039854
61,3.56214979554317
61,2.73662241874263
61,1.25469621225873
61,0.0408151746059862
61,5.02060261999673
61,8.83386600720596
61,6.55563403365618
61,0.397254496347159
61,7.71558927330089
61,3.65131524836129
62,4.57079259657717
62,2.77130047325045
62,10.1663539740713
62,0.49870551973112
62,7.26320107425463
62,4.2329713865633
62,0.00202357508545702
62,9.50008354821813
62,2.12565452235725
62,9.51789462896896
62,1.02651052875444
62,9.90779573987138
62,6.04158733719465
62,4.32354684432453
62,7.05778126220594
62,8.90308562399196
62,1.0567501373589
62,8.56095437849772
62,2.39236092893407
62,2.9862579053431
62,1.86884518014267
62,0.970343437511474
62,4.28917436983789
62,0.25713432781263
62,4.92312470915705
63,1.45578170938474
63,4.20940930002785
63,8.20307991385262
63,11.9641433370518
63,5.06339115121342
63,1.1719484301284
63,3.68776035112522
63,3.09132777852938
63,0.247796501498669
63,2.71125034196302
63,25.794376440715
63,15.6014414495769
63,4.0443519451023
63,14.9097060978531
63,1.13730186363682
63,0.438801732379943
63,0.304202131376114
63,2.8048207424581
63,6.0013622928173
63,0.978095679681669
63,9.59513550582242
63,0.924715362500147
63,7.58520403584331
63,14.3586879126174
63,6.76808938828713
64,6.39560614691532
64,1.1890146555379
64,0.482948808930814
64,2.18326645437628
64,4.21726887215378
64,1.94515704762364
64,3.69229949524111
64,12.5154999171602
64,7.72766751195204
64,6.93942045516274
64,2.09961443208158
64,0.137670615222305
64,2.31634299969301
64,3.78422085695937
64,0.0292398803698972
64,0.248636227834559
64,5.63567022306329
64,1.51834076968953
64,3.4476014925167
64,3.58749774729318
64,3.90295980942851
64,6.68324476204183
64,11.4465364528106
64,7.17787610324931
64,1.13093639723957
65,0.247930760961026
65,4.28401565327166
65,5.79758141168809
65,1.91359801307782
65,2.47644569491968
65,2.46177017688751
65,0.644591893069446
65,2.61706069344655
65,2.03855558999448
65,2.64362685149536
65,4.13631797747171
65,7.28049230719817
65,1.43261984165172
65,1.91717211534179
65,4.21838884220874
65,11.9839401257442
65,0.0389086664654315
65,7.94622627243922
65,9.42056825730527
65,1.05271208565682
65,1.79744604276493
65,12.4728322488474
65,5.05140177221741
65,1.16421698359773
65,0.421045045368373
66,0.620850417762995
66,0.921703870408237
66,6.04328562484539
66,6.99161754415204
66,4.2798531425879
66,1.0535718081519
66,1.82878753170371
66,2.97992948908359
66,4.54327687600112
66,3.47751995993263
66,0.171295479644305
66,2.3259013867937
66,0.0653421599417925
66,8.2272869788348
66,0.31634696211662
66,11.6396783751782
66,6.42906367757774
66,1.58038305584341
66,1.59406612161547
66,6.66830937696854
66,0.44077374972403
66,10.6278847989844
66,0.898961656512035
66,9.1488103564353
66,1.27194276778027
67,3.33244169363752
67,0.198230620007962
67,4.08404414055353
67,2.3655213881284
67,0.554075185209513
67,10.1019166126372
67,15.6372956979162
67,0.780580965802073
67,1.8712569004856
67,7.54379554609668
67,5.29636072905219
67,0.246925402898341
67,5.9601040787757
67,12.5988156944172
67,5.38247289269433
67,12.688234457116
67,2.31028634821996
67,10.7817781803416
67,1.648338441737
67,4.7443176943571
67,1.09622105051239
67,0.313113709303102
67,0.334959491932921
67,0.221679890528321
67,8.75955506568175
68,2.2501029050909
68,11.3212247279691
68,4.15760130134827
68,1.81997835636139
68,4.29635612246066
68,1.25500810746411
68,5.11223621381915
68,5.09677613133049
68,3.55243264212293
68,0.417087466921657
68,9.19436177196813
68,5.52340224268386
68,2.70520105445677
68,5.08620687765219
68,1.81742915820122
68,12.1136870697029
68,2.33558272194098
68,3.69526929510937
68,21.18806731638
68,1.13666820572689
68,9.02110766577435
68,0.893882665389402
68,17.4230425534042
68,18.8771420986134
68,8.23884105267835
69,3.73638589743099
69,1.55992767664962
69,7.3317134232975
69,11.9727540475534
69,0.836823441130796
69,4.69794832553358
69,4.10735196412957
69,1.07316728712729
69,0.53386464715004
69,0.570930460639346
69,8.22529482613218
69,0.680041103742407
69,2.29894048301503
69,4.01925795224911
69,0.572212369856548
69,6.35651604717082
69,2.04468078911304
69,1.10064963810146
69,4.11251065599109
69,13.6895486985551
69,13.1316822109031
69,5.71758239509022
69,1.07213184703141
69,0.628113939133311
69,19.9063229084688
70,0.900613854173571
70,4.10409798824644
70,11.4165698275314
70,6.89828691051757
70,1.48572726011082
70,2.65832646982744
70,0.485999509048317
70,2.73574805413597
70,1.12485794117674
70,5.09604364146894
70,2.92097050463781
70,9.80103606316161
70,3.47620104418552
70,0.470495705958456
70,0.659831454977393
70,3.2026180694811
70,1.68186936335783
70,1.3083974493454
70,1.20658492859212
70,4.93445797802365
70,11.5950124052571
70,6.89837010556317
70,4.98069952686733
70,3.35861627943814
70,1.51806954527274
71,4.82009824810034
71,9.03992810244572
71,7.8630807928191
71,3.93613532630211
71,5.87506102889032
71,1.81747356895357
71,9.37101617413473
71,1.03217020165175
71,7.3217081258354
71,14.5169304607907
71,0.965088324155658
71,2.38935819361359
71,0.781316698994488
71,1.70413197995644
71,4.77449608945704
71,4.6171543325991
71,1.18177800904959
71,3.65813415476537
71,0.953416554257274
71,2.17927150893956
71,2.82922893296927
71,1.28153739618211
71,0.787646006792784
71,5.12891380561
71,4.58314891417927
72,15.5688887453618
72,1.81957814376801
72,0.222291061654687
72,4.75467388524219
72,3.32760328426957
72,0.514071730124171
72,0.879143590573221
72,0.0290457282855716
72,0.155304738886124
72,3.05427645100281
72,5.65454624572253
72,6.58507786204523
72,2.48827170813456
72,2.29322911472991
72,3.7842954769599
72,5.35975401716439
72,2.8353229071945
72,2.07936010789126
72,5.56870416251427
72,9.15357197592867
72,1.30431407596916
72,1.98203423060477
72,2.80865554464981
72,2.85758339334279
72,15.6915124497356
73,3.97313645365851
73,6.26052422427988
73,21.5595548664332
73,1.59928398884989
73,0.930216466076672
73,1.48199883418982
73,3.04492713650689
73,11.035093133639
73,5.9937156641618
73,19.5061958850104
73,11.05735453714
73,0.916000339202583
73,4.609741307585
73,1.46599118364975
73,11.2048516136812
73,6.11463431818606
73,1.84657070856048
73,19.1600641132075
73,4.85585152514537
73,6.38730559477067
73,17.7868477524
73,4.75310655755407
73,2.03219048213214
73,0.441689633298665
73,1.88406653097306
74,2.92007967131212
74,2.43461575591937
74,14.7092984884999
74,1.62036832292731
74,3.43243431067094
74,5.92937494607127
74,7.71022607530368
74,6.67464994804418
74,3.16921541234478
74,7.86486845641059
74,0.0326668447814882
74,2.47553680557758
74,1.31451496279619
74,1.8641894175233
74,6.73240424578494
74,0.218202576506883
74,0.0140139553695917
74,7.9288073997469
74,6.22777095974839
74,29.7024816615558
74,11.2723575991796
74,1.77820862969384
74,0.761628385511986
74,3.74694237294397
74,8.37695238138449
75,5.77801429179913
75,13.1852946889805
75,1.92438920028508
75,13.8397352484273
75,13.879724325468
75,0.40330247486098
75,7.12141957091999
75,2.17933600069955
75,3.84949214269823
75,0.68890801731348
75,8.57014108407211
75,14.025514423007
75,9.16789715136302
75,2.67162533476949
75,6.66358134688294
75,1.83814916602071
75,0.162022399712705
75,0.865491849835962
75,5.143756349361
75,2.26961625507101
75,20.4782609910446
75,12.4577393469619
75,3.85783709564662
75,1.37971939984709
75,2.79719247482717
76,3.12120292568579
76,0.467785873543701
76,6.63431011585003
76,1.61774977110326
76,1.54751262860373
76,2.12996808192338
76,2.24463636986911
76,7.29796943663825
76,6.44352830650354
76,5.02981477396047
76,2.39897411984847
76,23.3006613875244
76,1.49153362073139
76,0.736830403620809
76,4.08240805824703
76,1.65357114714489
76,1.3870434067212
76,0.154291475191712
76,4.09427622671964
76,0.830607233744157
76,7.77175188953889
76,1.61022879881784
76,9.61377067449403
76,2.83871995285153
76,4.1773798670441
77,2.97563831554726
77,1.44663674524054
77,3.15346775110811
77,8.03956614765239
77,0.882447270945154
77,0.258117602206767
77,0.918801561634651
77,5.2043824221701
77,18.540148314901
77,6.56208819112886
77,2.89713527541608
77,5.47006087356663
77,6.26462514956898
77,2.82157092820853
77,10.2846908658267
77,3.89945388252595
77,3.95811581497496
77,7.44069195993403
77,0.757759055122733
77,9.40215013879252
77,3.15898017957807
77,3.9685448350147
77,3.76500032355493
77,1.36733190156519
77,5.39565789492285
78,0.832748664920801
78,5.49722418633706
78,1.97839709930122
78,0.292293063830584
78,1.97065558983013
78,0.251046272460371
78,0.476825911422711
78,1.12278068220116
78,4.92004408945745
78,0.396471975836903
78,0.977643714422319
78,4.23838611205524
78,10.1602754272045
78,0.215857715401647
78,0.6924415868707
78,14.4617576143684
78,1.20939406100661
78,2.27193831466138
78,2.70898113492876
78,2.32304237782955
78,7.39846703910841
78,1.05875798966736
78,2.36839501187205
78,1.93494357168674
78,0.10311919497326
79,1.19770186594054
79,4.61735517286456
79,1.66051412932575
79,4.69080800551399
79,8.46385964150441
79,3.94636096751595
79,0.332466959953308
79,12.5313253527606
79,3.85295635542125
79,1.79531006375328
79,5.70759020259088
79,0.834866232770721
79,3.37155348854139
79,0.449498202651739
79,1.01514124777168
79,6.80309541036791
79,2.20896716229618
79,11.5071322038782
79,2.61600600322708
79,17.4663578987795
79,7.16504151101655
79,2.13886107318103
79,2.3181637073867
79,4.66409701832986
79,2.80424802564085
80,5.36205374614751
80,16.0683838269653
80,6.04770830345756
80,2.2795221558772
80,4.36633189187801
80,0.875290739350021
80,3.90226356915768
80,0.959360464300997
80,3.87003726845237
80,15.3310961690553
80,1.64777303495789
80,0.242178942991161
80,2.33765587909147
80,8.51540155243494
80,2.43832213105634
80,4.36450064626938
80,0.0846213779218808
80,4.21030424167108
80,13.533569657545
80,12.0259621826218
80,6.41744880450374
80,3.8199837288297
80,1.61434908630326
80,19.9327992444668
80,7.11931112180364
81,2.78616768773645
81,16.5431690207663
81,0.421487358398736
81,7.23879670096442
81,6.74148580969727
81,13.8270213355528
81,5.42875351363278
81,3.7372226405651
81,0.70633261776617
81,0.735481185184544
81,3.75766826492374
81,6.91465078832066
81,3.04712703917176
81,8.19532698909652
81,7.98609033616434
81,0.0802840059623122
81,10.5766545326539
81,0.754661105879666
81,0.716625432285887
81,4.52068888225011
81,1.6280075837858
81,6.36680896838612
81,1.89223960973322
81,0.290285442372645
81,2.36534664640203
82,4.72193583548318
82,0.708068984095007
82,0.730320247948266
82,3.95286345833397
82,0.782414413884095
82,0.167145904295434
82,12.2364237619346
82,3.24220203328878
82,2.15459508109756
82,3.40482149040326
82,1.76446968689561
82,12.5071877765141
82,4.53142083911216
82,10.3476365372063
82,0.773451033502648
82,6.90769871675825
82,1.83229726040736
82,1.26406988805907
82,5.81885692642486
82,0.273648200090975
82,8.5683956831218
82,0.935628844890743
82,5.25174951159811
82,2.42027411229582
82,16.9937900817933
83,11.9246364228583
83,1.48566902723501
83,1.18859496898949
83,0.646262532100081
83,6.6993973914296
83,2.04448625212535
83,3.19176208227873
83,8.27559724408102
83,5.2960648711533
83,0.830239618662745
83,1.47784851485193
83,0.0619995896704495
83,8.27511340337706
83,2.49492735601962
83,6.09320569762445
83,7.2373599648
83,25.0962726521596
83,2.02651112340391
83,7.07294586932747
83,0.912376771036133
83,11.9980439071761
83,16.9524648032131
83,6.69460719895965
83,1.73755735533591
83,1.87822317006066
84,0.501885192934424
84,1.00064812357712
84,2.7725192042999
84,6.59652305745936
84,0.736678142566234
84,0.377418338321149
84,1.96306555531919
84,2.13282995268723
84,3.13651318834092
84,9.63050921405566
84,2.4294998682318
84,0.456916147377342
84,1.49651796091348
84,5.18833665156222
84,4.65880015843964
84,1.67343286034474
84,0.601253029010868
84,10.2455350752444
84,8.29550342633774
84,7.27895570876909
84,4.7477688777954
84,7.25379474653581
84,5.90970030964768
84,11.7241386969792
84,2.09061905791054
85,2.0164361969304
85,3.35542159155011
85,16.659856309759
85,2.05550918568577
85,6.26290141118175
85,13.3666742121087
85,0.925679141367559
85,4.24778430701649
85,15.516269802207
85,13.0655991186606
85,0.912347251133467
85,2.35681769200752
85,1.30803434639262
85,3.76695121617472
85,9.13374236742866
85,12.200823345957
85,0.161315931303225
85,9.90012134383333
85,0.902790867257863
85,2.00110069243237
85,6.44073960350311
85,0.197566451970488
85,1.23728140257299
85,10.4901109908925
85,4.82330877895911
86,9.85853935549867
86,0.839465062095752
86,1.7500814050436
86,16.5886398023906
86,0.81889127381146
86,7.41328669669938
86,1.59545158036053
86,1.16111219162121
86,12.9704860870944
86,3.17259176867083
86,3.93936556638982
86,4.38323893097645
86,1.37848867801949
86,9.55642619128239
86,2.84897097852081
86,1.99312151409686
86,3.40179823106155
86,0.626075121956132
86,2.96666444512084
86,11.5801693399655
86,10.7823047800505
86,0.47696569743749
86,8.84477346162212
86,0.664949421770871
86,2.31104399601481
87,9.61857091005275
87,11.7274547455119
87,2.61933672345418
87,0.126836897211652
87,0.297111971303821
87,11.4085731555926
87,8.41360481845081
87,1.80651382543147
87,3.7188938909277
87,0.805231807753444
87,5.31574358676976
87,6.23034902361637
87,0.291921824431401
87,10.7615360538612
87,3.31107969628647
87,10.6108558078514
87,4.96872789671129
87,9.2925353623451
87,3.20774068823084
87,6.49935999864197
87,7.11713374550355
87,1.3254528818652
87,7.61975976596487
87,7.78174695516837
87,5.58665231314904
88,7.93390859807742
88,4.81232300845391
88,1.03279652976191
88,3.99938469205207
88,0.616727254819125
88,14.73465539431
88,5.22945920915759
88,0.362225582357496
88,0.610628803260624
88,4.82575953365675
88,8.5912973057003
88,9.71328987154525
88,3.6286872785096
88,3.05679209996015
88,2.05012392951176
88,3.676252993545
88,6.126044280617
88,6.39175613610991
88,5.58141853639341
88,5.06832782623774
88,0.762435854412615
88,0.0407762983555243
88,4.26357113269574
88,8.51457429076445
88,8.6680922839315
89,0.282294885255396
89,0.936064105480909
89,5.87122599107629
89,4.40615907756096
89,0.666818884201348
89,2.54526916425675
89,0.169150528963655
89,5.74168321655548
89,5.24790252072221
89,0.718809843529016
89,8.33744204561126
89,6.4316619558022
89,2.11906065465882
89,1.55561605468392
89,0.92364632209751
89,1.95962547324598
89,2.76858465746045
89,0.454409290105104
89,2.6808533933945
89,3.24087749002501
89,3.4603859949857
89,10.4878323877744
89,7.61876820874889
89,2.28823212508529
89,19.0424205631691
90,3.25279649812728
90,3.98703335755706
90,4.22233513069755
90,7.52503239404617
90,6.3455702637456
90,0.603140406310558
90,2.01195295667276
90,1.3689072872512
90,9.91174327167583
90,0.911605383532831
90,14.8217822446688
90,1.91128345439211
90,4.13768692852414
90,1.98709831340238
90,3.02957554753201
90,7.04689872409117
90,0.23431523470208
90,9.20321221421373
90,3.90714691860409
90,4.95277185903347
90,0.387893426193519
90,8.34820340345514
90,15.6614020085874
90,0.246474090963602
90,1.95974197238684
91,2.00760895619169
91,0.00151235376366285
91,2.28079976048321
91,4.31381232549852
91,8.5310768424989
91,2.66013835091144
91,4.2918620535866
91,5.88126046096391
91,2.42129721911624
91,4.89199702141291
91,1.57616147305816
91,0.661495567765087
91,9.70078819389355
91,0.0409342884086072
91,2.37818679772317
91,2.16047163167558
91,9.49310339013946
91,2.1484938184004
91,1.38170944759622
91,0.0770496669249385
91,1.88893703743815
91,7.6838943574584
91,7.72729028905642
91,0.137524171732366
91,8.05506610269559
92,0.925608681895646
92,9.50989260296238
92,2.7570743765682
92,8.24274239088309
92,0.259972993704246
92,0.886525106616318
92,0.606556095585254
92,4.80326102493048
92,3.41978531330824
92,0.029634996317327
92,3.5383700747868
92,18.3513523162085
92,2.28067909600213
92,12.5647319567608
92,7.82006202223611
92,11.1269712162422
92,1.44927105866373
92,2.62833064189181
92,1.74862266052514
92,15.2884862936082
92,6.38368573950088
92,6.65386875604695
92,0.950408374477408
92,0.209602143572186
92,15.1739308974686
93,0.337053884286433
93,6.83050292523062
93,17.7470885486084
93,0.133834595326334
93,0.291559800971299
93,1.14764266414568
93,3.4927443139901
93,1.37666691695945
93,1.70363259268925
93,0.817000204697251
93,0.2434898680076
93,5.97407858797765
93,6.26467838862395
93,7.84180528442276
93,3.96107530200338
93,3.81627848357305
93,1.96830166965894
93,11.8310678911008
93,1.275131102829
93,0.134219031315297
93,3.21616447530687
93,1.96365578665968
93,2.81384142115712
93,7.03453214797092
93,19.2440755621331
94,2.10500560700893
94,2.5956107955426
94,4.1698634342984
94,2.63737682718784
94,2.75339720537886
94,1.3814723379943
94,2.2482083668001
94,11.5101240774434
94,3.6305477384409
94,1.74672933103318
94,9.02508953544212
94,3.21478114463389
94,1.25060536200181
94,3.12972066458315
94,2.80403270851821
94,2.81690219417214
94,1.9872762914747
94,4.99602786383757
94,2.84318068972093
94,1.94791376498082
94,1.07989568728954
94,3.86984273304647
94,3.36539592826739
94,6.13078002733796
94,6.66851682101792
95,2.66167137306184
95,9.74909140686405
95,1.57512975856662
95,3.61527840585864
95,1.28757930360734
95,0.934951126109809
95,2.56967436056584
95,6.73944230636066
95,2.19137138687074
95,11.4959696953403
95,0.490440164855575
95,0.695125362835824
95,11.2308548850225
95,0.176628604531288
95,7.12059481958759
95,2.91882304707542
95,1.71487716026604
95,5.75798287501043
95,8.20140314246428
95,4.85917945371425
95,2.54697719123214
95,5.97485704792148
95,0.0142283574616535
95,3.04390726378188
95,0.0652553467079997
96,0.223985451675106
96,2.70009379135445
96,1.12003947142512
96,12.3400334365774
96,0.151101667433977
96,2.81060624867678
96,0.184498182497919
96,2.16830010991544
96,1.23471117578447
96,1.1535956710577
96,1.1086354102008
96,2.34111102755949
96,8.62184337298286
96,4.46440588196224
96,10.4615721519527
96,1.62893246605203
96,4.98046829344189
96,4.19891146456307
96,1.17811389267445
96,12.3814271291004
96,11.0403340955483
96,1.74136364027253
96,2.34884986653924
96,9.75526975425792
96,5.53628613694491
97,4.06850405016398
97,7.63698133597982
97,18.6224313349205
97,2.31136532267556
97,11.6024250437723
97,3.58470818938172
97,7.08973163255462
97,1.50890499586239
97,8.6802591658653
97,0.385767943225801
97,5.33731758573508
97,20.5315625191408
97,0.544960468541831
97,2.99717883299502
97,7.4474561402475
97,12.8089689363943
97,1.00584262982011
97,0.967010838822293
97,1.82756558991969
97,5.65084750743067
97,0.44206044882144
97,0.174465242307633
97,6.81678421774364
97,0.584196080979598
97,2.31351844377705
98,0.0462181737530389
98,5.59784219113594
98,1.97555927792564
98,3.4644130943343
98,14.6163997203487
98,0.846093676518649
98,0.683343154378235
98,5.108102544665
98,3.84778118717594
98,0.0768501497805119
98,1.94910224992782
98,2.8128904197365
98,6.12140532096332
98,1.33390839910135
98,7.24325860808504
98,0.236256598355897
98,3.0328633566387
98,0.243720280856288
98,8.74432810540211
98,3.37848728289828
98,5.41195918319231
98,0.198115203529596
98,12.6605299015747
98,3.01443381235003
98,2.46088427491486
99,3.45095123397186
99,4.00320489404208
99,1.00436723914531
99,2.84611855866387
99,12.087600097788
99,0.25831785518676
99,1.10225149304014
99,5.45816983910889
99,1.65038103237748
99,20.2095284581858
99,0.0899752415716648
99,12.828463250141
99,0.81486041424796
99,3.99780555607236
99,0.994592444039881
99,12.7485551399397
99,0.0196200143545866
99,2.86648583908742
99,10.0048827468873
99,1.24633135006238
99,3.70037934979085
99,1.72433296218514
99,2.66597014153376
99,6.08982333892441
99,2.02377078039059
100,1.13282364229171
100,1.12199117590239
100,0.835362996440381
100,2.94081619242206
100,5.15565945887447
100,17.7737076849419
100,0.873518646632035
100,1.12712259404361
100,4.36331504934883
100,6.49242504944509
100,3.48137585425234
100,0.973483035340905
100,14.0501292041483
100,3.73817591725669
100,0.69023777032271
100,7.1491709440471
100,0.202358911796139
100,1.33303805021569
100,0.0954102233151586
100,15.3944427511635
100,4.3353819397301
100,1.73281949711964
100,2.09223848395927
100,1.48410978494212
100,0.571972427424043
101,1.7947346188587
101,2.03396542929113
101,4.13053695070346
101,0.730638480745256
101,3.0724453413859
101,8.17328369202924
101,8.62850888590229
101,1.52107575511275
101,0.0675610802136362
101,0.792384868936403
101,1.70605914667249
101,3.76771313582963
101,13.8580893811988
101,3.18477471591905
101,7.47255638199759
101,3.5960916567356
101,0.135957213280987
101,8.68247923399222
101,4.98542338588691
101,1.28895317773227
101,0.679745911620557
101,0.75869825668633
101,10.1201451006801
101,1.2747165444307
101,5.95091809497631
102,0.0678426551547982
102,4.41867552210993
102,1.19994171662256
102,5.21251799517727
102,0.166607480572558
102,0.42309727827188
102,1.22703832044244
102,1.02226071991026
102,0.48865543929447
102,2.73272053804249
102,15.4695270530254
102,0.837280396442304
102,2.68169292714447
102,17.4356346845445
102,7.5843127253921
102,3.04706376511604
102,7.35576795358539
102,10.1650617360593
102,1.09725112328306
102,0.297955139540136
102,0.783221106976271
102,4.85523871590799
102,5.32234337423204
102,8.98510646964324
102,7.98862054902029
103,16.1434536418858
103,0.128998311702162
103,4.33533558566376
103,3.1129591469653
103,11.5067623340145
103,1.07300218194723
103,3.74467268099493
103,4.03724228033521
103,2.31294153491035
103,6.7049817831949
103,1.48854164639488
103,9.58828366319549
103,5.71233578470951
103,2.27796572298265
103,3.09952769428492
103,3.24476117733866
103,0.0279943209068275
103,4.48441470020866
103,2.11022148141637
103,0.681569245889078
103,11.6436409897986
103,8.30612942534399
103,1.73799125244841
103,6.58387757351107
103,13.4203534473883
104,1.78176842397079
104,2.28711060015485
104,0.289895029272884
104,1.26654538325965
104,3.32265617558733
104,2.27125395322219
104,9.59315434056234
104,1.24683620067561
104,7.3537654332341
104,0.297202268736666
104,14.1712000585141
104,6.10987403874701
104,1.47820594720542
104,2.42318929638714
104,4.62234455769161
104,1.00929316598922
104,4.42208509091527
104,2.59338973555714
104,13.5876367886769
104,1.78119213087484
104,3.03861179156229
104,3.96542144452638
104,4.7675103974087
104,5.56788908762342
104,2.44724974967539
105,3.80334441039973
105,5.21059585248536
105,5.20647306439883
105,1.05542202712968
105,0.670203040353954
105,5.58817488586015
105,1.72804053639993
105,1.97490863269195
105,3.42890247236937
105,0.872185877524316
105,3.05842254776508
105,0.371519406326115
105,0.686820650007576
105,1.43472312716767
105,2.30014166561887
105,4.92309334380657
105,1.22325570089743
105,17.0124563566389
105,6.52089108691967
105,5.31353467588729
105,3.73076601096036
105,1.37703812215477
105,0.0401385859897389
105,3.06648794561625
105,2.34525172971189
106,3.83350524099028
106,2.13295520748943
106,1.80831557605416
106,7.55320402238357
106,10.3099249392272
106,1.63289530015729
106,20.1201711118895
106,4.31866921929127
106,6.93197914397639
106,16.5523369601908
106,10.9009088476406
106,0.517599554732442
106,0.36082857835245
106,17.204772940928
106,3.33892999682575
106,8.52938201236439
106,0.643857682799768
106,18.280982837382
106,0.417880720924586
106,3.98265947113301
106,3.67121508355864
106,1.20642028748989
106,3.25021953321993
106,5.43489024022079
106,9.98076152945769
107,4.04198958549903
107,2.56891274126247
107,13.8683766240895
107,1.77228366490989
107,2.16280026128516
107,7.53274621399951
107,0.756878514312287
107,3.60468394628596
107,2.25593029754236
107,9.49426460969162
107,5.99587007404721
107,0.646433189608282
107,1.22040114598349
107,3.14074505120516
107,3.61645571172182
107,7.8820622428776
107,8.04597658063185
107,0.361247435212135
107,7.03428647438896
107,0.605387461837381
107,6.54375829712904
107,1.6163022397086
107,5.16088680883111
107,1.61878063809127
107,10.7969797303187
108,1.23162383679301
108,0.259900118689984
108,0.885485117323697
108,12.2752313176794
108,8.45883245958817
108,3.29402020666748
108,4.66660397571927
108,6.87232444507486
108,1.62747398532397
108,11.1464508523451
108,2.51529672183096
108,5.05046726955995
108,0.17398185795173
108,1.0472801909782
108,4.01639749275005
108,2.55277152638882
108,6.58919026588506
108,6.34912616086608
108,0.255716983228922
108,1.08050417921284
108,0.586717337109487
108,7.01984496745181
108,4.68998540171838
108,4.28959746315898
108,1.8179421685636
109,1.10457322793081
109,7.89039732762627
109,1.3404615665786
109,2.71911492338404
109,2.32973385136575
109,13.8270388257908
109,2.16180076563607
109,5.86560131029642
109,3.46076273592189
109,7.62373226652754
109,0.0728219896746606
109,13.1989853357183
109,7.39080863644531
109,2.82002881169319
109,2.81030780042511
109,20.4156582862995
109,6.9679499972136
109,3.1279695709236
109,3.35459788795561
109,2.36723330344788
109,6.7973936673016
109,1.09336274908856
109,3.98271369726813
109,0.159332202747464
109,4.64798131936646
110,4.68603245892978
110,7.40868322509241
110,13.3074618590282
110,4.29816200329302
110,3.75404014696783
110,4.95048491263247
110,6.54938564862914
110,1.00885501597077
110,6.32810174466527
110,5.04731090718365
110,0.0104935839772224
110,1.44613926997408
110,15.1475500679555
110,0.657992233090748
110,8.66878452668798
110,0.520743585596494
110,0.86962243504881
110,0.46826876921852
110,2.20155987422913
110,7.33514435547304
110,5.70796521359539
110,9.91080974186671
110,1.41604016767815
110,10.9384581719743
110,12.150943288919
111,3.00926987547427
111,26.1204113889684
111,2.60293329715187
111,11.189234824221
111,6.51260142659253
111,1.12963541178033
111,0.619781672854957
111,1.3590090116486
111,0.134725894313306
111,8.44218084546638
111,8.02410833495569
111,2.2905605006963
111,2.90979912737384
111,0.536222240811364
111,1.34680577553809
111,9.31770821373196
111,3.73202259165651
111,0.725409153383225
111,1.1252977559343
111,3.51985717090995
111,0.695971057284623
111,7.52930075829675
111,32.6035901923974
111,4.51040929162359
111,1.81975287850946
112,3.8892427550391
112,4.37996696882562
112,4.94125166348559
112,5.72411752135256
112,1.41787851694971
112,13.6787198943304
112,10.9454321948098
112,13.7139180575715
112,0.788934873239691
112,16.7980616531315
112,0.438318117521703
112,3.08938226895407
112,6.59171187763518
112,1.96746661793441
112,10.6970721011268
112,8.75247862865848
112,0.199788176361882
112,5.6803124535591
112,1.98572973255068
112,4.17185805716968
112,3.22526603007857
112,4.86298061420626
112,1.4807960530743
112,1.52632314478979
112,1.76207669777796
113,3.5903219604887
113,1.64597121067345
113,10.9971214127366
113,8.26050843908966
113,10.7697782193528
113,0.704805598865393
113,0.992712897714227
113,8.06045499755863
113,2.55251445574686
113,1.19548587361351
113,5.08678076767779
113,0.268283012128777
113,12.5849825789439
113,0.070221322803682
113,3.83469002741892
113,5.78554113840169
113,3.48670446292913
113,0.252323187887669
113,8.69073438416135
113,2.02517076276302
113,4.82393360210067
113,2.64756787568331
113,5.44624249927524
113,10.3298542364956
113,2.1045940532349
114,10.3007153603704
114,3.63740118199444
114,2.92775846552104
114,6.56921364811665
114,1.1143285012804
114,0.792776672169566
114,5.64197314512485
114,7.00656947637809
114,0.195369974244386
114,1.62776183802634
114,1.33232466876507
114,0.41546416074532
114,0.808948413468897
114,4.98132429186321
114,0.629945572314401
114,16.9678836679997
114,4.88884669241911
114,12.3848514159428
114,1.67868557290316
114,3.96019955610341
114,3.35875817807391
114,11.9545651500331
114,2.30839531170204
114,4.56423525211817
114,10.7929469173061
115,2.51805242616683
115,21.8526221240375
115,6.46269620840854
115,11.3987575603843
115,5.10180462596423
115,1.36620361823589
115,9.90037640674769
115,6.1951679967106
115,5.0295926814661
115,0.26181107154116
115,2.79764448991045
115,24.7205539871205
115,1.16449665278196
115,2.9551372048445
115,2.98506495309994
115,9.22831801790523
115,1.05628363555297
115,1.45366019569337
115,2.3751392471604
115,1.38850015122443
115,11.6810567938522
115,1.29554890747359
115,8.92419489989889
115,4.86572063972658
115,13.3703100209342
116,2.78259479440749
116,6.95547028172124
116,0.372144299500229
116,0.227451255121135
116,1.22604244756719
116,8.56960924300265
116,2.48332790331915
116,1.7272790428251
116,2.45697361184284
116,3.25705001596361
116,10.4132058558272
116,5.17895038691508
116,4.67581772224462
116,5.10964445464315
116,3.65690493003881
116,1.637835835085
116,8.97431264589441
116,4.95066922136998
116,0.208089408937789
116,0.520023306588262
116,1.7218251992017
116,4.11516275701529
116,7.70933755615991
116,4.03915192910886
116,0.91973181348294
117,5.19858394262797
117,0.727423801061371
117,1.87800475940666
117,1.06772903352976
117,4.26565715556449
117,0.546750260982662
117,13.466587839018
117,11.1442573870178
117,6.59707539693868
117,7.05728190355503
117,2.27201333036646
117,6.82408691362894
117,7.23424749406886
117,0.644525884190574
117,4.31732367703176
117,10.4887812868614
117,4.247535909316
117,4.55285144948816
117,4.3176868435911
117,15.3734789285229
117,8.50828211712551
117,0.93845872062172
117,3.08459382038563
117,15.437167546803
117,8.63694858695281
118,14.3306190884652
118,2.7289803349413
118,1.5549943330778
118,3.74628894010043
118,11.6431922924923
118,6.77673979623786
118,4.65031051663963
118,0.880173519253731
118,3.48900839199728
118,2.28223867248744
118,1.29988043569028
118,3.27961082337424
118,4.79454666945465
118,0.517145162448287
118,9.34466662774694
118,27.7090831924428
118,0.23172260960564
118,10.2162812747738
118,6.19820660424835
118,0.371149903306001
118,0.85318216837922
118,0.925288640428334
118,2.60482923826203
118,1.01803591009229
118,14.1349543076805
119,11.9179353204774
119,12.7424049043996
119,3.1376915727742
119,21.2474679375503
119,12.7179054257678
119,4.22533744919634
119,14.9316592569804
119,1.0856275469996
119,1.82241645874456
119,6.79000595563507
119,2.53058406058699
119,0.799223929643631
119,15.1106439149919
119,9.4708800311656
119,0.131049526840222
119,13.2749840517746
119,1.21261041011718
119,1.0031204088591
119,23.2390833819721
119,19.356618997522
119,4.00345452662567
119,1.67881707820719
119,4.95662592796093
119,11.4850496028768
119,1.79576967144385
120,4.44673820377743
120,1.30658936919644
120,5.27390926589674
120,3.96336580081104
120,2.86470499122515
120,1.87063254415989
120,6.74671368186778
120,26.177568369006
120,10.0684177312524
120,1.45075017819181
120,9.6490867338599
120,5.93079800696528
120,3.31353375222534
120,5.34519331771022
120,7.6164984326334
120,1.96887838887051
120,1.79030205821618
120,1.50088001741096
120,0.658701919019222
120,0.0275548081845045
120,3.27576759271324
120,0.00983948819339275
120,0.767636422533542
120,6.39361401998854
120,3.14000349724665
121,1.12976521640742
121,3.863887028361
121,0.475091123953462
121,14.3424981547968
121,2.58891946868971
121,2.06514331744984
121,0.228707639034837
121,1.47230659611523
121,5.06650617352045
121,1.64890420893364
121,0.279439785517752
121,7.66447643707407
121,1.24575267080218
121,7.98015825995906
121,7.73923352832929
121,4.36521724776781
121,8.61505006397975
121,3.0042787711136
121,3.98929083698845
121,1.74559370614588
121,5.6469616384939
121,6.69834716224528
121,2.68095936160535
121,2.34815776473481
121,5.13416637179858
122,7.67165219369245
122,1.70261412393302
122,2.72571156965569
122,2.11984793888405
122,8.45899897585523
122,10.649849352728
122,5.0706352149338
122,5.76939130180931
122,2.37122594378889
122,1.09178166138008
122,14.7758008296857
122,4.34258243513709
122,2.61637719348073
122,1.25087188841267
122,1.18300425394762
122,2.28441137190236
122,2.62653140584007
122,4.66747851834622
122,12.8689109062063
122,1.0786985912959
122,2.76812033960596
122,1.86055200407282
122,4.42593236898488
122,1.22366413241252
122,0.273769409395754
123,36.8843948382886
123,6.66485963833934
123,6.87863140345967
123,9.91921371738327
123,6.54180841033763
123,0.704093565063007
123,3.13500934513286
123,0.127486314158887
123,3.13691881950945
123,2.11758179590106
123,5.50852017921811
123,6.33246918653554
123,4.67995281310237
123,2.07728320732713
123,1.04518932290375
123,3.53162442778653
123,3.27295975759625
123,12.7126542193102
123,6.37744599932289
123,4.3465288326627
123,0.489444357341615
123,0.0252235936932266
123,2.13171448092908
123,0.266951906960458
123,3.31531760049984
124,4.13385297189181
124,2.27571170311421
124,12.2629118391481
124,3.2938333787024
124,0.365126319229603
124,0.890933069282678
124,30.0127648545389
124,17.8467455030161
124,1.30421799662408
124,3.55129471493369
124,11.9577082333373
124,1.24069361511767
124,1.70178935139382
124,9.59500072481942
124,0.249207048163844
124,9.87031745682371
124,6.91267525756216
124,0.104693386238068
124,1.52608094969764
124,2.63544397894293
124,7.14132000861126
124,10.5142938991295
124,6.17008929119861
124,1.17308255680469
124,0.11908033883469
125,12.946438891183
125,0.10271043641933
125,6.35389097479588
125,9.30604334878636
125,3.14530762145296
125,12.0754653115975
125,6.84506041908121
125,1.1386354546994
125,3.70761111357665
125,14.7065725169125
125,0.297890929018547
125,10.5456475814091
125,2.54627381684259
125,8.95935961003316
125,2.27527159033343
125,6.42543310278511
125,3.51247532737857
125,1.6678547905758
125,2.07060464782357
125,3.18875463446602
125,1.29325525835156
125,0.211604196233459
125,6.96823573629272
125,0.810903761037231
125,8.18060859995794
126,3.16099624847993
126,0.285173177253455
126,7.25781552451563
126,1.19688132544979
126,1.71158677665517
126,0.416828608140349
126,0.264723395056639
126,0.898119743368599
126,0.454315612649209
126,1.58025467428749
126,3.7326452150575
126,17.0065722606125
126,1.26116559297565
126,0.856193765722618
126,0.763437086563018
126,3.54657360331571
126,0.401219546881537
126,0.0621835445053875
126,0.154803090976166
126,11.5127153976497
126,8.89300418466027
126,1.36209718184546
126,4.51902010457075
126,8.68779158177686
126,1.27329578390345
127,1.95581062929705
127,1.34287178516388
127,1.27984978781657
127,9.14094795430911
127,1.44342049242389
127,1.27036858117208
127,8.22326294638773
127,6.38013545128134
127,1.47695609834045
127,7.4278585981102
127,6.36772890088564
127,12.7737460139105
127,0.351649600927727
127,4.63546978754407
127,2.39755665454104
127,0.250801454555848
127,2.59940513642505
127,2.91570241097361
127,3.33188641583547
127,0.231755591482836
127,11.8641186592387
127,3.04989610798657
127,9.28596326107991
127,2.66841713804752
127,2.11185433436185
128,18.6522882569869
128,0.875643994896397
128,4.36953933897697
128,6.33520707932717
128,1.18146488499053
128,1.16098730126396
128,3.89842237790531
128,2.63043394312263
128,20.9229707963059
128,0.911158749368042
128,0.0618359226371592
128,4.04606944860375
128,0.264584410469979
128,3.64412938707954
128,0.788837701547891
128,6.53195065890855
128,24.4706160740559
128,6.62356837631619
128,11.5181511968679
128,20.5769601733166
128,18.7757610053498
128,1.28900707658963
128,0.489193720190821
128,3.01326331216842
128,5.82018559777594
129,1.83959732297808
129,3.28673474956304
129,0.0691123708600081
129,3.24187907157466
129,1.16026689996943
129,8.88240900779975
129,3.62499850268448
129,7.10663614752603
129,2.70219021243975
129,3.69344105923033
129,5.48545935635871
129,6.70039915458715
129,14.6648116401377
129,5.49781882787414
129,5.98150677492327
129,0.602030023001134
129,4.2831482613286
129,3.06988199241459
129,13.6759964836048
129,0.079332401510328
129,3.32067399751395
129,1.48060618922753
129,1.13366287481528
129,13.4778801811146
129,4.78649914709336
130,6.18981864890461
130,7.58578849914384
130,0.145393631079295
130,4.24997820497906
130,3.80014327333725
130,3.09278220296032
130,0.850108687300235
130,5.18115132560438
130,4.57496357187016
130,0.580133304465562
130,5.04157957134253
130,3.16594310803339
130,9.98479368123126
130,1.49775926256552
130,9.45378997321141
130,4.15673503165549
130,27.9228960705881
130,6.35484390871084
130,4.6243600594472
130,2.29583939537406
130,10.2294433112712
130,4.68647589420384
130,33.8555525876304
130,4.83643640547505
130,4.31637578157193
131,3.99645902661091
131,5.90124510207629
131,7.5387396235123
131,7.40124226505769
131,16.9719603649321
131,0.738857542164624
131,11.8711569558258
131,0.370816823560745
131,11.9838004307825
131,9.60627568843675
131,0.578798138859854
131,0.746956702787429
131,3.7846804501251
131,0.409279807708452
131,7.58538736919773
131,1.34470885852352
131,3.85912594245482
131,5.13829721116877
131,1.25551431672648
131,22.5663391265875
131,7.69480304076177
131,6.70271430143571
131,6.8870505269379
131,0.21139977267012
131,9.53428335725984
132,6.9355712302786
132,5.96651311942792
132,7.02958243953675
132,15.8286946258488
132,7.28640591683698
132,6.90807111074633
132,0.909692256245762
132,9.81742277699423
132,3.18054454168305
132,0.895929344480904
132,0.333527203183621
132,1.04947641724721
132,3.21523501072079
132,1.13092029082866
132,0.68165535737291
132,6.16383580469942
132,0.190192160662264
132,3.03570293355733
132,0.860312265408707
132,1.05817253624914
132,2.08701756317168
132,1.1669524721989
132,0.360753193963319
132,8.77824327866447
132,10.7320879993927
133,3.30350561533123
133,7.63643850530398
133,4.2188569756193
133,6.28825176020569
133,1.98371864479508
133,0.098641964749683
133,4.38663302086082
133,3.53986241427755
133,3.33710723789409
133,0.400170213542879
133,0.397897197399288
133,1.17766746785492
133,7.3740786402942
133,1.86355353365981
133,0.986342296039878
133,1.49442843842758
133,4.5983838427574
133,5.0270152114118
133,2.05554228974506
133,1.09439960913733
133,4.3666827842648
133,0.318874905271449
133,6.68617244788861
133,12.2216383082079
133,1.01911826261015
134,3.11151704052463
134,7.94474347452533
134,15.8137222371044
134,0.861082710325718
134,4.40455607943108
134,26.5929710866167
134,9.38005337449622
134,2.44491180732081
134,6.94234477314067
134,20.685178291865
134,1.12690448760986
134,1.69890335761011
134,10.3918819590927
134,3.96137862631627
134,2.41585875937755
134,2.27085985708982
134,4.52687664867795
134,4.92084706181145
134,2.49421461252496
134,1.71871159625937
134,0.342425728365246
134,11.6990313611546
134,11.8619545635985
134,4.11184000556918
134,9.1472851108284
135,0.623488202691078
135,10.8493867044555
135,3.82305475653232
135,20.0641678542572
135,2.16001902008429
135,4.39492129234082
135,2.79022438917309
135,1.72569102840498
135,2.1321548637934
135,5.2648195249722
135,9.9093623362006
135,3.69394854621446
135,2.32273002620786
135,0.261770873830402
135,0.885861062135048
135,0.411773972793533
135,2.03869561897591
135,0.448138646315783
135,3.06528991088271
135,0.899699660949409
135,11.1210096341776
135,2.08887725602835
135,5.68996523020274
135,2.56018266547471
135,5.55868300122625
136,1.0333717847243
136,9.39596363301289
136,2.47839265037328
136,7.76414351495815
136,4.34505649534092
136,1.59410329535604
136,0.239633066634657
136,5.91318384723222
136,2.35538223292679
136,0.513915887825783
136,0.270184400332308
136,6.72863046152002
136,1.06200116183648
136,0.116755052004009
136,1.02003677515313
136,1.91824623213804
136,3.59042519682503
136,2.43847558042035
136,3.45063461922109
136,8.06713238316488
136,1.17539972532541
136,4.06789579309731
136,3.69109841042614
136,4.16080851552492
136,1.38669210718945
137,1.10717619439678
137,8.8121913793202
137,6.43000084885812
137,1.23252693098038
137,3.51646367905146
137,3.59497133155769
137,4.17079754618412
137,0.0337238505399822
137,9.18041438625383
137,3.89787051805711
137,4.97204178923225
137,1.48900478379801
137,0.731021319516003
137,2.27524857036769
137,9.98896297956717
137,15.011212042624
137,2.0031574065797
137,7.96023044693184
137,7.77259084354055
137,5.73225425535298
137,2.88803568575531
137,0.97889041993767
137,17.7370535851198
137,3.17537761526182
137,0.970257741864771
138,2.25861958228052
138,4.92991817536362
138,0.174720546060396
138,0.941503599751741
138,2.20462300814688
138,5.39302766767746
138,2.57670893257512
138,0.849151506199208
138,2.60617114603519
138,5.51173211985684
138,1.80218278571826
138,1.81610565865412
138,7.0088815312357
138,3.18798403488472
138,10.0895353402467
138,8.90784076372993
138,4.35741107889867
138,4.2026305186441
138,0.993998180275942
138,2.44077125098556
138,0.786564848385751
138,2.51872475724667
138,4.76325010729491
138,6.02816803359842
138,3.09120020829141
139,2.30243857521738
139,0.856163101593891
139,3.78869452027089
139,1.19973069289699
139,1.18429373018444
139,0.51607143139282
139,15.184733121747
139,0.121593404629941
139,10.6719373067127
139,0.725702536472444
139,1.47634877823293
139,6.65849057936525
139,0.92893925686483
139,6.42931641363184
139,0.314907284460264
139,1.87580488958717
139,5.09745324940837
139,1.0946597161268
139,0.585209550336003
139,0.680067291026152
139,6.23111463596529
139,0.612949912194109
139,5.38137941600239
139,12.2788940288741
139,5.99824044832444
140,7.76291695381415
140,16.3344168282094
140,1.14543168339878
140,6.82080351260907
140,11.0686267812954
140,13.5042609547483
140,2.45485638035461
140,0.597444965969771
140,1.2293981667608
140,8.30399597952974
140,1.11199616598476
140,3.94609039162701
140,0.871109993482152
140,1.37309494337556
140,2.50211925969084
140,13.3850224030422
140,2.77904816437513
140,3.60232041662043
140,6.45786948481059
140,4.19807142979104
140,0.64062293232506
140,7.08216368669082
140,11.6308641436148
140,2.76154216146097
140,2.22694966010749
141,1.68530638443477
141,6.24126735122359
141,1.40594301512465
141,3.17099722102284
141,0.81359864338522
141,0.849856808781624
141,1.99769586324692
141,1.3221249053069
141,7.73989106937419
141,1.50843685272356
141,7.57776378611934
141,3.95134200142938
141,3.77487878616759
141,4.70948973195751
141,2.01365323504433
141,6.80282944792366
141,2.53472638083622
141,4.58492338170713
141,0.840485932840634
141,18.5505146057087
141,2.05091594596153
141,0.0837419414892793
141,1.8958552624099
141,4.11942915504283
141,6.75142205764955
142,6.78790887796736
142,3.22582418331876
142,2.97739582834765
142,0.525127536045523
142,16.4710198706927
142,8.40959731447411
142,2.46549822157249
142,1.88740670681
142,15.9945052853766
142,3.63899061458334
142,3.72486907967782
142,10.8244305308519
142,0.853638692790363
142,1.82465672492981
142,0.120366395669629
142,4.36278708830954
142,7.33364058616471
142,7.56306676152063
142,4.17844940421587
142,1.92943784752549
142,4.87182456979013
142,4.0944666972146
142,9.4545222628386
142,4.45935267468399
142,4.17185034376894
143,0.473139584064484
143,10.1851369995148
143,6.04118019787079
143,0.158756054006517
143,1.86983107414548
143,6.47268396315581
143,4.98312492368227
143,7.91265784720791
143,6.44095148404545
143,6.58573640955097
143,3.49173044416574
143,5.80762362552291
143,1.45953378640115
143,1.43965381158816
143,1.86634419718757
143,6.4054365174607
143,8.58391380826843
143,4.87675652352578
143,5.69965680108822
143,1.08267444418743
143,0.392251957673579
143,12.7133656566249
143,8.25920495162618
143,2.92145011015236
143,1.21688157320023
144,1.03945079026744
144,11.9663224817984
144,32.0236239472046
144,4.13697042015797
144,0.159271250013262
144,0.853149057640185
144,2.730302211066
144,1.28525962820277
144,1.21156174922362
144,8.85985818649542
144,3.78794511293477
144,2.29334344825997
144,6.18467273635274
144,3.30349991796538
144,4.15274343898004
144,9.83426372478616
144,2.75494358502328
144,11.6706851211594
144,7.2544810836676
144,1.79868223145604
144,2.14174348162487
144,2.17834777664393
144,1.26262306468561
144,1.17281785001978
144,3.67133959278373
145,6.13922364057458
145,5.94574676948972
145,6.40576659215099
145,8.00508772912336
145,1.65693977933107
145,5.75230697148895
145,7.9045419763298
145,1.65977209806442
145,3.0069995066151
145,0.0966317532584071
145,0.10039533787118
145,13.768635233234
145,4.37110884110317
145,0.397605737671256
145,5.99902717375612
145,8.58932916032982
145,0.585159647624547
145,5.26194576311956
145,17.0807206994834
145,10.6189374339985
145,2.56582358386368
145,1.29168387564705
145,2.91018599491874
145,3.98893716258413
145,3.13974182819948
146,8.13974388833058
146,0.164263569798931
146,4.15716792901462
146,2.05229559209617
146,4.2568973310054
146,4.36743225415653
146,4.03260786299752
146,3.33640617085621
146,1.41751536933888
146,2.89698430104181
146,6.96279254699958
146,12.6953756896065
146,1.37563159329992
146,12.0023227942394
146,9.14697415368802
146,8.43584564472449
146,0.684773742155256
146,0.874029733196599
146,13.2292414729701
146,6.04595635065293
146,5.38211986401534
146,5.18556817649564
146,2.81335526611656
146,8.52220253045571
146,7.58672044039317
147,13.9728412494361
147,3.03922474384308
147,1.56443064436141
147,3.77183812241591
147,3.88574703109866
147,1.32602400650474
147,18.0628279865462
147,4.93815770123213
147,22.2477820563297
147,4.27698145133859
147,2.82092692097649
147,16.8303233376684
147,13.5421313991057
147,3.22904899716377
147,2.11460913712373
147,10.1350311185689
147,5.236903601116
147,0.158360031463083
147,4.40517140273037
147,2.50573666999117
147,7.52860207999957
147,9.73642609971476
147,6.36008320355272
147,0.70771555416286
147,7.17708195654729
148,3.90537257285273
148,11.9905871984767
148,5.72783900606582
148,5.07262499050653
148,3.15788187552243
148,3.18168416852131
148,30.8162926865702
148,10.3402340687336
148,2.68217826960608
148,4.16982777861363
148,10.9532929857479
148,5.06912158781147
148,1.84493036242202
148,0.621516447057924
148,3.21529912296683
148,3.6864309942112
148,4.64719672409319
148,8.78965468103898
148,5.81561034989959
148,8.10047028391063
148,1.19121925672516
148,3.0185665236786
148,3.44863588688895
148,2.93755522463471
148,1.20626119492374
149,0.455536106601357
149,8.10630242298257
149,7.6490851580621
149,0.543697796472727
149,4.06391010598695
149,1.74269324168563
149,6.17627087959504
149,2.51960896483114
149,2.82393663888797
149,4.6183940445932
149,0.0405524327054474
149,20.4866268754679
149,0.267785168252885
149,4.68778413699424
149,0.36646134685725
149,4.31936635149127
149,0.038931667804718
149,2.9568239254877
149,11.0353231007823
149,2.60493549052626
149,0.10550310652132
149,2.37395657692105
149,13.0904809844898
149,3.31810218980536
149,4.77229971616497
150,23.1740076503688
150,6.07802906515318
150,5.14321362163554
150,8.79733207963144
150,0.167767715174705
150,13.3413134788381
150,7.313172770244
150,0.720313875935972
150,0.951080457307398
150,4.86386663259423
150,3.79332999382712
150,1.96318627567962
150,4.26560185363001
150,1.20461745850933
150,0.145667125315701
150,3.65706685742614
150,0.663076951168478
150,0.858533382415771
150,2.8291954821907
150,4.25102700458324
150,0.282819209168038
150,2.3833767301403
150,1.18742268288123
150,4.17194635120636
150,2.39665320143104
151,9.90840323227358
151,1.71102966181934
151,16.3981154552641
151,2.25597421405837
151,4.57699807339764
151,1.34281753562391
151,5.9160821137712
151,7.04650556637626
151,13.539195106666
151,11.5244479191707
151,16.8990790463033
151,34.305597458007
151,0.575220386963338
151,2.81907593365759
151,12.9343667154418
151,6.59315994454032
151,1.51538050733507
151,1.9472480561953
151,15.105468890161
151,19.0378273339665
151,0.259679193893374
151,4.33364387971012
151,0.967273307032883
151,0.224449954198424
151,1.51797426631674
152,2.05382508924231
152,7.46630438708775
152,7.74038593907617
152,3.1516705499962
152,0.589243865106255
152,4.03892200419164
152,1.51361866361268
152,13.6158410360323
152,0.409030665177852
152,0.547322125639766
152,0.58168314397335
152,9.36798275406373
152,5.74587334857738
152,2.22775673028082
152,11.8951019769015
152,1.3465183621322
152,4.10267765612757
152,0.724078069534995
152,10.5763622273909
152,13.7869152141022
152,6.6934456581012
152,4.71430654845105
152,31.6079627610465
152,6.75781417151398
152,2.2458767844364
153,1.8522282391002
153,2.7941991831176
153,7.81417292500746
153,1.33406516811683
153,1.12763501703739
153,5.22829532602286
153,18.4294490277161
153,9.2563757668705
153,1.81164026260376
153,0.595904875081033
153,6.4047547939927
153,1.3309969054535
153,6.61887610775834
153,3.13739191973582
153,0.974609668299647
153,1.61349945934489
153,2.55949422251433
153,2.73756961803883
153,0.518142095657404
153,10.2376837558569
153,0.875871044117957
153,6.87300680184221
153,2.90152712026611
153,5.15635673867023
153,0.746658886782825
154,5.37842135040604
154,1.85360410250723
154,10.6077596895174
154,2.54784660646692
154,5.08545292547505
154,0.857707804534584
154,6.54603453332043
154,2.66514228191227
154,1.40806934796274
154,0.347013203427196
154,2.54353748401627
154,0.33700681656804
154,1.49100237545353
154,32.9197513200065
154,0.707033346485968
154,0.493038247805089
154,0.713754713069648
154,1.42954786773771
154,1.54389244969934
154,1.70872612424867
154,18.6265944958407
154,4.53322971684343
154,0.273833002429456
154,0.245650974102318
154,5.11067962337222
155,0.554395732469857
155,2.99388254992664
155,7.05964220645738
155,6.98842623795582
155,1.78605560678989
155,0.919757972005755
155,2.99542381195351
155,4.32289615252471
155,3.15773993963376
155,2.04192335876607
155,5.24091017968915
155,1.20425537470853
155,2.62816878966987
155,10.773860862969
155,6.74220517256713
155,8.87606935653577
155,12.9791840252684
155,0.198711926043976
155,5.39499203653491
155,2.30616863816977
155,5.15263334361321
155,1.97995520662516
155,0.70503399707377
155,14.5231278604808
155,1.19098670094697
156,0.582258773501962
156,4.81134356750226
156,3.50958659758276
156,11.9755221058832
156,3.95298549418753
156,1.29556615155745
156,4.65301608273448
156,0.837798765545795
156,2.53537826007232
156,0.16342043178156
156,2.99654280766845
156,1.93803834263235
156,4.19366148745126
156,2.50776808708906
156,1.87520204577595
156,7.19846603992695
156,3.45112081849948
156,13.4427798533838
156,11.1903394845532
156,2.31658441014588
156,1.23166347853839
156,1.6201001423218
156,2.94597001280636
156,8.11031635803965
156,4.23858070259398
157,1.86453003203496
157,2.4156160466373
157,6.51664270532733
157,8.61872713970852
157,11.4739205921982
157,3.53405334479459
157,8.09046797412348
157,1.22375953244045
157,19.0743376583535
157,1.06034321011975
157,6.92464086671776
157,5.92372051419175
157,1.85821695718914
157,6.891445684968
157,1.41859862720594
157,9.88958693998766
157,0.144363578283394
157,2.51732635078952
157,0.216329495888203
157,1.04738042843981
157,8.9496813244642
157,17.524650794335
157,0.656776814866075
157,1.43806437728927
157,1.85337562812492
158,0.897688372060657
158,1.53775599552318
158,14.2004532158683
158,3.07418581563979
158,13.5427043115007
158,12.8960253571378
158,1.26935311546425
158,2.59219879284501
158,0.915856338279001
158,6.24100064372128
158,13.8079921988057
158,0.973778448533267
158,0.829044911676837
158,6.70646693070835
158,12.1745501172947
158,2.21421819802809
158,10.1044021263243
158,0.660316764842719
158,4.73072852364226
158,0.0570456823334098
158,0.4764643474482
158,2.50312027996951
158,6.38264551852649
158,0.779063855297863
158,6.44865160321301
159,0.0692911865189672
159,0.634786691516638
159,4.45076480952507
159,10.6973633256959
159,3.72283964556272
159,4.1379667863012
159,1.66282859201009
159,2.61314865854151
159,3.27346602221951
159,11.725371996206
159,18.4410936654288
159,3.84434247800244
159,0.118232414066323
159,2.2818437195383
159,0.8639584062621
159,3.02450288552791
159,1.9735722791072
159,5.95656590515232
159,0.287560446221862
159,4.2703596500442
159,2.29730793274939
159,1.20386953465641
159,4.2912092298327
159,5.89404534993178
159,7.73364630071716
160,0.12070176191628
160,6.67814078719771
160,2.88986341794953
160,12.3688548331367
160,4.2576663054288
160,2.21349857182584
160,3.00372221739963
160,11.7129488189923
160,6.82922472224987
160,11.9122076307641
160,5.51334092838174
160,3.31754869082943
160,2.00630337232724
160,6.38373942446231
160,1.7819404285317
160,1.34664676617831
160,2.22127541201189
160,0.998874697834253
160,1.70164101757109
160,2.97360317781568
160,14.0637195516013
160,2.98718777019531
160,0.488128315191716
160,10.1550506051154
160,15.7527753329816
161,0.234507394488901
161,5.74318204144303
161,19.8314961681765
161,3.15787863917649
161,5.66166377605355
161,9.85937491017294
161,0.766989865714395
161,0.869163000024855
161,1.13494603719403
161,15.2602396524491
161,0.726621693465859
161,2.25036559393629
161,12.8410548989879
161,1.5155175559832
161,4.2806904807449
161,3.29704655800015
161,19.0465631604868
161,22.1735751057479
161,9.0426969058336
161,7.70068555096996
161,2.61301412712783
161,9.84953362146449
161,0.460833765100688
161,6.67156995253122
161,2.17458512836843
162,4.08849793465293
162,6.39992236138737
162,1.49741239682102
162,2.83363556256518
162,1.22440665698777
162,7.64204101638018
162,2.79929294949397
162,4.92030927718713
162,1.35547351557761
162,5.40397288256741
162,2.69636711571366
162,7.66795128541899
162,5.23396628887808
162,0.984122646041214
162,2.34111819881946
162,5.931094889319
162,3.13537051202729
162,1.18338920855183
162,5.13525003546333
162,1.66758589664454
162,6.77228004184967
162,1.08678900546515
162,6.93827538101906
162,7.32275262670438
162,7.31060105810237
163,1.94212969858199
163,15.208311638886
163,0.323009558487684
163,4.42654416327499
163,1.18766090134159
163,1.01391160394996
163,0.0692896218055168
163,0.569368224913485
163,1.4698081690456
163,0.974482446908951
163,0.170086806543499
163,1.07868594350293
163,1.08101343736053
163,9.82761828186822
163,4.5107459007272
163,0.830686239406627
163,1.26521405682783
163,1.68488961824806
163,1.96788578294218
163,1.36035040503584
163,0.650171225424856
163,21.6006575419582
163,1.42094512237236
163,2.4559442518256
163,4.64129897279149
164,0.0578823243267834
164,11.3810633325015
164,6.79145921932018
164,0.039487408939749
164,2.49651382677257
164,0.0315411925271815
164,3.14671656582505
164,2.18440701253712
164,2.77423399267718
164,0.441875381956591
164,4.08912412801242
164,2.52742623677477
164,20.5842668086964
164,7.80410093508789
164,2.18511666404083
164,9.799536531371
164,2.53293792752493
164,2.34306999482214
164,7.60822018501572
164,2.88257436593994
164,7.35074385384342
164,10.1227980475397
164,0.107649064157158
164,7.06831910605443
164,7.53982769050611
165,12.8403467206118
165,2.32971532503143
165,12.5534506415235
165,1.98550067842007
165,1.74011019058526
165,1.39342953450978
165,3.36373681901023
165,4.92630076107985
165,1.22579440940171
165,4.17920197038754
165,5.6968846589089
165,10.0585413719983
165,0.738900974392891
165,9.87569202626956
165,2.24666339810938
165,4.37793125843114
165,5.69024486446238
165,1.73678476829082
165,1.80032023694366
165,5.22695264292365
165,10.9856486593591
165,4.00677295846349
165,0.734792347066104
165,3.62078421262509
165,0.582747985608876
166,4.87158774822869
166,8.3493883531065
166,11.0797728360397
166,0.517472812981039
166,3.88684526904326
166,3.26407402288169
166,0.0325606358137403
166,11.608095130326
166,7.21737693953228
166,0.381651115603745
166,0.30026974998404
166,4.50757912841613
166,1.29656260833144
166,25.3826054264058
166,2.13209525682032
166,7.9011362973125
166,16.9706251091304
166,9.6444395925374
166,1.10141269396991
166,5.59279538670039
166,0.98737264982049
166,2.66746331618766
166,0.0133595382794738
166,1.21352509216482
166,4.0830178863301
167,7.99678663681162
167,3.25530384434387
167,2.37748279934749
167,11.3300126691567
167,0.0887191900983453
167,0.370099723804742
167,1.78610996343195
167,2.81471432652324
167,16.5772751710358
167,0.873191042337567
167,1.611672276631
167,5.24776977465904
167,1.18587255943567
167,2.91119320783764
167,7.8098440818013
167,13.1246110324966
167,6.4725062062726
167,0.572580173611641
167,1.2391316704452
167,0.119079458527267
167,0.957653667151452
167,1.38655973598361
167,11.1425306548582
167,3.88175421839064
167,1.81537609547377
168,1.86527345795184
168,11.6800548595594
168,4.89488582485793
168,2.9634215706028
168,1.59457832807675
168,3.52689979576922
168,2.02559961998168
168,10.4311461088465
168,2.89532772731036
168,2.01942958636209
168,4.07901166685221
168,3.66618916836983
168,3.69727950098653
168,2.93878311756998
168,0.124893542379141
168,2.55845109347135
168,5.55031042059368
168,2.63447276607759
168,0.558033653892095
168,0.337966030929238
168,0.28737133834511
168,7.89557736324978
168,1.43952318234369
168,0.74206561781466
168,0.946075663246031
169,8.57098230118764
169,0.930210364523464
169,16.1163908234777
169,0.356942636426538
169,4.13274220274285
169,3.09284508228302
169,3.63439909846056
169,3.76214186639941
169,1.97026030626148
169,2.11384185124189
169,1.67632147759449
169,0.519641826394945
169,6.54572329928583
169,2.13533078785986
169,8.04001088943245
169,6.53563735985613
169,4.52232853954142
169,1.71555221546441
169,0.392652886943645
169,3.34865153767169
169,8.33855781662178
169,7.30808100026282
169,6.01207847220308
169,10.1106579225035
169,2.26938422536477
170,4.75206490119404
170,9.51069345655751
170,5.61269964080875
170,0.590944751165807
170,19.1389832914549
170,2.32580877374858
170,4.42824519684023
170,9.5234047094871
170,0.750211515748752
170,0.318650652295202
170,18.4641095519739
170,3.28407262451947
170,0.977946079790056
170,0.576001692097634
170,15.1184650807688
170,5.77039925826198
170,5.91909689342088
170,2.51648968085647
170,3.52660919052965
170,1.60467005567625
170,4.23866247737265
170,10.8720087719368
170,1.50835549226031
170,1.21246628443544
170,1.18016316726745
171,0.406097945008408
171,0.127034654657077
171,4.56695551031685
171,0.663958600572959
171,2.80071220360696
171,2.89797248784453
171,5.89706883744753
171,0.880616351496428
171,1.23396556358784
171,0.325644891709089
171,4.4019372014091
171,3.68413543307638
171,0.654653690289706
171,4.81099326608187
171,1.62893953965977
171,0.383780156262219
171,3.48388513063496
171,2.31181965209544
171,7.31669612186861
171,0.40902242064476
171,4.68072379452592
171,0.101530808024108
171,2.81527935856517
171,2.61647177860141
171,0.799641518387944
172,0.641645984724164
172,1.73992238240317
172,4.29331119616932
172,0.718088184091895
172,1.23033832488672
172,2.95778575818986
172,2.26111769868752
172,0.400181298102491
172,12.3739654471384
172,9.85802054363203
172,0.10747151914984
172,0.673772055383017
172,8.88392233247769
172,1.80606534471735
172,14.5208292446079
172,6.59755042733109
172,2.29542371584103
172,0.828977061901242
172,11.0266865876721
172,1.53302869882009
172,12.0447984424638
172,3.87580372372127
172,2.82590289833024
172,1.73832002880731
172,10.7842927154798
173,1.36439641985692
173,11.2767025799645
173,1.82474899571389
173,7.77348747992107
173,1.74987662350759
173,3.61865762134498
173,0.565086328424513
173,2.1504480112344
173,4.6666124941487
173,4.83275102430439
173,0.822711975779384
173,0.67040555349077
173,2.11251485161128
173,0.732837044985622
173,0.554102072492242
173,4.20811661498106
173,5.12916508109725
173,15.0848006448689
173,1.39043268432075
173,2.31525191882348
173,0.598177146820251
173,6.90947025993323
173,0.0688899738216594
173,5.23783505407578
173,2.05499617848545
174,5.6862080579913
174,1.99433406086106
174,0.21656432421878
174,1.99359622085467
174,1.52651306474581
174,6.53571156763888
174,9.40630598378892
174,8.56277079279435
174,1.78694072412327
174,22.8194774115894
174,1.88935433048755
174,0.79962105024606
174,2.58428721117144
174,8.74132015700352
174,2.03251159517094
174,5.10591848098097
174,1.25909799020167
174,0.171509254723787
174,8.1378881722213
174,3.70188243666148
174,3.54836652500039
174,0.469853153545873
174,6.47048897554583
174,4.19892951359457
174,20.9891296351764
175,3.47489697837687
175,0.0251432694494724
175,7.98993320647851
175,0.722322433721274
175,1.49409948615357
175,1.21162280100715
175,2.50895374687389
175,16.8429883933606
175,1.54301230562851
175,15.9540325328725
175,2.03866460826248
175,4.91601413094854
175,1.53221256099641
175,0.242457373215447
175,2.84113993635401
175,12.1261159417437
175,4.3155613823566
175,0.107195530642238
175,16.5325235196587
175,10.1739791310848
175,0.961078211484143
175,7.1156045417757
175,2.0937681524083
175,5.83327862413085
175,1.99033183977008
176,1.14257301203907
176,5.40799012852317
176,0.238868921323806
176,2.13765509659424
176,1.04593366850168
176,1.93929970264435
176,2.95494256773964
176,0.817017040681094
176,0.431783916428685
176,2.3246632819064
176,2.27958165109158
176,17.5314242661673
176,1.11628698883578
176,3.07392692193389
176,1.83688319608234
176,1.36396958492696
176,13.5383039986001
176,1.18614689214155
176,0.113650148268789
176,2.63118089628981
176,8.51411209399712
176,7.22914244006288
176,1.77614980222987
176,12.2541528104401
176,2.01408019915948
177,1.02708105230704
177,1.8936292986027
177,1.9791561178863
177,1.08898892127962
177,5.04037455168969
177,7.86016679326904
177,1.16582138698539
177,0.291774063371122
177,15.4025068317354
177,16.3115591919961
177,0.542459065247264
177,0.331779406405985
177,1.66886920346367
177,10.9762875455479
177,6.0447461249069
177,12.2350411576437
177,0.367294503797158
177,0.788729993027384
177,10.4100200248169
177,12.5755224650012
177,9.89615079904807
177,8.74514988898188
177,4.95150067822492
177,6.21405450606203
177,4.45849669144905
178,3.57772552760713
178,5.7174262713292
178,0.601929468102753
178,5.05372385007745
178,7.76969950905686
178,0.734839795622975
178,2.03848606906831
178,0.339902606614304
178,10.2508271481366
178,2.67843845533207
178,19.9586521357971
178,6.48923287147141
178,1.86531841987744
178,9.72698881248844
178,0.386656469199806
178,0.204203487373888
178,1.74193859798834
178,5.63521231598969
178,5.46086754628873
178,6.52247556464231
178,5.36357567624605
178,0.546521786737144
178,12.9934993286835
178,0.911648834266747
178,4.65338405792771
179,36.9315122605717
179,7.07954161758435
179,4.21778195050961
179,3.82408858737224
179,0.0855897134169936
179,2.35009593423456
179,0.00317875295877457
179,1.23022977592063
179,3.72651979771859
179,8.62957115221449
179,3.50963653542895
179,1.94348380435258
179,1.41994733306877
179,14.2758588111939
179,9.34679252984834
179,1.75036019878462
179,1.29253789434716
179,1.2165138986893
179,2.11581449955702
179,4.04365907402194
179,3.0225072405301
179,12.2709985723006
179,2.64379947679117
179,6.49137882960445
179,0.930726354798727
180,10.2005200549485
180,0.0929013662971556
180,11.7611637246829
180,9.79476639027608
180,0.552933686636564
180,0.491610886529088
180,2.1972685030341
180,3.56997301315373
180,12.463035666685
180,2.12428098078817
180,7.4088503416152
180,3.04808222223073
180,0.917459311895072
180,6.14217656177884
180,7.84525287295592
180,12.0632788159668
180,0.24863782716887
180,0.280122961848974
180,5.09303800275034
180,10.6163867277311
180,22.8117572689865
180,4.03679946882135
180,23.0156440151585
180,1.15872559370473
180,3.95964091569678
181,18.4584245152077
181,2.88610933115706
181,1.34424402078722
181,2.88246515672654
181,2.18920345650986
181,0.537638759590467
181,7.77319068047118
181,18.4355488710243
181,3.10028810519725
181,1.6572240437381
181,10.7595205580102
181,1.38209635515226
181,3.84010099784887
181,1.60316489636898
181,1.36778987478465
181,0.22702171234414
181,2.99996825866401
181,16.8903654432836
181,0.528213809874511
181,5.12548193285663
181,9.44085340904904
181,0.233807292903676
181,2.24465375533327
181,0.850173212116143
181,1.78822261128291
182,4.79553363221413
182,3.60131398288018
182,0.10299702954265
182,2.41314721526578
182,1.49872693000361
182,0.771149434078455
182,3.04856092436239
182,0.952159297760879
182,16.6822411856594
182,1.73380431486294
182,9.865455077541
182,8.80939657004805
182,0.116082145832479
182,5.04218193681395
182,6.67145709951824
182,2.01591947581619
182,3.29187688417733
182,10.8923281070994
182,1.26884010620415
182,5.10106018723405
182,5.40062771623439
182,0.34133548848331
182,10.4621920400523
182,9.57781828897905
182,18.5777385056692
183,40.2076314832262
183,5.3919017173112
183,10.5816081285429
183,0.054129905483815
183,6.00507311501956
183,2.89951256709173
183,0.0178509904071689
183,3.87184682726948
183,0.789943451527506
183,0.130066972336715
183,0.892789822537452
183,1.69512454187497
183,3.19717870326713
183,5.38294324626361
183,2.98075110418722
183,2.93393577681854
183,3.00335353706032
183,7.2597584019279
183,3.61288380107843
183,7.17479100408864
183,6.50176527828907
183,0.149124231675352
183,11.0296783520062
183,0.665348223584198
183,3.3628750545904
184,12.8893478301572
184,0.217396384105086
184,6.17152503670609
184,8.71515070046198
184,0.0146493842362398
184,1.58366665709764
184,0.307327841464652
184,9.2879967759819
184,8.67382933208675
184,5.526256034872
184,2.16278186300769
184,18.7497736782509
184,0.234214541356691
184,6.80496449095613
184,7.47467976021481
184,3.08898217044771
184,0.8362797441235
184,4.09732052104032
184,3.57195830871684
184,4.51046066337681
184,4.213246977678
184,5.72013425982647
184,0.0227597029359889
184,1.55559197301045
184,0.0267033278942108
185,3.22187296114862
185,7.6830972168119
185,10.5313954589175
185,9.68977349768293
185,1.33090093763374
185,4.21451896873719
185,0.810039695257655
185,2.71182499360293
185,7.29591606729409
185,7.20376681885614
185,4.43792828461054
185,8.04057780611229
185,5.54297212490297
185,2.64904209412634
185,1.70452324673533
185,1.30831607151777
185,6.9359800611204
185,1.56564487610012
185,8.28152185293842
185,16.3808602640723
185,5.05168368111486
185,2.62154097203165
185,8.21866583968413
185,11.1424328669204
185,5.27242406716055
186,1.23989774845541
186,4.39750944634966
186,0.322290998631267
186,0.472108749111146
186,4.22251834978765
186,4.00503923164165
186,24.2063454712246
186,0.167599480186108
186,6.9719622419098
186,4.62930124879475
186,31.5513061620017
186,1.88772690249607
186,7.90566948200476
186,9.41317593636823
186,1.52016690958633
186,14.620862751359
186,3.86654762830829
186,0.378220023121685
186,8.43837302867731
186,0.44934947949631
186,13.654012819122
186,6.30898112410164
186,0.745819423380855
186,1.13273339206637
186,3.94093257429687
187,8.05664885747147
187,4.3126751759783
187,1.44938200013712
187,3.4819147500903
187,2.51987128470754
187,3.3896225458011
187,7.07242399976371
187,1.28565855091438
187,3.99327976142472
187,0.0650213624557696
187,9.76346355820906
187,0.298393352387774
187,7.59575157384289
187,3.27077816706151
187,6.64752258898175
187,9.7490926460804
187,4.63909513761705
187,4.8357638993994
187,9.52093865379189
187,5.9564039481566
187,14.1739641380622
187,6.81335008216506
187,14.8485950222522
187,0.216637861449271
187,5.21172646877772
188,7.84510492305172
188,0.236875216942281
188,0.94414462801069
188,0.0716205200336879
188,5.2031091226027
188,1.51657392736524
188,1.72526645241305
188,3.75841488533926
188,1.25926959095523
188,4.13569342789656
188,0.94230281189084
188,1.42211589030921
188,3.18465021904558
188,2.23660375760159
188,1.69102373992224
188,7.48525988373757
188,3.46515957731754
188,1.98081876280922
188,0.12193454618888
188,0.0180816621814598
188,1.49969722609967
188,4.49643367414779
188,0.142868429064048
188,1.11449889373034
188,5.14096216077713
189,5.63415871912098
189,0.354675792623311
189,0.0114231968976083
189,2.66387640731409
189,6.96352677377773
189,15.7362848139348
189,0.258857765462757
189,9.65680272276414
189,6.9403282468392
189,6.05960685273117
189,4.95368129087097
189,7.7726615972395
189,1.36689432263955
189,1.11756971129993
189,0.891671911813319
189,5.73877149706191
189,1.92386172711849
189,0.516448803246021
189,1.95277570981476
189,1.27707725856453
189,10.8269421465948
189,1.74128177110106
189,6.02678651891599
189,0.0634336518123746
189,4.71180341651148
190,0.464798980392516
190,1.09148026444018
190,0.912407198920846
190,3.99254282915449
190,4.12226540015495
190,18.4563199477993
190,4.70844416858113
190,7.29845999698055
190,5.22827867863184
190,1.35563753155468
190,3.39180777780712
190,3.21995619218796
190,1.61937574390322
190,1.16160565754399
190,5.95051742603487
190,1.93173758452758
190,6.2716343438015
190,3.27455357182771
190,0.202513346448541
190,0.65363212954253
190,0.959672632161528
190,1.55791394179687
190,4.98017408398396
190,0.285518165703179
190,3.89218085424459
191,1.55503486030606
191,0.481200581416488
191,2.56868542900175
191,1.84683606410574
191,2.58212559157982
191,7.47969500678492
191,1.795300883241
191,1.25131180742756
191,2.00479146640903
191,1.34452344999026
191,7.54585453735592
191,2.45098167158338
191,5.20653318127102
191,7.6492723911525
191,0.976286278215812
191,0.222625108101536
191,10.1276234562496
191,1.99524343013763
191,1.22206416883089
191,5.14519957804537
191,1.68113996973261
191,1.24557815559206
191,5.32815118299282
191,12.825545714538
191,0.0559236342087388
192,13.1522323091732
192,1.48927403613925
192,7.44284068192256
192,1.89770714612678
192,0.706776251478217
192,0.180922283325344
192,2.53207868197933
192,3.94673185814554
192,0.682396655902267
192,0.348503694403917
192,5.42336425722993
192,3.00009375903755
192,2.42088981438428
192,0.155348263050626
192,3.79688112509853
192,4.21587847152209
192,10.4100738738881
192,2.32233802322298
192,5.37310029359019
192,2.061324454844
192,1.01303238421679
192,0.455680549265613
192,5.57849444631941
192,14.5024704225666
192,0.0812639063224196
193,33.1437718011161
193,0.0204076641239226
193,18.3383044124323
193,8.62165856836614
193,4.70479549854828
193,2.1589544788003
193,1.34747249496412
193,3.35474574472755
193,3.63264111050913
193,2.96881067566574
193,2.90002474794164
193,6.82911899385458
193,0.561532757710665
193,0.748778658453375
193,4.26662801180488
193,1.1348289786838
193,7.09984946953964
193,3.90124373289644
193,7.3486105627836
193,5.42011964113867
193,4.99266767374804
193,14.2164398485483
193,13.2595687260138
193,5.73913122971958
193,14.4736444941702
194,6.879332056059
194,4.04650587642415
194,0.545499783474952
194,3.86361436431712
194,2.58490967579699
194,14.8816869772019
194,1.0529528488405
194,2.61943638731931
194,1.56571738654748
194,3.98692007621235
194,5.58135074076659
194,0.381872427968879
194,12.4807390843736
194,9.70026722135854
194,15.9729546300116
194,7.28959920774114
194,0.819611519109458
194,3.92315475174338
194,3.45963367260993
194,1.01297822533565
194,14.1850628339015
194,5.46606215627349
194,3.18837395403534
194,1.50987765286118
194,15.8283671728315
195,0.0254468629684626
195,4.04855763518667
195,9.27142118061793
195,2.36957102103744
195,0.983145602782168
195,0.270849359221756
195,12.8934975800322
195,7.95257129886152
195,4.0157150904258
195,9.91684012072992
195,2.83537386916578
195,8.0684687751801
195,1.33583680260926
195,2.53881341295598
195,0.0530836963450451
195,1.97199183050543
195,3.06246178690344
195,4.98838007429099
195,2.23011610098183
195,1.51980887632817
195,0.239990653417233
195,2.21178296720609
195,0.014977881219238
195,3.45857034204528
195,1.42022456042469
196,12.9967346501755
196,11.8321281758355
196,4.0701886454055
196,0.485022471521945
196,1.41271759755909
196,38.5757226889672
196,4.40249583197242
196,3.44514498952776
196,12.2375775215434
196,0.447000641611028
196,2.28412597207353
196,4.36230358340293
196,5.24873212890184
196,5.77499533383241
196,4.6501868482351
196,4.84215225523204
196,1.05551015585661
196,2.21129648620263
196,16.0540448923099
196,3.10611428460106
196,1.85807104920968
196,0.188580953981727
196,5.51497296409166
196,16.682215220386
196,8.9062618147844
197,5.87086373453444
197,1.06725081613201
197,11.6616042976486
197,10.5997953895561
197,24.6075339748573
197,15.5501123136821
197,18.326132490395
197,4.47550020625299
197,3.33669653628021
197,7.69815775523794
197,7.07383236452001
197,3.86970265747464
197,1.60228878942593
197,14.1942414632978
197,2.29699280811474
197,5.60811272335655
197,4.53913415761149
197,3.95552437684942
197,18.3858713776547
197,2.68564589554444
197,7.04263809095037
197,3.28462845645845
197,0.621769314166158
197,0.644033660646528
197,6.46378335521972
198,17.723163095184
198,0.170176397077739
198,8.8458265749345
198,2.7757217688486
198,17.0726151642407
198,4.85994125695384
198,2.46579252881929
198,8.32584023782224
198,3.46797355429685
198,8.53128975827275
198,1.17864601550085
198,7.99667800734651
198,0.54956188891083
198,5.50394559723741
198,11.2652543832766
198,0.5853859661147
198,0.127281853481183
198,3.34072051569819
198,0.721996184438467
198,7.14809781070197
198,4.66664058600968
198,1.72156344400719
198,2.22446479368955
198,3.27659349190071
198,8.31713361623597
199,1.16282207998553
199,2.10513929603621
199,0.230080164037645
199,1.73951403936371
199,8.16176385576737
199,2.71489582490176
199,4.46941554991013
199,12.0007239368962
199,2.17766806716099
199,4.89037213360375
199,18.3039321274239
199,18.8419126243073
199,0.571773522533476
199,1.93531879922375
199,0.955447575098432
199,8.67760824928892
199,5.59450366047627
199,10.9572970953988
199,0.633191647238006
199,3.76266081796444
199,1.74608077756928
199,16.9105966008248
199,4.97251819495628
199,3.86799543981421
199,1.64987686090171
200,3.51215688956386
200,0.448474390252548
200,6.37235000805524
200,0.668349293991923
200,11.8365061780827
200,8.45178949604643
200,6.88762619139111
200,12.591108297299
200,0.969590849708766
200,1.3629550812766
200,2.80701245680574
200,2.61389513732865
200,4.29885940139598
200,2.77326745912433
200,2.33236770573464
200,13.5524263878571
200,1.47772702435018
200,2.59597476463556
200,6.48313821272409
200,10.2375950473816
200,4.75621565689749
200,1.42850842792541
200,11.55196913455
200,1.69101529217709
200,14.7307814276757
201,1.49498283693418
201,1.28542045481414
201,10.4676981915938
201,0.0309223332442343
201,17.6180396497923
201,13.322009005885
201,0.496607644017786
201,0.51952640991658
201,6.21391910107291
201,7.22116567152453
201,0.296869163867086
201,4.12042904158539
201,7.95383114325714
201,2.80172125902027
201,4.30188720093525
201,0.0698179298599178
201,16.8071390680017
201,6.53295482487834
201,0.98207829752937
201,5.19873793681568
201,2.91380962589756
201,10.0100710890712
201,13.3073886011945
201,10.6113295320005
201,5.15941140686578
202,10.4735588995515
202,9.90627681794477
202,1.74346327781677
202,4.31840585989362
202,8.17418104926956
202,10.8271490496801
202,2.16751112835482
202,7.37288372549129
202,0.274346903897822
202,0.486193040603841
202,4.51551684157407
202,5.71366495334707
202,2.6731276725442
202,1.62159300409257
202,2.73254184518009
202,1.54676207108423
202,0.0801245262846351
202,2.85660466412082
202,0.378375378597939
202,6.34451906175769
202,6.78234074709422
202,1.08044603832699
202,0.461512675974518
202,0.986059962306172
202,4.33246207868165
203,5.98048826658583
203,3.90653789488083
203,13.9933639383855
203,3.96106302717185
203,5.87382266742593
203,5.22418111541724
203,9.82544725718808
203,0.652031942736357
203,1.55517763760858
203,2.98871506936848
203,18.1862263383351
203,1.47614629706368
203,6.74751675201064
203,12.8637894516097
203,6.58977863357818
203,8.06456369305861
203,3.09634090168402
203,2.60043289745227
203,1.17449608752378
203,0.989115678239614
203,1.22064417864099
203,2.17844939557835
203,1.93123994385839
203,8.07565918150258
203,3.10573781374842
204,0.0162490410730243
204,0.888177116894681
204,9.40178426871908
204,13.5608847153591
204,8.15139236938557
204,6.08066275694823
204,1.75400612462186
204,3.8643163269701
204,3.21986538590863
204,3.66993422133333
204,2.59252829844857
204,1.22302400019909
204,7.59207690149396
204,2.57975733140483
204,1.58713503308567
204,13.8028075446593
204,5.63575563212625
204,0.595578309258497
204,1.93487994321476
204,6.98559790807677
204,2.8166590584442
204,0.16388907784289
204,1.38585874345154
204,17.2583417586031
204,0.413563291397471
205,9.57937610293639
205,3.68814304915673
205,0.985502735711634
205,7.04470029058767
205,5.25600331060756
205,10.9121182834016
205,1.29597464343533
205,1.60836656577885
205,3.38651150232181
205,2.99135671142705
205,1.16899025859311
205,3.02563444478437
205,0.773008055824303
205,3.9491879751668
205,0.107312211766839
205,8.34275326649559
205,0.895196420606226
205,2.3757765196624
205,6.89283313674337
205,0.183765137442694
205,3.8539510582487
205,6.20242866321695
205,0.79732053243059
205,7.30371216198986
205,18.9692740692399
206,10.4406541672753
206,6.29892496371126
206,1.32498890636469
206,1.4015069976449
206,0.408315788954496
206,12.973251537721
206,4.93590941631651
206,9.48973912703705
206,3.36825466714799
206,0.576557647436857
206,13.3029986818539
206,0.226335924399597
206,10.2245407361062
206,0.26140809122864
206,9.45258496287179
206,0.787531842943281
206,3.58396077288196
206,4.88880875965065
206,8.43839635055433
206,3.2394007046367
206,0.00363226979970932
206,6.18569239021695
206,2.36808548215777
206,5.26855972574508
206,9.69255378323427
207,5.30797041465944
207,6.260103136091
207,9.25807673442078
207,6.28118535948402
207,4.45309829735293
207,0.322965902741998
207,2.23889421671629
207,2.71477079251781
207,3.81684136290892
207,25.2067186761845
207,0.935188725125045
207,0.734638870997136
207,4.92066176820978
207,6.87684349694705
207,5.36476866321123
207,1.48224459728226
207,3.38265417143703
207,4.01595924712561
207,0.00945955980569124
207,6.56265485079444
207,0.851374620106071
207,6.55124872901893
207,18.5649411649185
207,0.466102100908756
207,0.329624650894788
208,0.371203704271466
208,2.95153788523749
208,11.6985622694002
208,16.3243248305264
208,1.89001997225128
208,5.94686168224967
208,5.84039967486119
208,4.4798713070288
208,2.08441891008988
208,3.738311541129
208,41.1054347898058
208,1.17757641589606
208,0.749240894801915
208,14.4163058317246
208,3.30446061911061
208,4.12326363825655
208,9.44431160534632
208,1.30355083213771
208,3.6772946405918
208,3.40929988306016
208,3.51748203761237
208,6.12600614595037
208,4.88815098530878
208,1.54152943752706
208,1.23575685545802
209,0.186062222346663
209,1.5091693145223
209,2.2813903586939
209,3.98365845310771
209,3.97838405512534
209,2.197968037799
209,7.07695266898768
209,12.0365657557951
209,5.17352358576795
209,2.22024541115388
209,11.2593556400227
209,6.9813127997787
209,2.8433490707539
209,5.71840813828117
209,4.14957210400558
209,4.09471000989384
209,6.36764885836697
209,15.325683428997
209,1.4903555706059
209,0.0581127870827913
209,4.9607573351729
209,3.88617891331619
209,0.0651623822657861
209,7.03539298005223
209,6.80549637859172
210,0.0778256403282285
210,0.477198876906186
210,12.2329968859659
210,8.61128642181766
210,0.118943168885418
210,1.78954596165568
210,0.261630557662927
210,22.5120294129986
210,2.21264792140573
210,1.93181523354724
210,1.38262510998175
210,4.79235453510141
210,0.930558628849284
210,1.64088941374366
210,1.11398775363341
210,1.14661745959893
210,2.15914974687621
210,0.321153872646391
210,0.870373756635713
210,10.983497769873
210,1.73266210127622
210,3.84968741310245
210,1.24964377144352
210,6.88490191453552
210,0.151530054863542
211,19.2614288896996
211,1.83806576998904
211,1.35147458873689
211,22.9079232538555
211,7.43563638958049
211,1.8199484795332
211,6.97796326088619
211,14.3824311851742
211,7.3900373834641
211,8.06475305887771
211,4.16696338976836
211,5.47874827382571
211,6.05606062316752
211,2.94388565467671
211,1.98992316542147
211,11.9700323877143
211,3.54359944287418
211,0.762689182322636
211,1.83965843869373
211,6.16927315460003
211,3.67795244476255
211,0.0467207076716101
211,0.609992195955615
211,3.86408023049539
211,2.80200166394934
212,1.83123472379521
212,1.26957036554813
212,3.10481728753075
212,11.3824855796733
212,12.6455765048721
212,7.30436925734294
212,1.54973761895589
212,6.72372247071421
212,0.0357918674126267
212,0.971335854846984
212,0.465601700924189
212,3.96150931694961
212,5.65960730405009
212,5.60942250748581
212,1.26366306405098
212,16.5028354517164
212,0.027241043322765
212,9.36321672010136
212,3.24297014158219
212,5.05118981281242
212,0.821416316183313
212,0.425633214063614
212,4.39201377776867
212,1.90761122852564
212,2.93900306336582
213,3.0797011568211
213,1.11203514505178
213,12.7550105651127
213,3.86932415866709
213,3.43169565079734
213,10.4502654721247
213,1.59191446611658
213,10.2776671103658
213,32.0161341763755
213,11.6396987897562
213,5.18263296203172
213,1.14482367411256
213,1.16704471874982
213,4.4467160900391
213,10.6557020445572
213,2.45631697354838
213,0.13385737770729
213,0.726404603888316
213,0.760426002426795
213,6.56625691314644
213,3.35720280883834
213,12.8575396624612
213,5.70595637874162
213,0.239345761947334
213,7.97630665781808
214,5.46322708462781
214,2.04847747925669
214,1.84203216340393
214,9.51608541379583
214,11.0271468659149
214,14.6573686723204
214,8.55446718925545
214,0.955585271972681
214,0.834130171027989
214,4.87473778405643
214,5.72660271523005
214,3.91487879462086
214,3.21105605224147
214,6.84745690764344
214,15.6015591687503
214,1.48855331121013
214,8.56966067994845
214,0.342701051849872
214,1.46059541031718
214,11.7023790900813
214,4.40552351288229
214,5.55845927312895
214,8.61030203248274
214,0.794719399418682
214,1.95698855211958
215,7.86190527449262
215,3.18911098409444
215,2.067527808249
215,9.15161133701813
215,6.29005838164544
215,1.48224843200296
215,1.24282677192241
215,3.33151077153161
215,1.60047565586865
215,0.918937749550696
215,0.241241527255625
215,10.4706460114757
215,19.0623823822218
215,8.06975397105163
215,4.69774434504769
215,4.35389087048775
215,3.32525396952406
215,10.5647416685926
215,4.33192213510579
215,19.5514732123095
215,6.01915088926858
215,3.13352742698044
215,5.34652140104848
215,17.8824147850949
215,2.63238585786894
216,1.24511507805437
216,4.64538592358536
216,0.726131906267256
216,2.47123610926792
216,20.7150294155556
216,4.45440569828063
216,1.76268134033307
216,8.27912939670396
216,3.91294330337501
216,5.17600228604876
216,8.26155308592033
216,15.4763422897997
216,2.94695197138935
216,9.29393275598896
216,2.44599363068119
216,13.1768832628833
216,9.16430403191196
216,16.0788412869707
216,0.870484780454646
216,22.446459504696
216,7.78031541923893
216,1.16309375269338
216,9.15699228697801
216,4.9823705756799
216,1.822820964735
217,3.7519898776767
217,3.8334003088758
217,9.6173527925731
217,7.7316291052165
217,0.814552733208984
217,12.9679283887566
217,2.55135802552104
217,1.48231259547174
217,5.83261651187872
217,5.13911251889026
217,17.4393930555064
217,5.91497085967517
217,3.11303675873205
217,9.4251392591269
217,0.960996018256992
217,0.470252998420534
217,4.24214071573174
217,1.53740395056888
217,16.7526706672254
217,7.68233101772976
217,4.29073674435563
217,3.08115038555115
217,4.22494322971857
217,12.0969927921102
217,5.71179142200804
218,7.28960145222855
218,1.41584037570283
218,0.439122780226171
218,15.1223289958181
218,0.677595364395529
218,2.81788666034117
218,3.90257783213115
218,1.55839494429529
218,6.59374042393124
218,4.27357939982271
218,3.62974116881048
218,0.938146898988634
218,3.11765313148499
218,3.12039354583248
218,4.13255390170448
218,5.24742624692736
218,3.08353956788778
218,1.26129309671619
218,1.6094554645706
218,13.1472564389216
218,2.03622808447108
218,6.05550280289296
218,0.0844274057828383
218,3.57514202573753
218,1.12755363807082
219,5.51019050159907
219,4.50095216256982
219,6.32384290367149
219,2.34746619826183
219,4.39678248928344
219,2.97234698104413
219,4.79705553946501
219,0.859771387185901
219,5.41647058890617
219,3.42577166389674
219,3.93032920525825
219,2.59630942251533
219,3.49363177104263
219,4.99425698599398
219,0.960599892713567
219,11.5603524391537
219,5.35640021299428
219,4.68348269795483
219,2.90901125562508
219,1.84771919855848
219,2.24646461894736
219,1.49358426507455
219,3.57133301661024
219,18.6468380213457
219,3.35635127266869
220,2.10045685991645
220,6.90743621417737
220,9.82503772671235
220,0.401919927007781
220,2.25748936026966
220,15.420302338058
220,8.74068986686612
220,3.30015802755952
220,1.55880688689649
220,9.98814747626793
220,18.6533518481944
220,2.87788464920595
220,5.68913179442767
220,0.267816606058719
220,4.73366163650012
220,0.0134810011264159
220,1.87541628489271
220,0.328788320896707
220,3.85692779704372
220,3.30591923091561
220,3.64106846486634
220,0.443909807823317
220,4.60860165280706
220,18.2997185260731
220,2.0354293868877
221,4.76009708342558
221,16.0500436267796
221,2.59491264354438
221,3.65815525853491
221,0.202922576572746
221,1.09987335978076
221,9.29271935443294
221,2.86108084022999
221,2.17841592384502
221,9.03510063635553
221,9.27253735209715
221,0.890970875043422
221,8.16406497689796
221,0.536912847310305
221,1.51707435492426
221,7.5410448289932
221,2.96873860759661
221,1.84346232405569
221,0.896398446056992
221,7.06376035335284
221,0.272609735136179
221,4.00008839068419
221,8.93550324211729
221,0.0365613318590609
221,14.8931558794322
222,29.0270077420359
222,3.40798616642132
222,11.6463454415238
222,0.210095264657895
222,3.01318808924407
222,1.32211373175383
222,0.146715678274632
222,6.43972254802889
222,23.1783435037838
222,8.91866524661791
222,1.40046207699925
222,9.92675092960608
222,24.3268406884875
222,6.5471843255446
222,2.76863951934502
222,9.7143048602612
222,7.78669654418505
222,22.1420359040115
222,1.2431566696614
222,0.354934490751475
222,2.3695651604794
222,7.8033140111239
222,2.84868194023147
222,6.25816813245689
222,7.74740894283068
223,0.186455328948796
223,11.7440111835705
223,1.833840678446
223,2.71483808219637
223,4.74338387583798
223,2.60551940649748
223,8.71552261143212
223,14.6082163220768
223,2.11939581902698
223,5.01459626925594
223,8.38229057337058
223,2.38406562246382
223,3.92535030820823
223,9.56982167395663
223,2.03522447357558
223,11.3231437926399
223,16.6690771579496
223,2.9445697995834
223,0.714894837977838
223,2.72526195505634
223,9.45924375015781
223,2.69798106746748
223,16.6212900719585
223,3.76463596415941
223,0.88027918478474
224,24.4400575090398
224,3.58782136498227
224,4.62627837541823
224,1.21662319637835
224,0.17310365377036
224,3.21378013817593
224,1.12620277185424
224,1.95754658430815
224,3.47246754852184
224,7.98190978313697
224,0.228127787252316
224,8.29443563665164
224,4.15201744975007
224,0.310895032377274
224,5.24887208805835
224,1.20063008890505
224,0.748002716447189
224,8.38599611060268
224,3.65919963993218
224,17.492642951079
224,1.25615529250354
224,1.24002160663339
224,2.62367479503155
224,14.3370792261305
224,3.54490322039878
225,0.934997235890478
225,4.44517009870565
225,6.32010800778959
225,7.80446618931478
225,9.05430401633394
225,6.05265330502248
225,4.87177348674691
225,0.119450695347041
225,4.16764342670745
225,12.5226288189398
225,0.828369779046625
225,0.726511161774397
225,2.31251917546615
225,6.64019472876048
225,8.44295442348311
225,5.36004194968796
225,1.53522526612505
225,2.29206586256623
225,1.91260416526347
225,2.2019110689871
225,1.79042096407489
225,1.11939669819549
225,8.06740357498539
225,2.99668295774609
225,4.52063176294273
226,29.1674237681513
226,19.1865939320573
226,7.95720301459918
226,2.46494373100609
226,4.7809706952185
226,13.9346357054057
226,3.19628427969292
226,2.07335271639749
226,1.0601873928681
226,0.85150066282165
226,4.79774176587766
226,5.92926464488214
226,2.61657106690109
226,3.42363689560443
226,5.72226596043861
226,1.88907913863659
226,0.0578360472391615
226,0.613063725177199
226,2.68786929082125
226,0.61307247833291
226,1.46821874221567
226,1.2072408082895
226,5.25355071274048
226,6.14335205850607
226,8.37334692436171
227,4.57650960867709
227,0.778355593793094
227,5.14983835080998
227,2.8440786129795
227,2.2295413701795
227,2.49157393816859
227,2.22655955003574
227,1.28815219689572
227,2.40858907811344
227,6.97320042523012
227,0.826575230447281
227,10.6419227453403
227,21.1275435412738
227,4.07254069091237
227,5.27239502386606
227,2.17066532699391
227,2.09108509821817
227,1.43076634267345
227,8.99516891562472
227,11.9188979354905
227,0.566120601724833
227,1.61600347814855
227,3.41933369869366
227,2.16043358979024
227,3.40659713139758
228,9.08668852369201
228,8.96260438444924
228,9.91505695460203
228,9.19034757245928
228,6.69166672022498
228,5.41058840209103
228,1.19230197509751
228,1.46026703296229
228,3.54848384370512
228,6.89380624310529
228,2.45067407609895
228,2.78863803250715
228,6.73451751915223
228,5.65141302512443
228,5.24903477148569
228,11.0651458514141
228,0.435054169478441
228,5.2805664341659
228,32.5828661031284
228,8.96245610984885
228,1.69017417356372
228,7.40913883534002
228,2.28309854399413
228,6.50037038584656
228,2.80534769745652
229,10.1194644156368
229,0.389864216558635
229,3.22406952036545
229,0.421026183757931
229,6.55463832326187
229,2.81605246476829
229,4.62595761732614
229,7.62545367792916
229,1.45707359537482
229,0.474014284554869
229,3.49219770558109
229,9.50601057107461
229,0.429943695198745
229,1.78748824633658
229,4.34937707127488
229,2.70057260524482
229,2.2523310338147
229,4.86751342171288
229,14.7818614650953
229,15.9590311199238
229,2.35626546666026
229,2.46681964490563
229,16.5361216283383
229,3.95998866923621
229,5.02076480050987
230,4.18897362404919
230,3.31567354500294
230,10.8370360073851
230,2.66120267566293
230,3.91515428681476
230,2.93653623899445
230,12.1676236664163
230,0.587093024128149
230,6.33762011749154
230,0.242565024875912
230,2.18574581667781
230,7.02083791564119
230,1.22236787108704
230,10.7437425607364
230,3.84591528450503
230,0.466389199582307
230,5.32570977674282
230,0.98997021485439
230,1.24588913170471
230,0.68235249283555
230,2.21967492485419
230,5.21718148586756
230,0.710602432955056
230,0.0213524920889101
230,7.24592255435156
231,19.6648223967034
231,1.48913345765322
231,0.397411787684683
231,6.23178664573884
231,2.18931584153324
231,5.77824219574636
231,10.650254068266
231,6.70714087763286
231,0.0172284408472478
231,0.222814889855576
231,14.2498985347853
231,6.10786961982385
231,1.27395734476164
231,1.57016725883576
231,0.0517718819901347
231,3.07267505569123
231,7.3661130635935
231,7.01148130888951
231,0.727638464886695
231,4.03071588681992
231,4.55001534407443
231,1.64091310929507
231,1.68384199030697
231,1.10664133326774
231,4.77475116008377
232,1.38545670779422
232,10.6021411151142
232,0.483641138904604
232,0.539667215198278
232,1.29584097070619
232,3.20625102380291
232,0.949123203754425
232,3.06586648104712
232,4.20648745705789
232,6.78290792353592
232,3.76546796390271
232,5.28595897348082
232,0.87359766010195
232,10.9416334604131
232,1.99854284708432
232,0.783073301427066
232,2.60590813482094
232,2.38896318012848
232,4.11135789826451
232,3.81617015672332
232,11.1999277387096
232,1.75190421362543
232,9.49224574414235
232,1.95150624262169
232,5.89318686158683
233,2.10035847267136
233,2.23256266827831
233,9.47175557683122
233,0.937738171778619
233,0.644956295555489
233,6.37366991800437
233,1.41947633072816
233,3.726276101789
233,1.99804498814046
233,3.40765937231481
233,7.16480518649233
233,3.02518283482641
233,5.86694961858398
233,8.26154041993332
233,2.25432909093797
233,2.21277511212975
233,1.77576138172299
233,1.56169880880043
233,4.95931561083949
233,7.8760576243968
233,1.00451022852212
233,0.405313959345222
233,3.58813247622407
233,0.278432739432901
233,3.31891878973693
234,1.6151682054624
234,3.63176893421865
234,7.06743735778046
234,22.7820136571739
234,25.6553133655537
234,6.11658768475469
234,3.67426803314543
234,6.88609979094422
234,3.45362775493413
234,4.6007392828263
234,4.26357366589314
234,4.25414179430759
234,2.49947846867144
234,3.23919831775129
234,8.37103729094279
234,2.28956545935944
234,0.0588084338232875
234,3.43150212429464
234,0.52465638378635
234,1.72801746986806
234,0.927144784945995
234,2.02687922399491
234,1.69870754703879
234,13.584799253683
234,0.623130934697988
235,2.28220896329731
235,0.285429538213101
235,23.3298768517865
235,5.59829406064412
235,5.99485497584689
235,3.55957710163152
235,11.3124710059307
235,1.35442379629239
235,0.234968939330429
235,2.29208522243425
235,3.99444020720436
235,5.95183452104634
235,6.17732423336661
235,1.24181302567487
235,1.49681637529284
235,0.243369514242023
235,0.994552299380302
235,4.6851999403671
235,1.6494224476628
235,0.886433194531734
235,3.96934155353761
235,5.19414491901789
235,0.745220556855202
235,2.07562366713728
235,7.95967061030579
236,10.385338300419
236,10.470861687598
236,10.3278829991342
236,11.3218998437034
236,4.9811495838449
236,0.606176979116128
236,2.96056363697657
236,2.11645940551534
236,1.90395779907703
236,3.47920882494778
236,2.31565797302081
236,8.21796294259739
236,13.8603394379126
236,6.2724781919033
236,3.8652487003938
236,6.41444878631687
236,3.92524523639536
236,2.1930015203543
236,10.0055854297699
236,0.305741403717548
236,7.59222499081351
236,6.36316213270134
236,3.44956412445754
236,2.65452315099537
236,3.74167457667595
237,1.26316134352237
237,1.64051184663549
237,1.03292674990371
237,5.07580733371383
237,5.41087332626289
237,5.20240329395308
237,8.18350578468555
237,2.74084761040285
237,3.18320898571983
237,4.91507521680459
237,0.0456345062988508
237,9.4125580504061
237,10.0244759018989
237,1.93580622648813
237,1.83491020696238
237,5.57828174882984
237,2.39568268880248
237,4.572048545605
237,0.569200108293444
237,0.899496655626024
237,1.6718191280961
237,2.37052385928109
237,4.83551505738264
237,3.36749202106148
237,0.146051743067801
238,3.73519016505892
238,7.97535948413325
238,4.66483536421518
238,6.68848503825671
238,0.518268276937306
238,1.75512857502326
238,1.29936147015542
238,10.7645289314197
238,7.7318946423209
238,8.75332797835481
238,2.14353235671297
238,2.46833040844649
238,5.12721913833824
238,10.8640837923089
238,20.3200384498316
238,3.44837370794266
238,6.94276962662967
238,0.356844530906528
238,5.37276264259076
238,0.434613460078979
238,0.454079875452019
238,3.18960802163929
238,2.44267736095935
238,0.153879520948976
238,0.015169505495578
239,8.67940349462342
239,10.2434299509497
239,0.756821981631219
239,4.67154168037182
239,2.79573185835034
239,1.85991893988103
239,1.96043140487745
239,20.1894710047731
239,2.72604672460364
239,5.2293831204721
239,32.570761356475
239,0.404082434251904
239,2.6056736567989
239,0.481947406660765
239,4.50562561375505
239,10.4393647535412
239,19.8163089425045
239,1.71524848323315
239,3.88398595947371
239,5.85977256857741
239,8.91024093101633
239,7.87417531902802
239,0.188178780954331
239,0.75969814957808
239,4.58872318881465
240,11.5352009137379
240,9.15765821891737
240,3.38847486767918
240,7.79722322667849
240,8.27259476254594
240,0.916437057312578
240,2.05467835534364
240,10.2150607663662
240,1.11068920564058
240,2.41289746714756
240,3.58958386124893
240,3.11558166285977
240,0.374355084655342
240,23.1595834518287
240,1.2609916948223
240,12.8024656598674
240,3.00217037787661
240,2.41786132040442
240,12.6318128121303
240,3.1798868929036
240,3.44016948714852
240,4.8383742708475
240,18.9217733115631
240,6.61793904823667
240,11.2149371159923
241,1.76721386611462
241,11.5443070505964
241,0.698365814709446
241,7.77011208194208
241,0.455207318185667
241,3.63271537215865
241,1.01185065914178
241,1.18900215542859
241,5.94058701281852
241,5.56176422727891
241,2.44160092901438
241,2.3506051581353
241,0.191915625900927
241,39.3292735959581
241,2.3255697870627
241,0.661501616379416
241,1.78750369464979
241,13.6807221074806
241,2.55260385107249
241,4.40092150828959
241,8.59715362037432
241,11.3818399136173
241,17.7402594541334
241,17.8109085706226
241,0.452848030254245
242,2.92605433147401
242,2.82974359812215
242,0.166809554283991
242,3.50952663566284
242,1.85573158655605
242,1.63943211082369
242,4.03580254854119
242,0.337691835176993
242,5.94914303605861
242,3.21263519581407
242,0.444503375329077
242,3.60967137995742
242,0.581465377416313
242,3.42365116812289
242,1.65042275097221
242,11.0471994516658
242,2.07712673349306
242,20.6846808911043
242,7.1350869162244
242,0.795471409801394
242,1.43509272485971
242,6.69871919301754
242,3.82393796510092
242,6.51048647684461
242,3.48194005301525
243,1.92356794839725
243,7.86745490034184
243,5.96505055183029
243,6.0149622846157
243,2.66636266838759
243,1.52744299065625
243,0.825009958245632
243,0.693947016261518
243,0.76580346794799
243,5.61407124427685
243,4.83161049873984
243,14.9946206824927
243,8.04899393538845
243,5.11115797764769
243,9.09568427088571
243,2.15645639879494
243,2.29324932719371
243,3.90162193027284
243,5.17573434372848
243,7.05435353289259
243,5.7347305396334
243,0.67762088496238
243,7.01487891517123
243,0.428853358607739
243,2.35133342212066
244,9.3809199701519
244,13.293898095678
244,3.66710891460484
244,1.65702502013795
244,15.2372531933052
244,1.82219220656
244,8.43911368104209
244,1.82655002223328
244,1.99258970795199
244,2.4359855754301
244,1.00511843338609
244,6.84832576641297
244,2.24768348969519
244,0.643315015434541
244,8.48597116726351
244,1.0645854473114
244,14.7809620193186
244,2.59697566790944
244,2.6068533398211
244,11.6605215083387
244,1.11984441056848
244,0.588312067557126
244,2.38704768700361
244,0.00752651971604916
244,9.8675708189131
245,0.171610007528216
245,4.69089956001794
245,9.73307598340225
245,1.03473065886647
245,1.10382816754282
245,4.28309330695725
245,11.7979802650617
245,0.924181749691075
245,7.55451735585711
245,3.35033030482009
245,2.48541741864756
245,0.7156524178572
245,11.1445475330518
245,8.15807590032114
245,1.7699770334732
245,0.438908563553101
245,9.37181076924217
245,1.8657389911823
245,7.89473290507131
245,0.361110740341246
245,4.7869914069534
245,13.7981363100218
245,0.905746064127803
245,7.51647523562324
245,4.52302328755564
246,1.74710943596438
246,13.7960075673865
246,0.517880686093122
246,0.243403550529219
246,2.79221792938188
246,31.7669605351707
246,0.720972262788564
246,2.70074664847925
246,0.5281972582452
246,0.873111947439611
246,0.542433802038431
246,3.74088152756399
246,11.4813619380103
246,8.64462741608632
246,2.62135088210925
246,0.142780246192136
246,1.1867874405267
246,2.72686548996717
246,4.23072793965644
246,2.93776528615118
246,10.4192341764675
246,14.764487225114
246,2.31844674097374
246,0.191221531755651
246,17.6478653276007
247,0.439132254105061
247,2.33598342631012
247,7.86622073459339
247,0.982064199633896
247,4.16861387372743
247,0.80755858682096
247,1.42914668191224
247,3.14194811042398
247,5.41983423267907
247,3.45874270657077
247,5.1274237546832
247,4.70163111071394
247,12.645501968752
247,9.9778531301291
247,4.51895966698461
247,2.91373991640285
247,0.389116595033556
247,0.240907177794725
247,1.02068045395489
247,1.65031778858975
247,2.77031653327867
247,0.192738324403763
247,2.98719853395596
247,2.88239218993112
247,1.68318936834112
248,1.14174979738891
248,2.73058016784489
248,3.34809236926958
248,3.58916619614273
248,9.4277515816958
248,4.62750357847027
248,0.278025455772877
248,16.8080102643909
248,0.629588349256665
248,1.37296500432172
248,4.39422361066049
248,8.125678570521
248,7.25816500331176
248,0.792703263152145
248,3.53272445013231
248,3.0945809953846
248,0.879167674575001
248,1.13066788166064
248,3.34437838755548
248,10.1535401768507
248,4.40064613686359
248,6.43289152977473
248,1.48523896466941
248,4.44148115792728
248,2.03017100226134
249,0.947486280929297
249,5.20644441691643
249,2.66189249930903
249,3.11436405405402
249,1.42210853518918
249,10.6037324487186
249,2.65491744037718
249,1.53576105367392
249,2.4435644201003
249,25.5763837028493
249,0.366677858747307
249,0.466259806012829
249,6.16063564994788
249,0.00619693387502996
249,0.96392355626449
249,12.8583492798017
249,9.00056200059962
249,0.196469686776134
249,1.94863188546151
249,5.76854807303703
249,0.894791514147073
249,4.64552811488322
249,0.247294566293259
249,3.76319307347244
249,4.30316650753325
250,16.2101913607659
250,4.2896801984497
250,1.43426977609178
250,0.612324571702629
250,0.716380421072245
250,1.19592486647889
250,5.86258761563754
250,8.91855623531056
250,3.77910610836888
250,0.264221190009266
250,2.25721605587751
250,0.794005287508446
250,9.20242422218335
250,6.13329223801798
250,12.0645068182573
250,3.6582936380254
250,0.336288469843566
250,6.69159444493657
250,1.26198205398396
250,0.740270792014644
250,7.63879912863386
250,2.59528354043141
250,0.916000767610967
250,1.35191597099005
250,12.0776832935618
251,4.37090735861516
251,2.20193898124516
251,2.98898152541369
251,4.9741040817864
251,1.42562738985299
251,2.25327983964235
251,2.59782317094505
251,12.3599763301148
251,1.7189326370135
251,3.14090819330886
251,0.0733406823568895
251,0.437733023427427
251,6.00879952756173
251,4.30932026801115
251,3.02532614674419
251,2.92742695193738
251,2.19043759163469
251,5.4661283404747
251,7.97505387994361
251,1.28207902424037
251,4.30506363436723
251,2.13745025037216
251,8.56450798879278
251,0.329838595346404
251,1.78053536219522
252,12.5262413633274
252,1.93801208632067
252,1.07157420367002
252,0.302828499116004
252,1.2797601451166
252,0.573524789885867
252,8.11676424886
252,0.99501486386354
252,2.28115522535518
252,0.660927682183683
252,0.183469790499657
252,3.70326264534041
252,9.01564656714809
252,5.90107263439492
252,6.28901971017426
252,11.4738267001914
252,5.582243068865
252,3.43601681059226
252,8.84232689584506
252,4.23619517893511
252,5.95675110137693
252,12.4153611150788
252,19.2903454870659
252,0.145301643534692
252,10.6023709125032
253,3.98586865162506
253,2.27796629071236
253,5.40998864432281
253,22.6987065855926
253,3.51937157686281
253,1.33802832337096
253,1.03725100665801
253,1.39871655032039
253,1.40228681731969
253,13.28730805714
253,1.58650641723637
253,3.16928541753441
253,1.87242383137345
253,6.66067907565689
253,2.3033684049733
253,2.36380761722103
253,1.45967541728169
253,2.53369385842234
253,8.97068081381631
253,3.2343942951411
253,1.03325274592598
253,1.62388268335727
253,3.70983262991017
253,3.42701961286366
253,5.91028936651951
254,6.18740646147585
254,0.598365156911314
254,1.40243513718886
254,4.63208624140775
254,2.40866351872683
254,5.38285695461041
254,3.26200980628154
254,0.583093252498657
254,1.2382505252026
254,5.28728365832551
254,2.24621335742995
254,2.70662497263402
254,16.1360813739913
254,13.7091029522227
254,0.491785728372633
254,1.4647270605399
254,0.0610011726070811
254,12.3686364566194
254,7.75847709695709
254,4.24440174342549
254,1.14658335922286
254,0.633785650134087
254,4.96492279492939
254,14.6471540248933
254,13.4771641244398
255,1.76597862265229
255,4.87146943138075
255,2.77732232025322
255,4.25446525660759
255,3.16280355444178
255,3.47815895961135
255,4.0572582928226
255,21.9855086009718
255,1.56859758775681
255,6.63836434462524
255,7.11318346153478
255,6.29932309014207
255,0.631215318571776
255,0.0809975806623697
255,27.0974888730992
255,0.68727688029661
255,0.128938737198278
255,18.3089117974716
255,5.22169403710818
255,2.24619888002053
255,0.923948334529996
255,13.5736502235042
255,2.61777497129515
255,26.2670859027852
255,15.4350025198402
256,5.53383177125311
256,1.40191467478871
256,1.59167972160503
256,5.38944380336857
256,6.23960897771126
256,8.88336878227902
256,11.0193819401947
256,1.14513812586665
256,14.894216327991
256,2.68095345702022
256,1.67044071480632
256,12.6781852304576
256,1.75040298499908
256,15.501474344131
256,8.10174131813868
256,2.7453015348874
256,2.7195892482996
256,9.11695925476861
256,1.47603905526921
256,7.43810377973032
256,1.82215532988089
256,19.4817667157567
256,3.25535740237683
256,4.1762021135301
256,13.5129145992206
257,0.25973539734144
257,21.2977697873924
257,9.80542643885028
257,7.90031585800362
257,2.25233782082796
257,5.67096094579852
257,16.2693049005213
257,11.3014089495333
257,6.07063273878253
257,0.152503626886755
257,10.4975042392718
257,7.71379963452828
257,2.14812812520386
257,3.33455144194886
257,10.2138341772826
257,12.9547013242947
257,12.0061124048391
257,2.85568497447893
257,1.33260566258828
257,5.15190167524364
257,7.0702141053499
257,2.1371990791522
257,14.1909690192881
257,5.9463430426777
257,5.50348697674877
258,3.16041033482179
258,0.630887381266803
258,4.4565260641039
258,2.26735846837983
258,5.69451479220247
258,0.978882136593775
258,3.26656013261527
258,0.290736048482358
258,0.209810491651297
258,2.88250970421359
258,0.404682601802051
258,11.8121725405566
258,9.30982878389669
258,2.74365854915231
258,1.48046223542177
258,1.90754026873037
258,1.12552187665514
258,3.62897530635361
258,0.405814820875098
258,8.63915221723628
258,2.86301922053099
258,2.00123503338546
258,6.95298277730954
258,17.0579211405458
258,21.6383867884491
259,4.50102873591191
259,0.431290229316801
259,0.1717911506273
259,1.3766598678194
259,3.62923696132009
259,11.9583988454364
259,5.3911942753703
259,4.36828191442222
259,2.94318245723844
259,1.28016517264768
259,3.25269614811987
259,0.759832402477134
259,2.78026602929458
259,1.29569165411278
259,1.64209049195051
259,0.344272749498487
259,7.8832754209162
259,0.519451422725869
259,3.43750852160156
259,7.26693235295725
259,4.8450638305158
259,12.3177229327368
259,13.1201898268453
259,11.4324537192689
259,0.314238173887134
260,13.8216019508647
260,0.374986808797152
260,0.741252054623988
260,10.0745265367897
260,4.43480003834252
260,0.490924874320626
260,4.72287259509271
260,0.652720158258475
260,15.7084880015793
260,1.95637056371197
260,0.114695435401896
260,9.16870246190432
260,5.46699856386936
260,2.3496300750412
260,0.943734757602215
260,7.15703223789942
260,16.3500839463415
260,0.481112470320135
260,22.6891424680564
260,4.84660862437786
260,12.6030120712923
260,2.06244599243166
260,3.74692195074117
260,9.89285691599262
260,2.41341395303607
261,2.42683988763019
261,8.82333219940674
261,2.93849516842764
261,5.69801029954131
261,18.3815737878799
261,11.4492029783534
261,8.66402147575371
261,9.04667106415045
261,8.31971867899311
261,3.78861634892134
261,2.82343863742426
261,2.71376556018367
261,9.16308696339738
261,0.482913110952183
261,4.94632280410683
261,1.89238135702908
261,2.18005497707054
261,2.78997133718804
261,12.1024893281065
261,3.59438617883284
261,9.85784655394864
261,0.1065962202847
261,9.98038859064591
261,6.736681837032
261,5.8969696050272
262,5.65918438130825
262,4.82880641219622
262,5.75666850871002
262,15.0347895911875
262,5.39764759127645
262,2.63912270311266
262,0.0390192569324251
262,1.54290556441993
262,0.508554159089082
262,2.13407310890034
262,1.87450588680804
262,0.812605418045728
262,0.410939792636782
262,1.21310608228669
262,1.33584184616982
262,0.0458756071565663
262,2.64939507469535
262,1.89890668261796
262,11.5113656309651
262,7.71670542615366
262,2.29333798401058
262,1.01184387125065
262,3.52994947207576
262,10.1944841160895
262,5.80595280022776
263,0.796160992461387
263,4.69026958083218
263,6.83540750273919
263,0.980918293324323
263,3.61244367428208
263,8.0063058431716
263,2.92415365120461
263,22.4430001700733
263,2.54210461396724
263,0.779411734547466
263,7.84912107470346
263,16.8681763849201
263,5.88991334702486
263,0.865979455411434
263,13.3660621096598
263,2.38416933066965
263,2.38667520927265
263,2.30965272756293
263,0.714716000948101
263,14.2130171536981
263,6.6262040704251
263,5.49631554238443
263,3.75086346539205
263,4.42102160749441
263,3.7333023978257
264,14.7626555702629
264,0.0894059869460762
264,5.28189101701087
264,0.971711840756341
264,5.65981864908195
264,1.71163255814463
264,2.05774927448644
264,1.93622981663793
264,0.655814902856946
264,5.59460601282722
264,1.15573923103511
264,0.52055150968954
264,0.399513368029147
264,16.110622807497
264,8.95895884330285
264,0.615508423453052
264,9.66149100991798
264,3.21314556058496
264,13.7630284105645
264,0.645100779513939
264,3.17828103899956
264,2.375827440992
264,0.973014586507634
264,3.95190298448088
264,3.11984618660063
265,8.48667922387731
265,5.70069939808405
265,1.42296379664913
265,8.84333485695434
265,1.35860928567126
265,7.30159781831217
265,0.194501646328717
265,1.24682794094503
265,2.32825548315329
265,3.32760447170585
265,0.345747370738536
265,0.42488056265686
265,6.23409091473973
265,0.639925699223947
265,1.45001332448129
265,9.41307538332253
265,3.60999010016626
265,0.611931523308158
265,0.505142208505425
265,4.49338904560959
265,3.7728610865534
265,11.2594402295755
265,39.9132726968043
265,6.38690850676453
265,0.317603242583573
266,0.246426702942699
266,0.56360260816291
266,8.08435231405211
266,1.35430982585945
266,4.35246017740524
266,14.7244030973854
266,15.9177469081225
266,1.50322663468757
266,0.469881317112595
266,1.46750001935288
266,1.96751153329387
266,6.13006684442467
266,1.31998082157224
266,0.758373651187867
266,1.96592203341424
266,6.19350972098714
266,14.0859299969786
266,0.783655369007318
266,8.02203011038663
266,1.73828400904313
266,2.70028575090691
266,8.44408559100343
266,2.92666694615036
266,1.05558834737167
266,15.4538680604639
267,10.951646239798
267,27.6093339253415
267,0.780899431556463
267,1.08417607145384
267,12.3865760390865
267,3.3141176099889
267,2.79683578293771
267,2.32712793862447
267,7.10584863357495
267,10.0679847221346
267,2.95448031509295
267,4.82836757765567
267,6.79162832887328
267,6.09135643558061
267,2.93312484631315
267,0.948394800070673
267,1.61546448796115
267,1.32869421504438
267,3.11410597292706
267,2.71185017889366
267,24.1660557115886
267,2.24718750687316
267,3.31076888134703
267,0.8752460940741
267,1.57912954688072
268,2.9522812133655
268,11.0335936670409
268,5.10554533498337
268,12.1469455671715
268,9.09822314004314
268,6.29839597248888
268,10.2390808049114
268,9.29639666299236
268,6.64512464755631
268,0.0837044487707317
268,3.95520798704661
268,0.00962752856526925
268,6.82533774503923
268,0.446307355202203
268,27.6229586530675
268,0.28551809489727
268,3.65926551145917
268,18.5188885302025
268,14.8345757321602
268,0.967807830311358
268,10.2263179324092
268,2.14170098071918
268,2.57257516728714
268,0.669736387208104
268,6.46984503117806
269,0.239496573699254
269,0.0151506286814365
269,19.8802602560002
269,0.658237033057958
269,26.0683038554471
269,6.22739153427488
269,11.5925026012171
269,0.21296239982994
269,1.12133700866252
269,5.86364305091506
269,8.2175876102866
269,3.60250800827003
269,4.50751592888912
269,3.41029836330563
269,0.171286596450955
269,11.4444761608432
269,4.55852153237641
269,0.815122069325298
269,0.0765761849470437
269,0.0222203438170254
269,0.588234641385762
269,3.125957287848
269,7.08544799796978
269,1.51568297995254
269,3.71771002632982
270,1.22972277726102
270,2.77060005589372
270,0.0336926885357409
270,2.63584187719971
270,1.29474679008126
270,2.85644362447783
270,12.7739774905198
270,8.03616327191603
270,0.394652860704809
270,20.2539872647005
270,4.21991724034256
270,3.6588539924788
270,12.6273240608381
270,1.42365076579154
270,4.55698306185609
270,6.24425939728922
270,0.288740199775566
270,0.53230011370033
270,3.85172009582091
270,0.0841813092119992
270,7.32152854044279
270,0.713514732196927
270,22.4086883092735
270,3.32208668580279
270,1.79486898239702
271,17.8540141541542
271,3.85405997259027
271,4.3975473938272
271,0.14922594836919
271,1.67166286846623
271,8.98979680570674
271,27.9523228837137
271,4.29292456225908
271,0.507492777254529
271,10.7017364626037
271,1.74452159123007
271,4.17371677213764
271,11.4757127774166
271,8.85995975425222
271,6.45425977164364
271,8.87545991646958
271,6.21893452459431
271,0.751789038754388
271,10.5320691170392
271,3.0009270645678
271,2.27076024748385
271,0.709690742660314
271,0.86593765917332
271,1.29044455010444
271,2.95026054838672
272,1.77816236111351
272,2.00463521759957
272,0.563641167245805
272,4.32471630924695
272,4.11886168677595
272,4.31189158228609
272,4.43714889676726
272,1.39905776595697
272,4.51513788819426
272,16.7462173468413
272,4.12110517711794
272,4.8294251130656
272,2.9379314254038
272,3.64149065201587
272,12.1382458408581
272,5.85773496867573
272,1.13789432216436
272,0.912388078539511
272,0.580650463234633
272,12.153938775252
272,1.19925714674086
272,1.74326205393299
272,21.897917902358
272,0.457030504476279
272,9.86867533954692
273,2.05576262669638
273,2.74824851658195
273,0.538407030981034
273,5.26696393710977
273,5.66975248490876
273,9.85953545155835
273,7.87319946060789
273,1.55435902997851
273,4.80851768029338
273,0.941855326633606
273,0.539863312577068
273,11.5232933802552
273,10.9892964449929
273,5.03640840274698
273,2.10339583689347
273,14.4010407096686
273,7.63381267855776
273,2.19651804771274
273,5.98007365108884
273,1.75012529957074
273,2.90977777913213
273,0.388601669110358
273,5.65680291948325
273,1.60058185923845
273,5.78358291161662
274,2.0198456968691
274,0.331872175447643
274,3.83976674617684
274,1.36542703185498
274,3.3289400418289
274,9.56347944172931
274,4.60615057477212
274,1.86813036445528
274,2.58011997374921
274,0.730737731792033
274,20.9873531187389
274,1.91707842517644
274,8.20811797822726
274,7.17248761053097
274,1.05720198247582
274,4.1739604668871
274,7.94161159743919
274,0.471969158388674
274,3.66417339372747
274,14.3863671264591
274,0.861158447805792
274,0.244906328152865
274,1.1300664101135
274,2.76745709357783
274,1.02435171371326
275,1.37820721388549
275,15.3494813657346
275,5.13335199539966
275,0.0186228775419295
275,1.35937330080196
275,0.530062688048929
275,14.809384382421
275,6.92784378284073
275,2.19779663719237
275,13.2504095130147
275,1.04053151649199
275,6.05235633419311
275,4.30048815885043
275,2.19594298861921
275,1.30958151835818
275,7.64304558704508
275,6.80829277241087
275,4.98873948098576
275,7.80433234716666
275,1.09809807734564
275,3.68133571222945
275,1.55968367587775
275,5.41297903263426
275,8.29351439098728
275,6.11321111480281
276,14.5865031881702
276,10.8810316671835
276,1.98475822984941
276,9.21099724206042
276,16.6791919982972
276,0.291007729247212
276,0.2407084979191
276,25.4215475250233
276,0.550771106644104
276,7.89472337361981
276,3.89514349379993
276,0.596366343088448
276,9.54992883796704
276,4.07805554009744
276,1.21499656233937
276,0.719562745311442
276,0.818000619765371
276,2.16203256277367
276,3.6122790861637
276,1.34355259593576
276,4.48441034161902
276,4.42887022315375
276,3.19314641412348
276,15.7059831536355
276,0.675537243951112
277,3.42393434839323
277,1.63945312680515
277,1.73744970044772
277,1.23605227109697
277,0.147304882382361
277,30.4115002585535
277,5.47370929249978
277,5.69243433585836
277,18.7883049595329
277,0.880855499984966
277,4.13744752274311
277,0.537539439477307
277,3.70282481425855
277,5.65160000716634
277,2.04845746047795
277,9.19697520980771
277,3.30059819389135
277,11.7552289639818
277,17.6853218943554
277,19.1531488474243
277,4.09879087392933
277,3.31323523074389
277,0.0590655278245961
277,0.212303723674268
277,1.59029175993055
278,14.5336802667918
278,2.67785448813811
278,15.6080277628245
278,5.8828218791396
278,1.78875340847299
278,4.31528383379287
278,6.86796225586391
278,17.3776823676375
278,1.13789937458932
278,2.46911981143057
278,9.59758074912143
278,3.10050084255636
278,0.153610321649289
278,1.02714891477215
278,4.85482552067792
278,17.0256062588635
278,0.0291965412907302
278,3.09942316496745
278,2.99044286832213
278,0.788282385994376
278,3.98990263675755
278,2.38743769470602
278,3.27096710447222
278,0.0631025203667
278,0.673481631092727
279,3.44506445573643
279,11.6014866245197
279,10.1336377948047
279,21.3813471542746
279,4.10866995308961
279,1.20104646050323
279,5.50048452780998
279,4.11059872226274
279,10.4244139318572
279,0.276611576214489
279,8.41021913993073
279,13.1281414342331
279,4.35647031975214
279,0.0607191370216956
279,1.16529820021242
279,0.315589009989842
279,6.55706901082254
279,6.22191098032004
279,2.05973235657439
279,6.79856940800008
279,1.63130120839924
279,0.148109905935815
279,6.40641211976713
279,10.341490516019
279,0.626990520395339
280,6.28750266486263
280,10.0931729278983
280,0.867575670126826
280,7.94047369579685
280,9.10926523576391
280,6.91986497004932
280,1.05426025385757
280,11.1457168397712
280,2.95213536787232
280,9.92228140081179
280,16.8731469370478
280,1.38577942969278
280,1.59324279882784
280,1.64144156979312
280,6.9026838892833
280,8.34108303259027
280,0.635360023006797
280,6.39109912773079
280,4.96907683986088
280,23.9797205651615
280,3.57188585532208
280,2.81516546449794
280,7.59203026029182
280,1.69921250082552
280,1.21936924129485
281,3.31964313052595
281,0.629543496761471
281,2.08010265774529
281,0.303545365790479
281,3.16640373319387
281,29.2117416096811
281,16.4929881683531
281,1.74704601056874
281,4.18310511833693
281,0.550778000615537
281,0.766813449134011
281,0.432137059547303
281,3.93921752439296
281,2.56093294884659
281,0.339016335748171
281,3.36877577472478
281,14.5523323110285
281,0.658971334742835
281,6.033046561135
281,5.31716683178576
281,0.464188757649793
281,7.56567268590343
281,1.12909147283062
281,13.5530172188984
281,2.23394992295653
282,5.02585336544967
282,0.185322586912662
282,2.0149733312428
282,2.17917465372011
282,2.0612360823079
282,0.508849543984979
282,5.83198348615959
282,5.95994857584542
282,1.64461796171963
282,1.11754840472713
282,5.36260728767341
282,19.8826293916184
282,0.767696753609926
282,4.3497083194316
282,0.32043220662329
282,7.20195438670826
282,14.3599612629952
282,11.9531924923168
282,1.5347534744069
282,1.88111794181168
282,8.48212789594401
282,4.37544120858257
282,4.26684183047569
282,11.3418679026173
282,0.896098874509335
283,6.21795406078404
283,5.1342868936068
283,20.7864796639162
283,1.77833520945155
283,4.98971539062864
283,2.05777565715834
283,3.36962972069159
283,18.3613259217855
283,6.91634291761971
283,6.6589436744388
283,7.50478301737971
283,5.6620662564174
283,1.49623339532563
283,0.0228517009706762
283,1.5697741182521
283,0.868402866180986
283,1.314312313744
283,2.63742191018537
283,1.2600421346724
283,7.09710682700288
283,7.39065033381881
283,2.96750170178711
283,1.10899119172245
283,6.25795849112278
283,11.3332901063092
284,0.398872105791256
284,1.24362182803452
284,0.41869495000301
284,1.77381719695404
284,5.78689866678274
284,0.0434226519428194
284,1.89099110430107
284,10.263084526685
284,0.477445311329948
284,3.34213780239224
284,0.676451625768095
284,7.16267331461323
284,5.94592623142212
284,6.47096518406129
284,0.676928071770817
284,1.99712750501931
284,1.40622932786581
284,0.442866699304432
284,5.18860651624805
284,4.61082218659526
284,3.74872853027141
284,8.56391863855434
284,0.395091741811484
284,2.63937825104222
284,8.9826671123029
285,2.49079392478475
285,3.66337011394871
285,3.04684770447345
285,1.35560740564795
285,0.841347618985052
285,14.7070173148827
285,12.343893283348
285,2.51944056712091
285,4.12114194573319
285,34.7764848710454
285,1.05726436479017
285,11.5510904689537
285,0.314957414956755
285,0.518582928517083
285,6.59398300086564
285,1.23031028731359
285,5.79752374885088
285,4.50541502309448
285,1.90212417731812
285,6.50389779803759
285,3.68755509488376
285,2.68403594847769
285,17.9680337280709
285,0.413201324601455
285,0.194168600719422
286,8.30463721893701
286,6.43838553668416
286,0.847315140999854
286,5.85438177899873
286,5.64622893908477
286,8.26068803626013
286,9.40923341676942
286,1.18918836582452
286,2.8483462613076
286,10.8780656841801
286,5.95924257745451
286,0.791620831005275
286,10.6540651665892
286,2.18769436236471
286,0.773994273787835
286,2.97956509515643
286,6.48829378166652
286,9.27627944345486
286,5.70151261032975
286,0.208633609469106
286,1.9602140574716
286,1.44161877222359
286,4.91465602049089
286,4.13429421467168
286,0.764800501056015
287,1.70805916068775
287,0.949816677267557
287,10.4051533800768
287,5.51048373782492
287,0.170054396219288
287,17.2494768715444
287,27.455442183112
287,6.04206073542541
287,1.14655256038532
287,1.51532163377851
287,1.89677023222358
287,2.93884898070246
287,7.97095434841214
287,1.78539716405794
287,7.1108179524856
287,10.7835611798048
287,1.86176346149296
287,1.84831022983417
287,0.418779728934169
287,4.25180889155776
287,1.50324327172711
287,3.94145742037749
287,0.304062236100435
287,0.607048457350284
287,1.86358367325738
288,3.65560470593578
288,3.02751570707187
288,2.34808564418927
288,1.24354067491367
288,1.23784788185731
288,6.29706633140179
288,3.40438483515754
288,12.8934393351184
288,9.21111321966064
288,5.83044713342047
288,0.175657292788856
288,5.50705943292716
288,0.210639697033912
288,4.06339864415429
288,2.46993480948731
288,27.9269432259684
288,4.62832683210677
288,0.824962239712477
288,12.4815225315498
288,10.0256628818334
288,8.07531541807249
288,9.37564111272705
288,10.5090024911975
288,1.2154867593199
288,4.39167100140441
289,1.05122791836038
289,17.8132230381519
289,3.68563127081183
289,4.80177166850722
289,4.10062071169223
289,8.79823146345925
289,7.91038323938335
289,13.5124909778343
289,0.0766694861157749
289,1.86625170754269
289,3.46512136980891
289,4.21226720828022
289,5.13838509542352
289,0.140065825544298
289,5.77575196491039
289,13.4168386546181
289,0.0980876665562391
289,2.73590920725837
289,8.77101249495043
289,12.0819047552751
289,3.77611251061267
289,1.09129251213744
289,1.48996031377465
289,2.62219018535689
289,2.31160632101819
290,0.456973172892994
290,13.5580958140301
290,14.7782221395251
290,0.415711770765483
290,2.25391204003245
290,16.8217096469345
290,2.64177315635607
290,20.6211481512266
290,5.51039694103479
290,8.7106594345988
290,3.73545935822135
290,28.7218432856684
290,0.867891414090991
290,12.8780968760358
290,14.6703115842285
290,1.87385336961597
290,1.79377450990675
290,2.43186038220301
290,3.27898030169308
290,11.6122007456826
290,4.3994182970374
290,5.23641641339468
290,2.49976555351168
290,3.87535817381767
290,2.34718561638147
291,2.51263817989698
291,1.02026641136035
291,3.50896176395422
291,19.375351172753
291,8.50137498187733
291,1.59884298007957
291,11.9641055898006
291,0.00391071662306786
291,1.27383662620559
291,21.9301475013111
291,6.4742336606369
291,2.17592447763309
291,9.11829945589316
291,14.9499306074324
291,1.4851356266484
291,3.13731090864167
291,3.14460765803233
291,8.744176281196
291,15.9547382212224
291,7.13331035296333
291,1.60762089537457
291,4.08231285379684
291,7.62071889469765
291,1.56438573729247
291,0.578386331255045
292,0.973738310858607
292,2.64044780749828
292,3.78851314586332
292,8.47161336759937
292,0.37219042036393
292,1.04100419674069
292,2.81853972701356
292,3.34208553395461
292,0.587577696423978
292,1.31830903243372
292,2.61718074172441
292,2.63638051925227
292,8.48544618944589
292,5.14054585692889
292,4.96860288062549
292,1.36080795899034
292,5.73571443071073
292,4.75766248186652
292,0.328704251751493
292,8.03163848775339
292,5.02809209728098
292,2.44162266375497
292,14.0320519349518
292,6.36517947740132
292,3.09286069823429
293,0.281325990799814
293,6.92084169459945
293,10.2439450468392
293,5.96876798176623
293,2.55373720778152
293,3.73527887566273
293,2.32042429037392
293,4.39900630598372
293,1.82210659142584
293,0.56974778035227
293,2.4023216497153
293,0.518100353193283
293,4.84966894590712
293,7.83511135685158
293,3.8219895584271
293,3.11372687108815
293,16.7251752681079
293,17.3813525856215
293,0.547958291135728
293,6.52724266031242
293,4.46529130430377
293,2.40865632757194
293,0.820126205217093
293,3.36885067867115
293,7.34137240597549
294,5.23359697744047
294,4.23087107328732
294,2.48480289027401
294,1.22895755106583
294,9.82256051110935
294,4.46975312174714
294,0.672345892526209
294,7.34598984899831
294,1.29219489637762
294,7.81470718751562
294,2.84281971706209
294,1.27493295818567
294,2.77533435961232
294,3.23693646350875
294,1.0127446240809
294,6.0181340293721
294,5.93293637481934
294,10.5925438639926
294,1.12355398247018
294,1.65870868019734
294,2.19381989848388
294,3.60697626115239
294,2.28747222805396
294,10.9569862432865
294,0.86405270973799
295,2.18037444166839
295,0.108632429037243
295,4.0528725229091
295,6.5939958624304
295,3.24800183065236
295,2.18763846438378
295,0.339196985587478
295,3.09165183221921
295,4.11568804623044
295,5.41583435199337
295,7.05638706642103
295,2.70121028181165
295,4.76447167785323
295,6.15142140982157
295,1.19647529756375
295,2.07493608975481
295,0.327610082458705
295,16.4861173174324
295,8.36037080692959
295,4.83802785204957
295,0.0121914758346975
295,24.7548078130472
295,21.9813444639061
295,1.77006523357704
295,1.02134666405618
296,0.903420348186046
296,10.819392510991
296,0.0405491815864074
296,0.499789421446621
296,0.336608897834146
296,7.3309025164218
296,3.44311761669815
296,7.28295309427095
296,0.218511796972267
296,5.37650723454958
296,0.461483420804143
296,0.946801893878728
296,8.3223172924937
296,6.75396758110678
296,3.20099553791806
296,1.07713647186756
296,0.158612991217524
296,2.94456022325903
296,0.0821796987605625
296,0.595491911314685
296,2.20916973194107
296,5.06735309471792
296,0.245157885365188
296,5.36148104330009
296,16.4017797998133
297,24.2017840767715
297,7.80471068411806
297,0.14007685154463
297,1.91740249516442
297,6.02719998879561
297,3.14289628295228
297,5.923642036295
297,2.8739821142517
297,1.19210358016626
297,0.327875284178363
297,0.450702179223299
297,0.207160064019263
297,8.13814641956625
297,2.8244715789333
297,2.32148609589785
297,12.5624785845386
297,0.7968027330935
297,8.03347316528571
297,2.11676155141809
297,3.82182955670799
297,4.45208557175464
297,6.90928282195187
297,7.92099907020939
297,3.49486007351096
297,7.08373514893365
298,0.686901996377856
298,2.31790998019278
298,7.07044638334913
298,2.50104710459709
298,5.05044306607402
298,8.51413707206857
298,0.209328348282725
298,1.96475815027952
298,3.69399622015657
298,6.71745165695852
298,1.49459229083732
298,0.905030448921025
298,1.49152524769306
298,3.30621738219634
298,2.20177230425179
298,0.227306669112295
298,0.076262470865391
298,8.78667459348795
298,1.59500647240467
298,6.97334680664253
298,0.194026918616146
298,7.7441680054636
298,6.27080151790238
298,3.17539749667048
298,3.97926020548143
299,13.7663141724871
299,15.6567463676735
299,12.0892934563333
299,5.58375742265439
299,1.29181476309896
299,4.97217562755288
299,1.09185086330399
299,19.2715624988753
299,5.53835492429143
299,1.15845592459664
299,1.28832286922261
299,7.27062347795302
299,1.64613164728507
299,2.64802424935624
299,0.706647442932641
299,1.08719264048777
299,3.30136381788179
299,1.33897679802216
299,2.58291576908923
299,2.80099085299298
299,2.02233032081953
299,3.61345641293979
299,12.9318223049151
299,3.38416384765878
299,1.47200010716915
300,0.676723141223192
300,6.72127967213696
300,0.2154700178653
300,4.13962942447661
300,0.0489689712412655
300,2.26730140624568
300,0.576753558125347
300,1.43130209064111
300,1.70126278651878
300,6.08007363954044
300,6.68126453158862
300,3.26788336737081
300,1.21668986571147
300,11.0553388570653
300,1.7400707939326
300,0.68566721631214
300,8.09014010201109
300,0.822661125201928
300,5.84433702265328
300,7.87082947748614
300,1.64222463266924
300,3.5091925410316
300,3.73176041503853
300,1.05261775664985
300,5.87967064686305
301,3.08174544945359
301,4.45728350509559
301,3.8034302506358
301,0.429938791482918
301,15.6277059382739
301,5.78544107710427
301,4.52678378650403
301,5.09193352402604
301,2.77386095374823
301,22.774840859565
301,6.34879155947747
301,1.4941342570819
301,11.5604616602169
301,1.8613300054737
301,0.946977991202703
301,10.2949664271892
301,1.17252107476816
301,1.29142591480393
301,3.65670322674145
301,3.77807522443557
301,0.463614007458091
301,5.35598758324909
301,1.20053709511933
301,2.6996391862187
301,0.476354228033586
302,7.01669310177577
302,2.32040808768943
302,2.16047698631883
302,3.20522909285501
302,3.12014567665756
302,2.57247186024443
302,4.56856450044966
302,16.5773390970173
302,2.19807220855728
302,1.33370421482429
302,7.15825403464781
302,0.0783706533180526
302,9.07973007256997
302,2.31623232597485
302,1.28366136540392
302,3.71701243307641
302,8.45865073571813
302,6.19362364502108
302,2.7438656007871
302,4.38795030425437
302,0.702829070998728
302,8.06896056006563
302,5.24612133370197
302,2.96722818166018
302,1.98737186891937
303,1.3512303843163
303,4.43325399446443
303,6.37656823710954
303,5.99475577838702
303,4.09756945860446
303,1.53712613845261
303,4.89693827510936
303,11.1612923026454
303,3.95427005344486
303,6.04366394204503
303,1.64941988419741
303,16.8081652364674
303,6.53733505380756
303,6.8455722320587
303,11.2760033172773
303,12.7236774847651
303,13.4776091476189
303,5.40966005974865
303,8.0307650248128
303,8.30829845102986
303,4.02301984089466
303,1.26559318043292
303,1.74597578232079
303,0.8068846934475
303,13.7087981117176
304,5.34570940283543
304,5.88853447677052
304,5.96997582798308
304,10.8965137128936
304,6.10490148866034
304,7.64834901275945
304,2.03082566382363
304,15.3773701927605
304,6.88121344873166
304,17.4078809738833
304,31.1410837603693
304,2.35317967366427
304,0.525539342779666
304,20.449794557758
304,6.98093293192697
304,2.46797125553712
304,3.70493441932796
304,5.27555226327336
304,11.8712222662972
304,5.38289651616812
304,3.8529626324535
304,1.91536955302581
304,12.9263484006034
304,2.71857711253688
304,2.09801194723696
305,2.95925407903269
305,3.03227368509397
305,1.91595362732187
305,0.892588939496295
305,1.21712799649686
305,0.277811025734991
305,0.353783451001522
305,8.1445252425493
305,4.44648742189115
305,0.38687083265411
305,4.59052040161009
305,25.9038742710103
305,4.15798649977287
305,6.42960984238839
305,4.06092779287693
305,30.6876706315165
305,8.08194741848884
305,1.53427159299495
305,1.99043927714229
305,1.00620775716379
305,3.9662404452692
305,0.189955204259604
305,11.1659193684565
305,4.56370428183532
305,14.6958542769042
306,4.37949537500567
306,0.415913458295674
306,6.1282203903184
306,3.92546250561903
306,1.75072541227564
306,2.76743333522613
306,4.84836559256023
306,0.913071213290095
306,13.1170642462777
306,4.47429772911078
306,5.40067178176201
306,5.38753323235965
306,0.68971726577729
306,1.4824405417611
306,4.21895435058928
306,4.44771493402884
306,5.63031397273249
306,9.4575265231998
306,4.98068980851626
306,5.13671882429576
306,0.486687878146768
306,2.02109020203352
306,17.9844708264548
306,3.37567702867091
306,0.285003431010251
307,9.19163650791061
307,9.72996176178467
307,1.89351827837527
307,7.84950594375742
307,4.51409061883992
307,1.68626927729357
307,3.46100175520405
307,26.9295277478683
307,19.0207052499729
307,0.873315141070634
307,9.24093761439335
307,0.231519686058164
307,11.1932944220709
307,6.74884123241013
307,0.261373139883368
307,2.42164103779942
307,0.298784603463036
307,5.79193815102285
307,3.44669779995456
307,4.9874986426667
307,1.472959946841
307,1.73393042059615
307,8.26330454046738
307,2.31296699959785
307,1.74506000243127
308,1.18286180309951
308,1.83409601794267
308,1.29148702835664
308,6.96489673065853
308,32.4291562176963
308,8.15607796381128
308,5.02326160648322
308,7.16963248285365
308,1.24256717958439
308,1.09056339086395
308,3.37245880626142
308,0.409449823723875
308,0.842545348507695
308,1.36891596950591
308,7.71672453678161
308,0.573746962472796
308,7.45788465045625
308,8.73459240379644
308,2.2595283947885
308,1.80417408468202
308,0.778411610138866
308,0.357346591934878
308,0.721291165751362
308,1.41503487480804
308,14.0466395012083
309,1.06057141209021
309,11.0266047421292
309,5.63264604852419
309,0.902580881956965
309,7.22908248799536
309,1.36617449810728
309,5.59353465193367
309,0.545326322317123
309,15.2594682777204
309,10.3221170008714
309,1.05510981104436
309,6.27916388658291
309,9.79252542742879
309,2.2567026456818
309,0.212794246617705
309,0.249008536338806
309,2.54816981730983
309,7.25618776823294
309,3.90703698599196
309,0.745900284964591
309,5.42629600481546
309,9.89372132304025
309,6.15788221338248
309,2.94230051571503
309,0.452775617595762
310,9.86319575416756
310,0.310821547172964
310,4.08287372884756
310,4.17379705155516
310,0.488070988311717
310,1.19549425282538
310,0.136230125721208
310,14.8995808131042
310,6.87566709683693
310,0.335441494826227
310,9.15088994386506
310,3.28360875369981
310,0.227181398523009
310,9.2942346721412
310,5.06975306021516
310,1.17813570657745
310,0.479187907907692
310,12.8709896368192
310,7.01253912780745
310,5.52685688228762
310,14.2851610845866
310,6.75483910345888
310,11.2077359942006
310,0.311237624795491
310,8.72742098714125
311,0.374539468903095
311,2.24391096737236
311,13.1149709870325
311,5.97659182713783
311,1.02038746932521
311,4.10352318526661
311,4.6022900471226
311,4.21273705528534
311,5.91373308540738
311,2.9693930526264
311,8.30224274615657
311,2.99301919760182
311,0.0948391249403358
311,2.67189104575664
311,10.7136228560603
311,1.308186983224
311,1.49284734623507
311,14.9433346829357
311,0.823290604166687
311,11.9217226979965
311,0.916746216120094
311,4.00936984436071
311,8.28152485148852
311,6.91589293049133
311,1.59369525499642
312,0.507941568053143
312,5.42339590822762
312,0.350518289773956
312,4.86625311699224
312,2.82139365794137
312,3.85735260751083
312,3.90009612755334
312,4.91547761463976
312,1.21501887121784
312,19.4058576495129
312,0.798044733237475
312,6.15055077688253
312,0.526504477020353
312,16.9916405892911
312,21.9803735742425
312,3.23760389816016
312,3.61135947031385
312,1.7282122047618
312,5.71521304992443
312,20.5538067490536
312,12.0480539925367
312,0.076381100807339
312,8.30476704011572
312,4.60695465181317
312,2.13340780464932
313,0.18498111050576
313,5.22627499864853
313,35.3445195199406
313,6.36241569214846
313,2.77544255368412
313,6.56242330537594
313,4.89273588152087
313,7.72361358943845
313,9.84624296368485
313,0.33881014212966
313,10.0028857770832
313,0.887441283557564
313,8.84985496248019
313,5.9774314330653
313,1.38605795800686
313,26.1120780276957
313,13.7935686943339
313,0.689537936353952
313,0.6967190732895
313,7.18575965482884
313,6.28668764119452
313,11.748287465589
313,2.23119057016447
313,2.65148782869801
313,17.3413082481104
314,11.5103318771267
314,2.55118191242218
314,1.20158418547362
314,5.00980265428478
314,5.83701580205794
314,1.2298410362564
314,1.72226750059053
314,2.84447404684725
314,2.39865247393027
314,3.4629766899161
314,4.80607817394143
314,2.08322904161998
314,0.653132237493992
314,0.56208127643913
314,0.852424034383148
314,1.74767493037507
314,2.70789657952264
314,5.98345956153269
314,5.72417653610414
314,6.29014142302281
314,2.27006905246526
314,19.9295837675037
314,2.52907247515395
314,0.645868842467615
314,9.76358343805087
315,9.65350934262288
315,0.205999619793147
315,40.946671857982
315,3.7628755739788
315,1.6817642438422
315,1.45521192578599
315,3.71533730468284
315,1.92394023761153
315,2.92002058355138
315,2.65489849727601
315,0.801327899098396
315,7.01294508720648
315,4.61185059258783
315,5.13621935134238
315,0.971055609358049
315,6.5458960875631
315,2.15806580847129
315,4.11035952955625
315,2.96390671050176
315,2.62791293582374
315,15.076592824513
315,2.84662816207856
315,3.50089243572405
315,7.15661313701145
315,0.195983615703881
316,4.99694595092392
316,7.85708011085999
316,0.581655784044415
316,2.11299152113497
316,8.5696940119834
316,9.59290622937097
316,4.46035821481762
316,20.1055360854346
316,13.7571711925076
316,13.2380966183947
316,4.18926927705711
316,17.7409453958947
316,5.69385388379401
316,0.307929825503379
316,8.85232837969343
316,4.43399827559126
316,4.84400023219591
316,5.18777268938758
316,4.29695420877492
316,18.2049158484417
316,8.05414506192219
316,1.66172551224008
316,12.631538574885
316,2.70820852274181
316,2.0045810751617
317,0.797029150987493
317,1.46144199417904
317,6.43049657789475
317,16.218810874181
317,3.80183251819976
317,1.14822806079758
317,0.878826302941889
317,0.111918803831065
317,3.84679242947555
317,2.90395169053227
317,1.1351638920261
317,2.6697640074417
317,1.80057623656467
317,3.36576174246147
317,1.76930016139522
317,2.76221049519858
317,0.908913377206773
317,0.768310221088624
317,2.12316499557346
317,6.46375022174455
317,7.05151319461775
317,2.96193566638976
317,1.11585488542914
317,6.66341020704663
317,8.27462389091861
318,2.70822062855586
318,3.75491007411325
318,11.7255084862219
318,5.45815377394905
318,5.51129333188242
318,0.431142528541386
318,0.172168069984764
318,5.13417619659432
318,1.83591071981937
318,2.32167084223746
318,3.82287315071976
318,0.927140184212476
318,2.62792036360998
318,14.8419084895388
318,2.9904929921031
318,0.432619150713389
318,3.64458636256429
318,3.79026648590071
318,6.89987946746355
318,10.2245511992912
318,0.767644820734859
318,5.54605333579189
318,0.0843044486828148
318,15.8731700099053
318,2.17666556051486
319,3.01366787869483
319,0.639140583428705
319,2.3557222908313
319,1.9566907430999
319,7.27144297170353
319,0.787623766084702
319,1.79508481174707
319,0.225488604828371
319,2.16068795649335
319,2.58320362539962
319,7.46324923778784
319,0.982143598856417
319,3.37799983331934
319,3.08545351959765
319,0.284866068977863
319,14.6612467980924
319,5.80550760009742
319,5.08685516321549
319,0.340895227563586
319,2.46263367356732
319,4.38482629114246
319,2.7250049309805
319,1.27712050685659
319,12.8810767351039
319,1.78938650991768
320,2.09875368280336
320,0.96092778025195
320,0.68424673518166
320,5.64873976611948
320,0.518784564872715
320,7.04784187446249
320,0.311150420729088
320,12.4044787411796
320,7.0834311652453
320,0.720351105770289
320,2.37536348794551
320,4.01498784519501
320,5.09895862524814
320,0.133946294078137
320,5.1348712526024
320,8.35528409997833
320,4.62957414311773
320,1.31313150634035
320,2.0608383603394
320,1.91070111235604
320,8.3011955018611
320,3.13615963095799
320,9.31945500853372
320,3.282026713714
320,9.69814215744746
321,2.93541703974524
321,4.53073115532702
321,3.25510939117521
321,0.691772673744708
321,0.173248331993818
321,4.60533392594612
321,13.3121995900975
321,6.2445565171302
321,6.1562416514144
321,3.67509485556674
321,0.451091793365777
321,2.92656840989366
321,0.418763910199873
321,24.6592030140097
321,10.9766319108413
321,7.57714368360949
321,23.4893170917842
321,0.457131239089141
321,3.27071970328689
321,16.8588323882761
321,1.79649055236951
321,1.51995398337021
321,0.548692643642426
321,0.339024728164077
321,3.30174437258393
322,0.591522063378022
322,2.043025449384
322,25.6390156675328
322,2.1006769570522
322,1.36523954803124
322,6.15353069247162
322,4.25696274710304
322,7.08187173152084
322,4.66940573395646
322,3.19928326876834
322,0.447563303075926
322,3.7796966077522
322,1.18108886992559
322,1.04639942292124
322,8.17145673516107
322,0.456550100352615
322,1.32767343903464
322,10.4754891790596
322,1.85153514379635
322,2.05268374411389
322,5.04233230815685
322,3.13435148913413
322,2.49796907883137
322,2.48210770776495
322,11.0448075107139
323,0.94276349293068
323,6.7634238952533
323,4.27217290250069
323,1.19888314744458
323,14.8610573902493
323,0.826873946934938
323,2.49347015516832
323,3.44070255523548
323,2.47631269497753
323,4.49727268868542
323,1.19662166408877
323,2.88560354849324
323,8.15221613307022
323,2.69449390936643
323,1.00492449256856
323,8.29947413834643
323,0.939817562499452
323,2.55968664539978
323,6.1783705789358
323,3.06484350468963
323,1.54129771748558
323,3.14228085335344
323,6.10573903636491
323,2.35846210866352
323,0.43753324498148
324,17.9376626090834
324,14.0448598431341
324,0.186163492035121
324,10.9914109011399
324,4.84733011055265
324,12.2240454231607
324,2.66522958641872
324,0.148318427821051
324,7.70174404564214
324,3.74620874857015
324,4.07016574384129
324,2.13550126645714
324,10.8219541690528
324,0.219040960073471
324,0.157892187125981
324,4.73046853982683
324,0.234663696028292
324,15.7342788941207
324,0.965027978979676
324,11.9504664304881
324,3.05322812404484
324,8.04759280714107
324,4.14655185415922
324,1.06253536612489
324,2.92986946180463
325,3.0287211900577
325,0.508870018739198
325,2.71153276553378
325,5.47142910810688
325,2.09026183234528
325,1.92905444186181
325,6.63770337568081
325,3.17771594505757
325,9.11079510073078
325,0.682168542407453
325,1.39867793070152
325,7.46127190092727
325,1.44100937293842
325,15.3984296685996
325,1.94760418497026
325,11.2287088011609
325,6.64282465332604
325,0.0789912091568112
325,0.513207843482949
325,8.630660058415
325,1.90125639724196
325,3.05131033062935
325,11.2300927837597
325,0.162036149791742
325,2.89993450976908
326,0.621966272592545
326,0.550549193285406
326,1.2477176953259
326,12.8648915630638
326,13.3232968014883
326,1.87743180897087
326,1.31320588756353
326,2.778654913418
326,27.2475766468991
326,1.05125607457012
326,4.86349758097987
326,5.14797184595323
326,7.74210553574276
326,7.65887149399288
326,10.0122807859066
326,0.179051395705368
326,9.74160039755416
326,4.12809355163431
326,4.81792831772423
326,10.0232717856289
326,8.0178079339749
326,0.184025547932833
326,2.37954012690359
326,1.05560473632067
326,2.09216053597629
327,4.25827467659674
327,4.77982209508723
327,7.94564916048046
327,0.46370088321983
327,1.47590905490667
327,6.53471318983889
327,3.55311543194062
327,0.632292400114238
327,4.55271454972631
327,0.60502972706967
327,3.59989050411985
327,8.0863882876457
327,20.2335045010525
327,2.68892492693491
327,5.17558756462145
327,5.20450226941562
327,10.3521358031304
327,4.28989803068775
327,6.58413515870875
327,1.28081016242504
327,0.479651421774179
327,0.983906835317612
327,13.328328904997
327,20.3218496859747
327,4.80420535874969
328,3.66715312914407
328,5.14574437381184
328,12.8748375636743
328,13.2418991153346
328,5.82567944691538
328,1.58504254379833
328,1.24837760551588
328,3.43275695340708
328,1.84728455311271
328,6.2963121475414
328,5.02191929125643
328,8.99738130737651
328,0.3911594379248
328,1.47420814726502
328,0.632936938200146
328,0.415620774468329
328,0.782341432757429
328,5.73884638936675
328,7.12611508083543
328,19.4966428250748
328,12.650559329729
328,5.4506648655743
328,6.6256123499707
328,2.91532948845997
328,0.0919153448194265
329,3.83033741730555
329,7.58597558322263
329,20.3719239950854
329,2.39220734283581
329,5.9557519990713
329,8.60463153528881
329,3.64727447719729
329,0.797714588392867
329,0.369962851982564
329,7.74112955045151
329,11.5325535985372
329,10.8388472621547
329,3.31205543130636
329,12.5171604839371
329,3.76984188312149
329,7.88593702907574
329,11.6658041526781
329,1.94392839172017
329,9.56888776230526
329,5.27656222206956
329,0.22853345843032
329,0.181201214436442
329,5.28385400285429
329,1.29450183361769
329,0.414365092292428
330,1.4951246092096
330,1.11206042904488
330,2.97821401618421
330,6.54356292893595
330,10.4271082260026
330,4.90697905400252
330,3.37013017851859
330,6.19841489454216
330,9.55619084606779
330,5.15961638630784
330,22.3952936554763
330,0.340283985715359
330,5.17271138240999
330,11.7988660645889
330,1.72853562049568
330,10.6651920912074
330,1.78738285321742
330,7.82234593029448
330,10.6130207789348
330,17.9510800822624
330,1.57969398424029
330,2.88849802687764
330,2.29216645471752
330,6.52171243426806
330,6.32416322806335
331,10.4020307299899
331,3.35319004254416
331,1.91703205928206
331,0.62876571668312
331,6.16331454811102
331,0.329304900230521
331,6.34948036612427
331,12.3540307481991
331,11.2238567672491
331,0.159687294154011
331,6.25806564909822
331,2.43455669144168
331,2.45606539072469
331,4.92830897194749
331,5.357655712336
331,5.983088100119
331,0.71892497362569
331,0.576841200821169
331,9.63275469797564
331,0.0902203173090776
331,2.08204003050923
331,8.99094083304417
331,5.1067858932302
331,8.74641533199528
331,7.98492223913682
332,6.74737049245691
332,1.70593385118991
332,0.194439400457851
332,20.7285452157933
332,4.61116664800207
332,17.9013961822468
332,6.68534285833544
332,2.34484984073788
332,5.9958828052268
332,4.52750641831613
332,2.32677965657786
332,0.731975517701358
332,15.0820640838685
332,6.69846165438599
332,0.672428882680833
332,2.30534185422584
332,1.15454941029388
332,1.49116003885865
332,6.40387321801341
332,0.986609498504549
332,2.29121818440035
332,5.17830188365138
332,0.833721204622023
332,2.55595222348347
332,2.39465738413855
333,0.231166023295373
333,5.23243087788528
333,3.32371924305335
333,7.01103634584177
333,1.92604353185743
333,1.79330061422661
333,0.614655420649797
333,12.4100741272079
333,1.83883677469566
333,7.25793829573502
333,23.6486382211063
333,10.3690852965684
333,4.16881906778967
333,0.434945437591523
333,2.53962364746258
333,5.4456410834328
333,4.3073362156511
333,7.05253556509278
333,7.31941743711841
333,8.06947722989035
333,2.81211059797976
333,6.89849728697395
333,5.75727966127402
333,23.587482216439
333,1.60269544925541
334,3.47865051568902
334,4.08673613686984
334,7.5167888771267
334,0.615693768486381
334,4.73827457500106
334,2.56690853275359
334,2.6942421705462
334,5.22109964760802
334,10.6634558185728
334,4.32868963552123
334,6.51866397333747
334,14.8043528563323
334,13.8674877202123
334,8.79423912572575
334,6.42337955979115
334,2.66505483072251
334,4.73874700700349
334,1.40818551648408
334,1.65177445159127
334,8.32557350355101
334,1.1649283207953
334,0.400869667889745
334,9.56180574462939
334,6.83298370314247
334,2.14851291617379
335,1.09419512080659
335,2.52447777194902
335,8.97505512419057
335,0.199915389530361
335,0.324102479498833
335,4.23555279129601
335,0.56304109049961
335,2.82623337581754
335,30.569119377244
335,14.3290754026713
335,0.927181297447532
335,4.58534909290868
335,7.93222779366088
335,1.22190793277696
335,4.43632914663708
335,4.99368129277086
335,13.4088740584658
335,2.97279326943681
335,5.30907369663423
335,1.60106401890516
335,4.50248977614051
335,8.02834418560279
335,6.37971533149553
335,10.081264078197
335,2.23927512299269
336,2.10025211097673
336,2.47718323487788
336,22.6553310220027
336,3.15156867727637
336,2.41522049997002
336,4.04659104512489
336,2.9081099270843
336,4.00682536657103
336,5.92839836587614
336,6.20315949877209
336,7.75488233151746
336,4.66196719070381
336,0.449720851611346
336,8.77815702888084
336,2.39894859908851
336,1.0457611316815
336,6.65896412895477
336,19.1589729830884
336,13.6743510787593
336,0.61794061679393
336,4.34984498636282
336,5.21926967871791
336,0.673955359961838
336,5.32908713424063
336,11.1814780973003
337,2.99544512992725
337,8.26802131201365
337,5.77783886322236
337,12.1392446470665
337,4.29293661357319
337,5.7015923548252
337,4.06671626709774
337,2.72365986835212
337,24.2936459827878
337,1.79218822158873
337,9.42240619058621
337,2.55332297645509
337,0.411680100951344
337,4.31750461711816
337,0.340879980940372
337,6.2129869868741
337,2.98051616409793
337,6.03769326095885
337,1.46811705082655
337,4.73376874325281
337,7.00732866365797
337,9.25756142778485
337,5.84058223042217
337,19.8342496425587
337,2.23145364085212
338,8.50424987221968
338,2.5823355698958
338,0.341361134778708
338,7.01022568116796
338,3.3587447181344
338,4.65306456645435
338,3.04718445055187
338,3.2637341064401
338,0.693199471570551
338,10.7860904374478
338,17.535469335385
338,9.96684505562198
338,2.20294689759612
338,5.61495793313248
338,7.05037828492832
338,0.20431678975001
338,11.3607930292593
338,1.76617978534029
338,7.31753691988898
338,11.9293950771199
338,4.38724417684084
338,4.96615278047925
338,1.02984576718882
338,35.7663215351855
338,4.32994408977634
339,2.95875988667831
339,2.30339423986152
339,3.60685487256801
339,4.28908651457937
339,2.41033205995336
339,4.13660138358778
339,0.541292357323126
339,9.88704604054701
339,7.5909663266958
339,1.30172271979973
339,1.05232805944979
339,17.3709232629019
339,3.24498524423689
339,3.11133160954341
339,12.1923193049835
339,0.299198278225958
339,10.9791536397808
339,2.99152209423482
339,1.79965202929452
339,5.18245241583741
339,2.05018526408821
339,0.970005006529391
339,0.632280738392808
339,0.433287686173017
339,1.89450224544858
340,1.25494739570081
340,0.922477026470006
340,0.977356038399582
340,0.792527340818197
340,2.21758428961039
340,7.70436864304257
340,3.23652471415699
340,7.05555120441032
340,3.37403704179451
340,12.6583087717401
340,0.392941539175808
340,5.14352239181703
340,1.22654764273932
340,0.813647413160652
340,1.70054358663037
340,2.25320521742105
340,0.589478304609656
340,2.29377558920532
340,1.86818251619115
340,0.87990518193692
340,0.84858048817219
340,0.752957635559142
340,9.88946406128717
340,2.16137535404414
340,4.8035459396404
341,15.0192292026224
341,0.794485183826235
341,2.19251996371895
341,2.43105516536161
341,18.8466841251332
341,12.0945792918311
341,6.74381493104106
341,0.844456950825102
341,5.69770288167006
341,2.81364116817713
341,2.22381249768659
341,1.80619046092033
341,11.4378158267106
341,8.49323956253839
341,0.0404447245599161
341,25.8330754975234
341,1.13562278074074
341,3.1371100526303
341,3.2426679157652
341,5.44081957524127
341,3.48844303024278
341,3.86162232336836
341,9.81766222934139
341,4.16792760357079
341,15.9458278050327
342,5.71126193718469
342,1.76674503382123
342,6.61814348285502
342,0.94294987488533
342,1.03205832885578
342,0.55249206488952
342,2.42523175664246
342,4.61557532173997
342,1.42488862155005
342,4.52943752964443
342,5.28791077414012
342,3.21420234860852
342,3.62837884503187
342,1.36466816300526
342,7.3180403705243
342,0.11685079821672
342,5.97934906815595
342,3.19596353452653
342,7.54709766204369
342,0.274543745886384
342,0.719575824832048
342,0.832122911233455
342,7.09224563981307
342,3.63293626273388
342,2.41194633767009
343,2.44394755223766
343,2.20602078130469
343,6.14328203655471
343,2.1003558114171
343,0.055824430042276
343,5.64286162590093
343,0.00440782867372036
343,7.05104135433246
343,21.6056685137638
343,8.76303071114135
343,3.00032179569826
343,21.7328699851844
343,0.984237217344344
343,4.8674003544957
343,5.42686227123741
343,4.22363600206977
343,7.7982344961437
343,2.26869468810037
343,9.53067433047009
343,1.28142503205324
343,10.1717692143739
343,1.8462897092104
343,1.52469098800793
343,0.451694009991808
343,3.81728654511872
344,3.68163236211539
344,6.56055666019625
344,5.02866661688438
344,0.40045898174867
344,4.78325534985558
344,1.19240478845313
344,5.46003870645023
344,6.16185336818403
344,7.39519063341332
344,8.6760515994848
344,7.25651976610434
344,0.346068067010492
344,5.04662285537875
344,1.45116059342399
344,3.00918535795063
344,9.07309377523971
344,5.52525118903673
344,3.22730913758278
344,1.18569321464747
344,13.7956237321006
344,1.60098370630294
344,0.566260896157473
344,2.50636326381937
344,5.952132246247
344,7.38214740487647
345,3.08893418638036
345,2.49898165142652
345,1.53525412315503
345,7.24437553489568
345,19.5018144220787
345,6.23684554339802
345,1.92067986354232
345,0.514502918562215
345,2.10436299908906
345,4.69132686845835
345,3.25765337795019
345,2.16452146414667
345,1.98748449794948
345,5.77976243083781
345,1.98412224883214
345,2.00331445317715
345,14.7419983785619
345,5.5471347409994
345,1.63836696883664
345,2.48266875045374
345,0.694614418316633
345,0.633092278148979
345,6.7990357193858
345,6.76749903687692
345,0.489151358811758
346,0.366335706912608
346,22.0417916849123
346,0.432242049954207
346,3.98036328217126
346,4.93613682666278
346,10.300533119169
346,8.93299541394127
346,1.51268307352439
346,4.40148674861944
346,0.724175977520645
346,9.34725288259697
346,10.0052406727792
346,4.81100555022663
346,3.10366004705429
346,4.25480449551201
346,11.5501931859944
346,6.29053463672704
346,3.78694955610973
346,0.768197594707662
346,9.03915900695038
346,1.25525643583387
346,1.46165961318356
346,2.35006160842487
346,8.4295394174279
346,4.36391558973472
347,0.250638350844383
347,0.361059969291091
347,5.09589286500073
347,4.21153653359897
347,9.22463872915048
347,1.24321596696973
347,9.8396081566335
347,2.71589955314994
347,4.18618261115887
347,6.71466888838864
347,1.66298768250272
347,2.54564164904878
347,8.94045297014427
347,0.717636086046696
347,2.78345743445071
347,1.64423418179618
347,5.95018783279639
347,2.4614802445285
347,3.78242094514376
347,7.56450242763076
347,3.24627846945077
347,1.65636129910126
347,3.28362087253481
347,5.65033469810324
347,4.02423216474658
348,2.28465533582494
348,3.49393625540729
348,2.23842738429084
348,4.30992558111852
348,0.445634946227074
348,14.415642296558
348,1.48609956851558
348,6.62608251885927
348,1.50164317348759
348,3.66555621360844
348,6.54430235715068
348,4.11947612245277
348,2.01998376753181
348,0.834716456010938
348,3.4495217516087
348,4.8574545139209
348,14.9847736812016
348,13.3483867620336
348,2.64928814722225
348,9.99774307901871
348,3.1653202790767
348,4.31646615711457
348,3.67774484192437
348,3.93225595799691
348,1.69681662227958
349,1.45960152847692
349,4.91004601099944
349,5.69183323977
349,8.86345656546664
349,0.970964210871996
349,6.79625858997411
349,17.3872064187888
349,3.20545359747484
349,2.42551286239177
349,1.24306270532007
349,9.16791087905777
349,0.312855273950845
349,5.39992430226362
349,1.43104310380295
349,2.00394313782454
349,7.89717221590591
349,6.21606722453094
349,2.7829156932421
349,9.0984697915138
349,11.2359315616297
349,2.45395346544683
349,8.17359990900973
349,15.6194837382975
349,23.2867692888568
349,0.72458270227725
350,0.374018322302914
350,1.61494272761047
350,0.555186636279938
350,9.082734779966
350,0.884107437450439
350,17.6895518698915
350,4.24961385761803
350,0.0234963302500546
350,2.68908616388217
350,6.45031482585387
350,18.8731441430642
350,3.78710539059198
350,11.3349206066587
350,3.47486929946995
350,10.7062809069859
350,10.9922853757845
350,6.68454951585686
350,10.1643138747187
350,7.64857365707767
350,2.93316193856299
350,2.50685899020725
350,0.496064839645984
350,7.81082496581611
350,10.1272808569939
350,6.0349977899105
351,8.75159348319185
351,12.6310817239093
351,0.824433476664126
351,1.06854544719681
351,8.07473804224778
351,4.09179105082943
351,3.82843276184439
351,7.88420984479499
351,7.50691336215166
351,5.97040676956481
351,1.15430490113795
351,15.0759296855869
351,4.48145959505296
351,11.0366780956494
351,2.15667757010735
351,0.28181362664327
351,3.77652730848099
351,3.71580829653337
351,0.354083091951907
351,3.73206209228074
351,0.924762326758355
351,2.21424924302755
351,1.95578511338681
351,4.57297218942499
351,1.04382686316967
352,2.77985500404611
352,2.55174140678719
352,4.35676945013943
352,3.75133432426906
352,1.07237039338876
352,3.3911820477806
352,3.86735578046596
352,1.84246645309031
352,0.0599213829264045
352,2.10673837966017
352,0.792342217173427
352,0.243236925452948
352,4.23275090267366
352,8.7018594887336
352,4.24287881477151
352,1.16843078518286
352,1.95467529585585
352,7.53153566338218
352,36.5017174722111
352,0.0269231970121678
352,5.16717853003597
352,9.47967682923091
352,5.06401999832547
352,4.05964924371426
352,10.1865795902432
353,3.09411351801828
353,6.29320266635573
353,10.3876505508543
353,5.67355222047722
353,2.97969660256058
353,8.42014306182873
353,0.051456405961202
353,4.59799483863121
353,1.19026791071519
353,5.33642895498729
353,4.41294679403542
353,5.43635795337564
353,2.6186868804507
353,4.74035643020129
353,3.37189547484741
353,0.953456051253548
353,0.502092740498483
353,2.54488796951372
353,0.652267329860479
353,6.96777314836991
353,0.270398304437448
353,7.04615904582513
353,7.69266582052124
353,0.773443725948906
353,2.06552104558796
354,8.32687349016678
354,6.08426037223494
354,3.81350445515686
354,2.05802113283426
354,1.28023643046618
354,14.6042727298083
354,8.86478703427029
354,3.52772898485369
354,4.02210384758656
354,1.15572368883078
354,11.6423654601662
354,3.91431881700355
354,4.35652542838311
354,0.975915840826929
354,0.0298820110037923
354,0.400867275893688
354,8.88662743340147
354,9.78885711128724
354,3.28210840933025
354,0.235752975082473
354,0.272586748469621
354,1.50618428830057
354,1.3015768583864
354,0.208208267576993
354,4.87989038970354
355,2.26957545150071
355,3.23222380597144
355,0.930750672426771
355,1.13033825764433
355,0.410151770338416
355,8.19520045029831
355,2.17352315783501
355,6.7829198015616
355,4.50666341443962
355,2.95971926767379
355,0.183545935433358
355,2.94692777097225
355,0.538345708046108
355,4.94796341264105
355,16.3784002876821
355,8.89126592273724
355,8.16499577793193
355,1.30638389848173
355,10.7775401783394
355,1.72600952675566
355,4.63648858924812
355,0.528278456226155
355,3.65491081008172
355,1.6670667690273
355,4.22282277119762
356,0.061032276134938
356,26.6738360453595
356,1.16525017889217
356,3.99634960086501
356,1.1992093664594
356,2.09027181612328
356,0.681180695537478
356,0.194519346114248
356,1.8126190523617
356,6.91502913345999
356,10.0194060139234
356,16.8855453274193
356,6.39374574159688
356,6.91934566458172
356,0.553323393687606
356,0.340811302858756
356,7.71940307649684
356,2.6056566904299
356,0.138754248064756
356,7.00357799376261
356,2.74874722817913
356,7.10432015317393
356,0.0496561615727842
356,19.485864144631
356,2.16418872820213
357,0.619054201683905
357,3.11572222970426
357,1.61396759900176
357,2.67462818417698
357,5.78290779122567
357,3.64334297535549
357,3.05922093102708
357,1.21685233048043
357,0.146329547278583
357,14.6781465402784
357,0.408215861451881
357,1.9018581835553
357,8.11512364963901
357,13.6582547699319
357,2.86108395084739
357,5.22861672786254
357,2.02544179745018
357,7.607477902946
357,2.02012000206968
357,3.30272645689547
357,11.7121478246075
357,0.453443240839988
357,1.65551129728556
357,0.174838246311992
357,5.20895293892777
358,3.27904826262966
358,12.3722392966257
358,18.8746111363846
358,14.0568443379345
358,0.384747334755957
358,2.04351277752671
358,7.0566659882189
358,0.863163901958615
358,2.27307514520362
358,0.208168735262007
358,0.310737271793187
358,4.15630779022609
358,0.936701614409685
358,1.38600667705759
358,3.57809085365074
358,1.23086845337412
358,3.91970800635878
358,9.73415431894207
358,2.29416377376765
358,0.27564560088492
358,8.29282096424894
358,9.68386926881905
358,0.6836583589833
358,0.956012231763452
358,27.8482423459015
359,2.56969459354877
359,1.19377971161157
359,3.98692441884401
359,4.10736824182196
359,6.53214480706906
359,10.7035458491925
359,7.70220272201014
359,6.34790230377904
359,12.3433073138105
359,2.64549907064065
359,8.64208543631148
359,6.26137381398535
359,15.301785840744
359,5.01792251492611
359,1.31470307474956
359,8.23059130115895
359,5.43726562219063
359,11.6980141488122
359,2.41795961512253
359,1.78850853350013
359,1.17943784454837
359,0.362850224876351
359,2.49711846234277
359,6.80387471781528
359,3.56401039103862
360,3.57327688803919
360,4.5474123766408
360,14.3776815253901
360,5.63835242089395
360,6.17405384757972
360,8.96030872086895
360,0.112435745541006
360,22.4391842807148
360,4.78067080003625
360,5.29408686981991
360,3.74166505387674
360,4.17090759125954
360,0.507969234604388
360,3.52893411128981
360,4.39707371328456
360,17.8121193022209
360,1.49622909259051
360,10.6751953641198
360,4.16729701661921
360,0.094307857530235
360,9.77023753295553
360,11.5493745257365
360,1.75301114098294
360,8.99150542872858
360,7.19578124419797
361,2.54904819419608
361,3.41686674859375
361,13.8833941510859
361,6.31856093426943
361,2.89281265062922
361,4.23815460796522
361,23.7102186108444
361,1.94819270633161
361,15.2249398446622
361,14.9691192797365
361,12.1287614752756
361,11.3852462445604
361,13.8066185166346
361,7.84743141340924
361,7.34156399923277
361,8.75427896427117
361,2.59814609074965
361,3.66135862169272
361,2.91548909619451
361,5.00122474951154
361,4.56625749226349
361,3.60067406648254
361,5.92804984168565
361,1.8108140793629
361,6.12212679327881
362,2.01810222119093
362,1.75643269205466
362,6.62286034764207
362,4.68793173912749
362,2.21654056216964
362,1.43718592981143
362,1.72166510717943
362,5.77568004352456
362,4.93564821820395
362,7.99673089715553
362,7.15839488389802
362,1.71332301774978
362,16.9048396862092
362,0.0285257324121662
362,1.16182039560387
362,7.93632481205178
362,0.03906917758286
362,2.60756109608337
362,6.87272469026452
362,1.35725884931162
362,0.665657445432075
362,0.414110051509229
362,0.709534550551325
362,7.38625636282277
362,3.21426560050253
363,5.83774423671371
363,0.11771616525948
363,13.609900837134
363,0.855426536872983
363,7.43038664529932
363,4.90063712445504
363,0.922021772712469
363,3.29889884451404
363,1.22312942312022
363,3.69516622719771
363,1.02001853752881
363,11.4113550269426
363,0.694887586869299
363,1.45599723945286
363,3.96432009583579
363,4.97738327344364
363,17.7681645274836
363,1.76765580306762
363,3.21671955287457
363,7.2536883536854
363,11.0949633171068
363,13.7926657584714
363,2.59868374560028
363,7.01049209530366
363,9.73572840872121
364,4.13408253769202
364,10.5917885724783
364,1.37716082480144
364,1.34460559380163
364,8.08215209051333
364,1.95528665091842
364,10.2623750544609
364,0.724857536016661
364,10.4085429903255
364,3.62478175092506
364,1.1533605097793
364,0.080250151137538
364,4.02419800849116
364,0.754691504407674
364,0.0913602004751499
364,6.62202865407368
364,1.00794522790238
364,1.15084379304272
364,3.70863156139835
364,4.85650232040739
364,3.28975081676617
364,12.1256300707566
364,3.18496929714456
364,4.59234473740166
364,9.62190716485393
365,0.115340891063365
365,2.41890137025016
365,1.90899479901418
365,16.1796136192026
365,5.96815070116377
365,6.8261228779093
365,4.4267132714947
365,3.5388465602135
365,12.7019238558816
365,2.77394955977798
365,4.79915211421853
365,1.77844048244879
365,8.18476585629296
365,9.33930975343001
365,0.051366756670177
365,0.967286832164973
365,2.30396199040115
365,0.0434450652364967
365,16.0350135332885
365,6.63883823414749
365,2.67508811317384
365,10.9674546400215
365,4.00772294816826
365,10.2543915524603
365,3.43879481079057
366,6.33148090427226
366,13.378406734507
366,10.509422821294
366,1.67750942753628
366,2.83072795486078
366,11.9097342801498
366,1.16439344128594
366,1.19369112187997
366,2.56482866825536
366,2.26708883186802
366,17.9177356780249
366,0.954890006165741
366,7.15349229028714
366,3.90624952744223
366,9.26990614230645
366,15.5843909821453
366,3.10587165644392
366,3.46564554609358
366,5.96077653558409
366,2.45035740546882
366,2.04403576208279
366,15.2539259559455
366,7.01520471538611
366,5.97185946979976
366,9.46119060697866
367,4.96293947271616
367,2.00239929237383
367,4.30265230105674
367,12.5320570071446
367,2.04866966232657
367,1.10072612995282
367,0.971668693237007
367,0.0461802311200327
367,0.329263755701175
367,9.70872960942698
367,5.60332263798869
367,4.34723073143031
367,11.2175132979857
367,0.128971582744271
367,0.145541304830142
367,4.27628396989262
367,10.2843210190059
367,0.0516486795136028
367,11.3573765877784
367,3.22264485061169
367,1.17201464483514
367,2.83108352916315
367,1.82893196120858
367,2.27033157134429
367,4.12390379315018
368,4.6826006004349
368,3.26723800273612
368,1.41347754281014
368,7.74132307576847
368,18.2337666571814
368,18.6728570260409
368,5.03047736188789
368,1.12898755179938
368,3.81357448856998
368,1.58273739507422
368,4.31103917260345
368,0.396017646417022
368,0.476713702082634
368,4.90366780643767
368,6.94497687097804
368,7.7452726285429
368,22.5612769559108
368,0.4360249799297
368,2.62207191204652
368,3.54707618344293
368,8.84239945972435
368,1.07539975084364
368,9.26544006871891
368,2.56841279799119
368,0.683697272352519
369,4.03843761247025
369,3.22889997623861
369,0.338134584017098
369,4.56231641459197
369,0.501855653710663
369,15.0170077747645
369,11.3559259374844
369,6.04232375489032
369,0.00311148956958936
369,2.71464368095621
369,4.55105478435077
369,3.85105355589799
369,1.37267539408892
369,2.57955942768604
369,5.46793578171587
369,2.29075092822313
369,1.86320158005222
369,3.75879419946528
369,3.66083525565869
369,1.10515714390203
369,4.21497492564327
369,1.44551151432097
369,2.06958373077214
369,0.96469170646742
369,6.64538755526251
370,2.21134600462392
370,1.17502189490359
370,10.3893263633819
370,7.9859794212809
370,2.5607625185512
370,8.21514343800855
370,4.62606915634589
370,2.48789716977626
370,0.5932244239375
370,5.45095671412951
370,0.182505873895569
370,4.87366988768286
370,4.37223216963416
370,0.535115733057209
370,10.5070476879584
370,0.933177454862203
370,3.07883401867002
370,0.727027063257992
370,5.95160841920829
370,4.8544164937892
370,1.24646194744855
370,0.610029866653372
370,6.39311748070127
370,3.21641403948888
370,3.50673665425002
371,17.8160175674195
371,1.83348996564746
371,2.58948833914474
371,2.54924328066409
371,2.28918647393584
371,4.88758740459985
371,2.33770817983896
371,1.06292908312753
371,29.9236517382746
371,0.69362963548986
371,9.94378210003388
371,1.74145157783786
371,0.372994989156723
371,5.18337149617678
371,3.90597252619869
371,1.10635129967704
371,0.425611168611795
371,5.25251293857841
371,5.01516269815264
371,5.10340304558581
371,3.44405031297356
371,0.335054576862603
371,11.2348030042455
371,4.33802293592548
371,1.85917260823771
372,0.66939793817713
372,0.71493185358122
372,0.224258134947344
372,1.14435675105938
372,0.765575158492067
372,7.6676973510058
372,0.680448194844166
372,6.09688733683384
372,2.72354197986561
372,6.79348935817784
372,6.99217181354992
372,0.415310419630259
372,1.56684619374573
372,5.5968336293236
372,2.7938330755569
372,9.90560489664686
372,3.11258297845661
372,2.5919307442382
372,0.155710731633008
372,4.46878845316774
372,22.6636725092742
372,6.54905686133957
372,1.91707196645439
372,1.90207344247028
372,6.93544750059855
373,3.85969665811813
373,4.38847351332112
373,9.24714761744154
373,2.70762717351317
373,0.938675994984806
373,2.55068828817457
373,11.6431154025005
373,1.76467085024342
373,4.43629311376667
373,1.92130124148274
373,3.58029194031994
373,1.83724623871967
373,3.40302006807178
373,1.44087851280347
373,3.97153677863485
373,6.37095144463188
373,1.3142198510468
373,0.927946679294109
373,2.55448639625683
373,3.74382517745203
373,0.370427302550524
373,0.129948608686859
373,9.1268727179141
373,4.34456493218845
373,11.7262438625733
374,0.911790907926718
374,1.41451661707833
374,0.219761818755588
374,1.7360720611468
374,9.54237407962692
374,2.10499592358246
374,2.89591629523784
374,0.452033295296133
374,2.91663956595585
374,12.8884879728339
374,1.89502564091606
374,4.98786973940528
374,1.18901059994602
374,1.17201422573999
374,4.03268202652639
374,0.587617389392108
374,0.902278588619083
374,11.2646908027338
374,0.141967713352559
374,1.63272296502643
374,3.99269187801933
374,1.58733340911567
374,0.850510366726667
374,4.30390774717039
374,3.99926024933761
375,5.98510658813125
375,1.7662530997768
375,0.110055222696381
375,3.31041328376159
375,0.899279625155032
375,16.3672766081038
375,0.845239323098212
375,1.38729494210612
375,8.96380777428758
375,0.0847992881288081
375,24.8030643988599
375,0.295351550448686
375,5.47003865686661
375,3.15449541340444
375,0.690365078652506
375,7.38453479331071
375,6.8436203568936
375,2.12906920351088
375,2.09053681232035
375,3.00663466798142
375,8.19581300909531
375,2.65364475548267
375,8.45688734161568
375,4.73031406735486
375,5.24862389990544
376,10.5784204130279
376,1.1115240608342
376,5.54760789012021
376,15.4098599395695
376,1.80056456243619
376,5.42024921139187
376,7.66093011903477
376,0.277272083330899
376,1.73472627298906
376,2.20289962519138
376,0.866563279700233
376,2.67851462820545
376,1.62721157910612
376,1.98122158879414
376,6.170273120305
376,3.90878293176597
376,1.62462852662429
376,8.13996033701015
376,10.363188702193
376,5.63289677237576
376,19.6049484879452
376,13.9653047538343
376,3.67168486562973
376,0.496780618559569
376,9.41657409029913
377,0.173944961279631
377,4.5153625454422
377,2.05616729799658
377,10.6655350524289
377,6.49203736779696
377,15.5676859292441
377,0.91020851913607
377,1.62108066026121
377,4.82297969495362
377,7.66074768225563
377,0.719074114788518
377,2.62332036392763
377,2.14783494127914
377,1.04772220666614
377,2.53174868932164
377,8.05556272508557
377,6.54987795257425
377,2.25071453655581
377,18.8521226019341
377,4.88739642293608
377,2.91705040028319
377,0.71348412102199
377,14.1355522069506
377,0.0164670031517744
377,0.400461561512202
378,13.8299962592529
378,3.80182763074941
378,2.52727188635617
378,8.35850406216926
378,4.10753955699392
378,1.12896082952136
378,0.825336808338761
378,5.35973601487881
378,40.5799745465807
378,1.49227540008724
378,13.1798664939808
378,1.50055072163876
378,4.71497533647962
378,0.946958844379029
378,2.43445578264073
378,2.8597946674563
378,0.529398992657661
378,7.08902281598023
378,12.3814459418165
378,3.73381244463331
378,0.560513259842992
378,2.10170416424973
378,1.36393439380031
378,3.42693281825632
378,3.7558413482457
379,6.44001706482327
379,12.7115690236198
379,11.6101207130521
379,1.64762197760865
379,1.44907164620236
379,16.4755959800425
379,3.79023662281638
379,5.14515584313727
379,4.1061286672712
379,10.2758540767701
379,0.378351848533107
379,2.73025580914691
379,4.55039799536418
379,19.071777243391
379,2.70032952539623
379,0.166022349148989
379,0.593639225699008
379,1.96600309340283
379,2.01552344951779
379,12.1454484288799
379,11.1362020758199
379,2.3241518298164
379,3.61244179753071
379,3.25277953641489
379,0.76459089294076
380,14.0054785079303
380,7.33112779823229
380,1.20323829120025
380,4.31889986132687
380,1.43235471527444
380,14.3031697339358
380,1.2149770763033
380,7.01404856210011
380,5.2290643842653
380,3.12729356111959
380,2.26474676746875
380,5.59460218974805
380,6.97646821059249
380,13.7862729926811
380,10.7567821738356
380,0.827157908605877
380,2.4510941381923
380,20.1706210792738
380,10.8800415328774
380,20.7346283168274
380,4.26830350866026
380,17.6398308844048
380,7.36357399220479
380,0.231033390368485
380,6.2518451779843
381,0.928485987242311
381,3.83386640817465
381,1.48462816481124
381,0.0756183871999383
381,3.61993746977833
381,3.15396206686273
381,8.30909457947028
381,2.75990973226726
381,2.29597667070247
381,5.42392530923194
381,0.707160469610244
381,1.62353243213147
381,2.09427873371169
381,0.00115235829646663
381,2.57209278331485
381,14.3662669873776
381,2.3429320845753
381,5.35120469491419
381,7.5125652174921
381,9.14558472069812
381,2.44746869895607
381,0.700987850688
381,0.927941014037576
381,0.776014996226877
381,2.98514560097829
382,8.53450161362898
382,7.98776536206615
382,9.59590494590712
382,10.7758066710288
382,4.34976056197143
382,4.33011854977763
382,0.709487490287597
382,3.06579420575872
382,1.262813829636
382,3.29548337263986
382,0.435031584929675
382,13.143546943854
382,2.95687681529671
382,4.61989602931251
382,0.698494827374816
382,8.71113360817444
382,9.35699203138407
382,0.794438005884862
382,0.455776618259734
382,6.95849113124323
382,0.662220404483378
382,8.23501743334246
382,2.14829819276929
382,7.13833526749618
382,8.46294971983052
383,9.40861125434649
383,2.96705596381798
383,2.01036774786189
383,1.13691343693063
383,3.91524149083948
383,3.28036263119429
383,1.10711205517873
383,2.50670890556648
383,0.944602752197354
383,2.03672014875337
383,1.28187294168482
383,10.5464477365123
383,7.6851766738565
383,8.1250981702925
383,3.94563308895981
383,1.22092644451186
383,0.24578557500491
383,0.948296457063407
383,14.1203357270899
383,6.04691596680737
383,10.780052233065
383,3.36956336162984
383,0.645340263284895
383,2.09812775021419
383,6.30596527926792
384,16.7206248260083
384,4.06435584628439
384,15.788992679769
384,8.81132734897447
384,3.69644703133928
384,0.0707208339642677
384,19.8874870956618
384,0.523242853703865
384,1.79749009432271
384,0.401158137246966
384,1.78364887020361
384,12.7714801666545
384,2.45631171856076
384,3.24018286773935
384,2.38247929839417
384,5.47439049908376
384,2.0142443108716
384,2.68631601240486
384,0.310441604815423
384,2.07425920525566
384,7.5159955580635
384,1.1077462346293
384,5.52528137173655
384,2.22153492010333
384,4.99101741218424
385,2.16474085114896
385,1.06603370280936
385,8.02615848327887
385,2.35173159264274
385,16.2133778995814
385,6.357789337425
385,6.43015773480243
385,0.0339161488227546
385,0.719154854542528
385,8.93674903507245
385,8.55867851483536
385,0.181165477260947
385,6.1439010685072
385,9.50067922430945
385,5.88070798644281
385,4.11515240536487
385,16.7077241084518
385,2.13684339076281
385,11.9396653851274
385,2.71051691612229
385,10.7296138902413
385,0.879268691641331
385,3.78394108400436
385,1.01361397420987
385,2.0602205209434
386,4.01419893817461
386,2.02545152744278
386,1.36556678218767
386,3.29130152240396
386,2.86169971572235
386,4.02742602305893
386,0.214499358553439
386,1.01369033101946
386,4.54836179015642
386,4.60120277458286
386,0.229583776988938
386,1.21639543911442
386,4.66574484461403
386,4.22341116217381
386,4.62001076339338
386,3.11644237791508
386,0.234328925143927
386,2.98608866753057
386,5.03154953920698
386,3.41850776225328
386,7.8211390036614
386,1.23307774309069
386,15.920246130878
386,2.5767387310043
386,0.388532674405724
387,10.4762092878329
387,2.92915927013382
387,3.99933087152845
387,0.147875014400764
387,0.00152993947267532
387,2.54631789634004
387,2.88975562434644
387,7.95694185105278
387,1.46147390238896
387,1.05955556019076
387,10.9972939947879
387,2.47082134475932
387,3.76097541957051
387,3.2051306264475
387,3.711742516397
387,5.6840832249955
387,13.9632382980528
387,5.99371306577182
387,3.86617141517158
387,0.150486542843282
387,8.9374870988996
387,0.378737056162208
387,8.7289424515785
387,6.58755654913789
387,17.4535729259926
388,4.52398843400693
388,2.57000752491876
388,0.871072955417138
388,0.601750430651009
388,3.70512015630907
388,3.35839754436165
388,11.6017051127957
388,3.61912624012993
388,2.95907914568234
388,2.59614153532311
388,10.1900725714387
388,7.20690350006235
388,3.83837126174426
388,3.01436937879771
388,0.804914745967835
388,2.40283609833568
388,7.66926897453383
388,2.32375148450956
388,4.41233835162079
388,3.30994375515729
388,3.40008433675393
388,19.4295417786318
388,6.26884850186712
388,6.71424895503974
388,8.1163756731422
389,2.11982568725944
389,1.1838588770479
389,8.67586299540508
389,9.02682763482344
389,1.26402534474258
389,6.71889417318112
389,1.71523766138456
389,5.2479263905198
389,7.82823110130057
389,2.46833878852023
389,2.39736762403839
389,1.62251751404256
389,3.80805275381959
389,15.0492690867724
389,13.5707526554571
389,11.6362126048163
389,2.89271998219192
389,1.47694434970617
389,3.6959631226719
389,4.5023734399811
389,1.34611644909717
389,0.452306943479925
389,0.954816839657724
389,2.32220647640498
389,2.0969924191013
390,3.20839422289282
390,1.43821296514943
390,3.93970287849611
390,22.4339657450531
390,3.97663398624814
390,2.55594877678424
390,3.5507828647033
390,5.96864275613284
390,1.33459917502478
390,2.87364746443927
390,0.69739085583352
390,6.89789321718222
390,0.633727001400984
390,0.205829970774137
390,5.89510738828635
390,0.456209841649979
390,5.00154808142638
390,4.45666573760678
390,3.23308083694428
390,3.2506872038357
390,3.6220856940136
390,3.99304349885738
390,1.12081903734258
390,3.56249892893208
390,0.223989326041192
391,4.27273448535657
391,5.99433862117535
391,1.89612209190759
391,2.51260015880689
391,4.05913485922874
391,0.8138208813034
391,0.718293774407357
391,4.0569507840783
391,10.4719775443183
391,1.01280443836004
391,3.77270891637383
391,3.11419808072969
391,4.8494490485689
391,14.8276927686276
391,5.87942269609726
391,2.5381844677031
391,0.0147085894621238
391,0.600726979319006
391,0.440204010810703
391,3.14561252249405
391,5.67156362791962
391,2.40060778174781
391,0.441473620624319
391,5.92218605780459
391,2.12696951348335
392,0.692690822761506
392,7.63285582843137
392,2.14466199046001
392,12.7732373488354
392,11.8263913697945
392,2.58189939893782
392,9.6908933385731
392,3.54769578024097
392,3.36150715826079
392,11.2995803629266
392,4.19029247926033
392,3.30248325364664
392,4.96084642575538
392,16.7040690026226
392,3.4841592907571
392,2.1612713765353
392,10.6809946422683
392,1.58117385115474
392,6.53661747907704
392,4.9031905455277
392,0.816370719112456
392,2.90742645738646
392,5.19199504961676
392,6.16873547413802
392,6.66624029145992
393,12.7714268391238
393,1.66781118605286
393,4.01121935845101
393,10.823152522332
393,5.32458771464831
393,1.51206881739199
393,0.707443311063751
393,0.821027688216418
393,3.66008757592595
393,9.73256474318814
393,11.9755597126888
393,5.0790837172181
393,0.35097156306606
393,13.5581945528494
393,0.259099593386054
393,1.51977707631886
393,5.10762417989944
393,0.436339011884452
393,9.07122889478919
393,8.21446202270595
393,12.2359203261541
393,3.70469278186211
393,0.445297932366436
393,0.0644627388661948
393,6.36725910918272
394,0.0480474787764251
394,2.63855563243851
394,0.819316542743189
394,1.9786164592903
394,11.8861479212748
394,8.70076994369638
394,19.5409164101559
394,0.857877939796113
394,10.1190189361097
394,6.99493419336987
394,0.324956184359025
394,10.921023794751
394,8.51786872492062
394,15.7347911587896
394,8.98788323583913
394,17.5179422767925
394,14.6374421558323
394,3.74961667294067
394,7.40184102123732
394,19.1430274666029
394,8.14065284053695
394,5.32510209761602
394,0.197045900858939
394,1.84508036356419
394,1.90648119810824
395,2.01786643592641
395,14.1238077068563
395,26.9185533452977
395,0.90042095631361
395,2.92928844923154
395,5.04078746567953
395,0.630175762344152
395,4.72431298287685
395,2.57344483810838
395,1.18297968292609
395,2.58253473555669
395,2.49441147316247
395,1.73919589724392
395,1.3818176323548
395,2.95581397367641
395,11.9965530747292
395,18.2022883266884
395,6.81398870144474
395,2.62349971570075
395,1.95251644356176
395,0.257890818174928
395,6.47560320773578
395,20.6914216548878
395,1.08260259620444
395,2.80851830495521
396,4.81536347398019
396,2.55436941981316
396,0.677356924507584
396,2.12889181450009
396,4.28876924307501
396,0.828414656953684
396,1.25224636454987
396,2.17457417398691
396,2.92154775220262
396,6.9650597866149
396,4.75193947998291
396,6.99747039843775
396,2.24368601338938
396,11.4233140734242
396,0.919445275794715
396,19.7363936424929
396,0.0987553130835295
396,2.73939681705087
396,2.53375699649363
396,4.58710755666202
396,1.10545213101432
396,0.0996928266249597
396,6.7624624816463
396,2.65463799703866
396,2.60326955700293
397,15.5502203843536
397,7.24391292738629
397,2.85746980924159
397,2.41847575642169
397,6.32894730174399
397,7.59556227321637
397,7.85067981998337
397,5.32730897481146
397,0.284882623236626
397,2.40116381784901
397,7.89061383302224
397,8.50669264131259
397,3.87904305455691
397,0.687969599384815
397,7.92761073405755
397,3.9448364402861
397,3.02887666970491
397,7.28481234589778
397,0.684926719404757
397,1.92874655826017
397,2.62296122169445
397,13.3754828659104
397,0.744393260683864
397,14.8636327501967
397,0.121371455024928
398,5.07485835791981
398,3.08451844612136
398,3.62099160419262
398,9.31066877200644
398,0.0190744246356189
398,0.0461955208205963
398,0.92050526291132
398,3.90590850242829
398,1.14738585427403
398,0.80080659868382
398,2.93831324903294
398,0.553161045484537
398,0.076175001449883
398,8.94906084011209
398,0.220964278560132
398,3.16508050775155
398,2.60717085928878
398,3.22949271881953
398,6.07724205388049
398,5.77386628692287
398,2.45337031781673
398,6.08758673137438
398,3.18174323765561
398,5.3035535707832
398,1.50601276662201
399,3.32213105401024
399,3.22589308256283
399,5.19809308717912
399,0.763363242149353
399,0.866634966805577
399,0.0884829278475325
399,8.4956998187573
399,6.16564311531788
399,6.25604509685254
399,11.9578643788801
399,14.312194057849
399,1.65045681072795
399,0.771312464494258
399,8.87570869135571
399,2.41764397826046
399,2.70559828728437
399,6.53205011018968
399,1.73836858710274
399,1.3768866402097
399,1.71466573840007
399,7.338592908191
399,1.24221951933578
399,4.61352771592742
399,7.0383781609439
399,2.10666064638644
400,0.126346789766103
400,1.44709035220718
400,0.604642566759139
400,0.949260743800551
400,3.3542457036674
400,5.3328003391965
400,4.22320902792221
400,7.35598495145831
400,0.206305967201552
400,2.21134712342612
400,0.149146958719939
400,2.22883142996579
400,0.171282480009722
400,1.6282481350936
400,6.85133950763798
400,0.226624668575823
400,11.5926367503809
400,6.14487091524011
400,0.137708506081253
400,11.300255993302
400,2.63058120384812
400,4.51351752949363
400,1.2018064619042
400,0.376689755357802
400,3.37736191228032
401,9.53034247229707
401,0.471881185303075
401,5.18057253190732
401,1.92933763610199
401,4.21752788603994
401,0.040494694840163
401,10.1482053562523
401,4.69878579934543
401,3.98720326812422
401,0.990913196001202
401,0.243922907393426
401,1.18479252560064
401,2.01836435589939
401,10.2885407763989
401,4.65060035677111
401,2.99061328871176
401,9.60906139532936
401,0.707300940994173
401,4.91813302484757
401,7.62077322187734
401,0.285425547044724
401,0.801713252589654
401,2.30512226931751
401,0.106924475753774
401,4.35371600536114
402,3.73919648056142
402,6.96329799438727
402,0.646675389725715
402,1.43396215922672
402,10.1290617413343
402,4.25221165671036
402,2.05811480525881
402,5.51977592499411
402,7.6759146522255
402,0.0409317468723055
402,0.71074137929827
402,5.21890951299524
402,5.03605506827539
402,3.30621050903574
402,3.26673934469
402,6.3384443472833
402,9.76497603538346
402,2.14000418549404
402,6.38132676461196
402,7.78342983445974
402,7.17125532666409
402,13.1930331600117
402,3.07810089550912
402,4.00568059624589
402,9.02235592775369
403,1.33924934250252
403,2.04410040285438
403,2.49049796966513
403,12.4266987040355
403,9.26958372774434
403,0.607153126038611
403,2.17445099027827
403,0.902135360520333
403,9.0862473841281
403,9.54483640338194
403,13.4055240166591
403,3.34249993087724
403,1.42017201520503
403,2.95568915316835
403,6.70617158503688
403,4.21714141943908
403,2.2136679245159
403,2.80041388701648
403,0.967542394064367
403,0.525682708248496
403,0.130453065503389
403,3.11205339152366
403,5.19127611049867
403,0.408483941998131
403,0.0949925767683357
404,5.45835744568563
404,6.69419846942133
404,0.935208301525563
404,1.82202569907531
404,3.57801495098925
404,0.357664884068072
404,4.5126230966062
404,1.50314448038611
404,7.65473063061846
404,1.86229898128659
404,0.802925871685147
404,13.0197980088007
404,1.60663500195369
404,3.33365122089162
404,12.4685280413812
404,0.672358896117657
404,1.88515068730339
404,3.95686665063208
404,13.4150274557279
404,1.09494413947687
404,5.79779456814236
404,1.50491691660136
404,5.83604140651828
404,7.3753060162306
404,0.5578359464763
405,5.60295377371317
405,6.59261153524226
405,11.1475015145944
405,4.21204799765205
405,8.87624302310035
405,12.2507310000466
405,1.03756403317858
405,3.98711390526184
405,6.61503497955805
405,0.0274774874560535
405,7.30534955817175
405,18.6826268107373
405,5.02025858478105
405,7.32170582608627
405,1.61834151018411
405,8.70060952585614
405,0.845625831279904
405,1.92419319646433
405,0.272777101490647
405,0.0584138257217054
405,11.372843691449
405,0.302770953915333
405,4.61723641946774
405,3.39226496173069
405,6.84098982696837
406,1.5997252590023
406,5.70957122074877
406,2.27891982533038
406,5.05408169680691
406,4.31531249058849
406,0.148279501540959
406,0.547540690749884
406,1.66695790374483
406,6.80314046309745
406,17.0067419848385
406,2.97619510204869
406,7.56362531292153
406,6.12395130076862
406,0.361819053676135
406,0.0419094134122133
406,0.968000980077156
406,0.956715195207676
406,8.60154296229494
406,2.02418483793736
406,0.17854006960988
406,1.46878141094293
406,1.7021042201668
406,1.4016404049471
406,7.2834461923213
406,8.22845617267203
407,5.4434189244867
407,1.40458635054529
407,3.05724984966218
407,0.524726166074068
407,0.55504122112482
407,4.39359508899456
407,3.1926463264972
407,8.88705299193871
407,0.400796302128583
407,5.18290491753674
407,2.17880079057068
407,7.65274386890826
407,0.432889155786546
407,0.750445283483714
407,1.1724483477883
407,5.22145221454507
407,2.93329522712156
407,3.41323881177232
407,1.47245707739106
407,18.9960584937408
407,4.13743255173272
407,0.426735572586172
407,2.90758159942925
407,6.70472609323865
407,5.93836014138019
408,5.73212711119509
408,1.32224338129163
408,0.661965008567713
408,3.14255604287609
408,1.94692303892225
408,4.99815652125931
408,11.9044012312059
408,0.645674598393324
408,0.0762082077562809
408,17.5261334595134
408,1.25850784126669
408,4.80147722088289
408,0.046839639544487
408,18.2245680052517
408,8.49936455446196
408,5.09583290645337
408,2.46610066387802
408,18.4277941555458
408,1.63072557887062
408,2.36688040895388
408,7.09673871721328
408,8.09336748863471
408,0.284342402592301
408,12.0564260048078
408,0.0121375219896436
409,1.99681321705705
409,13.8052378681706
409,3.04731135489419
409,9.92606084751797
409,5.01839019337154
409,2.80796969309449
409,7.89523659231973
409,5.51964680643237
409,3.32961380714551
409,3.26092857634649
409,5.77833681346333
409,7.2457444197954
409,2.81162403523922
409,0.204115314409137
409,18.0123624474484
409,4.15644323415312
409,5.77444277682758
409,12.3697932337629
409,0.576887199838513
409,4.09320717905464
409,2.51758080907166
409,7.33027258769728
409,3.02013674750924
409,3.71050588765597
409,2.85319933863888
410,1.6144023113884
410,6.03376391663758
410,2.61328577296808
410,6.42894824014461
410,1.34933246912384
410,3.83154848569489
410,1.2911499545909
410,2.39899472566321
410,1.35718253906816
410,3.05202257353812
410,11.6323656691912
410,0.409137088504864
410,3.12466069124639
410,9.72020145463657
410,6.5447881350056
410,24.6289774918239
410,5.45710956438164
410,0.528328977525234
410,4.15284373378248
410,17.0078167683425
410,6.4669034348563
410,0.584147181050627
410,4.21968096443729
410,4.52362845630801
410,11.7599506949292
411,1.55982120195404
411,6.18561834075904
411,8.55685942764294
411,1.85038811863441
411,7.69365075933647
411,2.46561554493383
411,2.07564454321092
411,3.14298582961783
411,1.87087554484606
411,6.49936713257289
411,4.56238790394223
411,9.66929155848365
411,2.11484393570572
411,0.548252214817712
411,5.79224470147032
411,8.61032910602999
411,0.0127160386182368
411,7.98833360853505
411,11.5921690401839
411,6.68427030534899
411,6.91242247333235
411,5.47113367426373
411,3.07585544884205
411,1.75502132624388
411,3.82726029405733
412,0.94337205798992
412,4.56804884110993
412,2.32471487484872
412,1.01160543737933
412,9.03501105452788
412,6.71149035429067
412,0.242186855742044
412,8.23049013460887
412,4.50170460968664
412,23.5308630193088
412,6.52717082740224
412,10.4361502540516
412,3.33172208396718
412,7.04162343458649
412,4.26162494871553
412,1.52912342222407
412,7.33189352746022
412,2.2084243367458
412,11.0114052570929
412,3.85359621906114
412,3.55454376877701
412,6.06452648041254
412,1.91903223071418
412,4.9533974889428
412,0.0237259105779231
413,4.42479687036743
413,1.39081573113799
413,5.49350469817823
413,12.2863263164865
413,21.9443743849609
413,5.02638749757266
413,9.86654423135233
413,3.87270129704319
413,7.89990150327695
413,4.56667061874127
413,2.81501258257776
413,0.258364041801542
413,1.49095639096092
413,4.53359229934818
413,4.93911745005703
413,11.152160418521
413,2.22904926398769
413,20.1661342651326
413,1.44571443973543
413,2.91426720796153
413,1.17335559800267
413,0.444247172145168
413,11.135301808031
413,0.908816396257175
413,5.74318560322994
414,10.4104554739999
414,12.4216746253179
414,18.1997059442804
414,6.16065619958049
414,1.34296293836087
414,0.609606553847453
414,4.17682405883162
414,3.82476732579476
414,6.88475085401392
414,3.45439657336101
414,1.55161030590534
414,0.970162933892307
414,0.323410088030513
414,0.413887454196811
414,0.254284557886422
414,2.79020086396486
414,0.164153575897217
414,2.74333980865777
414,14.1818791878872
414,19.5594977999642
414,1.68736471096054
414,0.610143588037694
414,1.5988507703878
414,2.87504053208977
414,9.45740409153414
415,2.62048419564962
415,13.1519994412767
415,1.23052242827772
415,2.17907717913074
415,4.51752729526814
415,1.15104174008593
415,4.5806247925148
415,0.426419336906899
415,7.38380177835834
415,24.7525736022939
415,3.43272625235841
415,4.38204025076957
415,1.00153190782294
415,0.0053620315156877
415,4.20108314582563
415,10.7507530635485
415,4.95306841076768
415,5.99746094529933
415,2.60096668731421
415,2.67917821003781
415,1.2817265233025
415,4.74956166909492
415,14.1501224032583
415,0.195317640900612
415,0.510915577005595
416,10.0143868751348
416,4.22258222920305
416,9.82727591837657
416,5.38960578412075
416,3.17095854319632
416,2.68152203410864
416,10.5437756155946
416,1.89407872929642
416,1.32780680753894
416,4.30066211706253
416,5.93393530675626
416,12.1797114511238
416,4.97046068289733
416,3.26195391593501
416,15.7224965832176
416,20.2437285602766
416,2.17105338582769
416,6.37032891602671
416,1.02339382789978
416,0.989177907703256
416,11.2066002502157
416,2.14030633913353
416,0.691974158398807
416,2.46609905268997
416,10.7126457703518
417,0.411262248754647
417,3.10098313260823
417,9.03598902705026
417,6.88228296560651
417,9.2901535700531
417,3.20529719116166
417,1.70779651030898
417,7.11722832567436
417,7.98835582989168
417,3.70517130317199
417,0.443696939815682
417,2.47663549380377
417,16.760527602488
417,4.03992791769168
417,4.46586881277567
417,0.78108943765983
417,0.414997145999223
417,2.7394166146405
417,0.154177008078637
417,10.6114898874557
417,10.8118523482953
417,0.213497682176191
417,5.18073032123453
417,8.53070535655034
417,1.85864310478792
418,1.4726194483228
418,1.69772864319384
418,13.8435458478736
418,1.67246293509379
418,6.13757390973574
418,3.10982684371993
418,13.9942333838882
418,0.421781735494733
418,4.66735342974574
418,1.71191032743081
418,40.3507207776598
418,2.72020594682544
418,0.788427071685207
418,4.7986232114718
418,10.3728806909229
418,0.24059777148068
418,8.15741145010007
418,10.4867058972176
418,5.12558180817819
418,0.665987688600903
418,0.175341046415269
418,3.44869473017752
418,0.741607779636979
418,8.07623938142348
418,0.996647490472305
419,3.41271379031241
419,0.594638942275196
419,0.010492682085839
419,0.190115939059573
419,11.5731061895596
419,1.45395781844854
419,0.463581122774973
419,23.6227976704452
419,1.94973677396774
419,13.4492056903647
419,1.49061307078227
419,22.1543926919315
419,4.02045131967501
419,13.7101061542736
419,5.92743033519878
419,2.51735331490636
419,3.13716999720782
419,15.0476040682735
419,7.3527123961122
419,37.0166086198247
419,7.31614240403187
419,5.09874344782388
419,11.4847469602929
419,2.00754749588668
419,0.306747504509985
420,0.724098430946469
420,4.38838310518718
420,0.259468486842996
420,11.5917133067952
420,2.49299101531506
420,0.246471436694264
420,10.263480329466
420,7.45084780226362
420,11.6565774167854
420,16.5675190082731
420,1.76320057129487
420,3.06332493666559
420,8.69068281526009
420,15.7643055534902
420,7.26140399421466
420,0.57159250031633
420,7.6709065895809
420,9.4210861153425
420,0.716728903353214
420,11.2306643550502
420,2.38689367159366
420,7.87828417452884
420,6.88740772639817
420,0.488802441395819
420,12.7279115927624
421,1.8627773784101
421,31.4370833970329
421,4.63305187390602
421,2.94591888552532
421,0.219229049187865
421,0.890466396925878
421,7.54068838412722
421,2.21566352760419
421,7.10358077618194
421,3.78012907670295
421,3.81661026959113
421,7.5277454629717
421,3.13638173509389
421,3.39709898922592
421,18.5474494794016
421,2.33359439997002
421,13.6850573395597
421,1.32509713255897
421,4.8232605725289
421,0.166771085932851
421,0.575391058810055
421,7.54457034128618
421,7.01966503929352
421,17.808275547691
421,3.8116140298978
422,0.887302129995078
422,0.674036040436476
422,1.07059443835169
422,2.48749053571373
422,13.0535698210107
422,3.80053116117417
422,0.816457653418183
422,4.55154536270952
422,3.07836854364723
422,16.0836900389733
422,3.96567265980185
422,6.57435635549432
422,0.463320259004831
422,1.0807718417696
422,2.66550307860598
422,6.29350880605585
422,0.292693781666458
422,2.30246943421662
422,4.79362616294479
422,21.2612363099566
422,3.13362125074491
422,13.4065914985942
422,9.08795292710106
422,6.19340893791473
422,2.14540532557294
423,15.9913955992999
423,5.8724608409912
423,0.953410963259634
423,12.0812606714566
423,4.12138022461391
423,1.11306228907779
423,0.203268174082041
423,3.38912026258186
423,14.1602800033035
423,6.60118606851852
423,4.74129783899939
423,0.3450713516213
423,2.60961857857183
423,8.43152698617087
423,2.27392609231174
423,1.5598059957847
423,1.92167738199579
423,7.89676573085499
423,4.67332332108917
423,0.625577749158778
423,6.53139865622601
423,6.58198630881912
423,1.67174132307991
423,0.932431860054109
423,5.01393670195198
424,6.48130362366742
424,0.580399802420288
424,1.79052548715845
424,3.99995285193472
424,7.04698748647329
424,6.11496790756887
424,2.6816895743832
424,3.53750573915845
424,0.100874966010451
424,5.20722825059152
424,3.38729996234179
424,1.36739345965907
424,24.7902088827351
424,3.33828527946025
424,0.189982200972736
424,2.93544200016186
424,5.35564561819142
424,2.33147852821276
424,21.1624606872413
424,7.7488579410584
424,5.1916509119556
424,1.95079944329336
424,4.40229354507885
424,10.2258170205624
424,1.9749709428288
425,0.443805891554803
425,3.76269760520613
425,3.03502291440964
425,2.87680809618905
425,3.35616676602513
425,3.80741501801182
425,31.3150083161613
425,6.59158805364227
425,15.4318315154853
425,1.97193010011688
425,14.1073931745234
425,1.5099284495227
425,6.27347012029445
425,0.312511732336134
425,4.97855914735651
425,8.02916890611635
425,0.693821909371763
425,6.8289270296455
425,4.08279732314354
425,12.4109684390234
425,0.436447067186236
425,2.57072031265125
425,4.84060737817403
425,7.78479495975089
425,4.58476565462247
426,26.5646090436925
426,2.01548652319102
426,4.37088230451638
426,1.99406179366633
426,1.89679332543164
426,8.62887999045109
426,1.54791046632454
426,2.6782029424794
426,11.6440725413369
426,0.77075348828724
426,4.26058602498329
426,0.662994420661574
426,13.1567887862431
426,1.25724839745089
426,3.60187397480811
426,4.14659390729121
426,9.1864697935671
426,1.43200987484306
426,9.4492820553006
426,1.55977243091911
426,6.07506776207543
426,1.51567721972242
426,34.687225881308
426,0.408733328804374
426,3.13460064819083
427,0.0776571226614051
427,16.4749848089161
427,0.212720115206617
427,8.71455097529006
427,2.55829846952111
427,7.05856412989554
427,12.6390792888807
427,9.58724342244578
427,2.67718386370689
427,1.98511440074071
427,0.892163536742916
427,4.07874869627363
427,12.3888591018723
427,4.71042106176809
427,0.165535514242947
427,4.49876730392345
427,0.355065825817057
427,3.26525308191776
427,5.64034871270365
427,9.66269795740855
427,0.610287424642593
427,0.110285187926707
427,3.82064627928144
427,2.19020327087492
427,1.27164754612658
428,1.21823478490114
428,4.60534887367344
428,14.5533364257755
428,7.97993525126813
428,3.38972796453163
428,9.91440760861051
428,1.01946640993119
428,2.52102420432493
428,1.71644475209657
428,8.13172890747202
428,0.319918983309354
428,2.73038425804583
428,2.28762497426942
428,21.8928515339706
428,9.40985757815552
428,5.31393472965374
428,6.08304904287166
428,2.21450199140236
428,1.20486898347735
428,3.29390593804419
428,2.92433129593173
428,9.59417720283282
428,2.00129455188289
428,2.74030256850557
428,2.88751725391993
429,2.6931086787954
429,4.15384242755777
429,5.1705974035282
429,4.50610768678611
429,3.6409764713622
429,9.14043037178826
429,3.64143034422255
429,17.3821985245425
429,5.28140462913966
429,0.363211990334094
429,1.13160822540522
429,1.20898597873747
429,4.59706247763193
429,4.36737810240543
429,7.75320799047959
429,5.18177024533457
429,7.75165481450868
429,2.86520880647004
429,2.58600613567978
429,7.76899636600393
429,1.85970569669444
429,0.051500726565142
429,4.48084098265922
429,4.06467559726393
429,6.67233477791256
430,5.25258348439178
430,2.02969617210329
430,0.544155386742204
430,4.77970303468868
430,4.70137853154397
430,2.35947373280302
430,6.35176310760385
430,1.20539588970042
430,13.8532961991833
430,0.142660031560808
430,2.89441645378247
430,5.57259691858149
430,1.65964859770611
430,13.7927314167129
430,9.03728236882017
430,7.15556602572548
430,10.144942709756
430,7.87140466230822
430,14.7665671250763
430,1.00687895668671
430,14.4734020895305
430,12.4684806044155
430,8.14771978142572
430,1.86556827276945
430,1.75937487278134
431,0.149526670021493
431,1.89407848520204
431,4.29767916652406
431,6.92385367096818
431,0.999997626220007
431,6.30411494502282
431,6.07267194872207
431,0.161117303650826
431,4.25643537638193
431,0.882467876654118
431,8.4063879116894
431,2.46186267584562
431,6.52158711084581
431,6.18905968943095
431,6.79217042380428
431,3.13612665981054
431,2.99426802899688
431,1.39735208236915
431,4.26150508669621
431,4.10675297004587
431,15.6070372453871
431,0.991554036736488
431,1.13911040825769
431,13.3023708028005
431,4.40071385332799
432,1.58850569045171
432,1.7726079924784
432,2.43662773398682
432,1.0840929299593
432,2.71029189461842
432,1.27217211325572
432,14.5686097681212
432,7.24793595219863
432,0.380711737088859
432,4.41688321733747
432,0.986895118840039
432,16.630350499505
432,0.358905189204961
432,4.06138956555768
432,0.499537657015026
432,2.95048420609246
432,4.88404978780548
432,0.194725724868476
432,1.06015845193385
432,5.02184052464968
432,16.3412675625625
432,0.0926833064295352
432,4.16700386421239
432,0.566185859497637
432,0.852895977106801
433,0.484305210411549
433,2.54857318032422
433,21.4629022205684
433,0.929161119274795
433,3.05003747111186
433,1.82757430477068
433,2.06848622299731
433,0.262891135698242
433,2.01078606070951
433,1.35701365070418
433,1.6658430849202
433,0.13619050144708
433,4.91516709772354
433,4.88978541435158
433,1.50678872096404
433,3.24023568304256
433,10.8370642823385
433,2.67932653427124
433,2.41865564370528
433,0.720562729984522
433,0.760937822051346
433,15.8779146904059
433,0.325503370258957
433,0.522352126426995
433,33.1148218251487
434,6.8267882846058
434,9.64484472717059
434,11.2853779730605
434,0.4986681509763
434,0.677460001315922
434,7.32320431841462
434,4.42959316422247
434,3.86375180890268
434,3.07933976873755
434,10.3544311780007
434,1.31970414426178
434,3.49284175234362
434,7.5844199392469
434,4.61215758209533
434,3.81567829665771
434,8.97664801175606
434,0.758332619868478
434,8.6996964361043
434,3.9606634385646
434,1.82296042330563
434,5.05390553653608
434,4.20360494575347
434,0.121578900071802
434,10.6628747557508
434,8.01522734532964
435,5.68319527411318
435,4.04654727997787
435,3.76755102287571
435,7.26873787077975
435,6.93147807340038
435,1.48431633980873
435,1.72231965088986
435,0.259745462980284
435,15.0987508097311
435,3.07936325203627
435,1.73357035853306
435,0.184215726330876
435,7.31345778289151
435,4.4977371647861
435,1.97066145483404
435,19.6967052192169
435,10.643761824867
435,0.432122456841171
435,6.94813895928574
435,2.31515411753207
435,13.3790128206121
435,0.705379426945001
435,0.949580282904208
435,13.0411333491312
435,0.229418894741684
436,3.0767793697305
436,9.17599572758091
436,2.55777128273621
436,1.29811269231141
436,16.3116379818859
436,7.71073126949689
436,2.07439739955589
436,4.51848463134325
436,11.1759483803621
436,2.51319752074778
436,6.99087794828129
436,4.75034462267017
436,2.02448597177863
436,0.796324347611517
436,0.806010145833453
436,2.87495792843401
436,0.0977806025184691
436,2.62187817783691
436,11.889851668993
436,1.90523003926501
436,0.866943964840347
436,1.03712165495381
436,19.4025529663366
436,3.49507099462158
436,1.40643420862034
437,4.67855406904078
437,5.29957962667054
437,1.59019095590338
437,12.7817988296257
437,4.51062217422375
437,3.75235892770005
437,3.60472414155907
437,4.63530974848804
437,11.8883560125934
437,2.5391114433296
437,4.16518893071866
437,0.479011930296967
437,1.97451967047527
437,11.1268998583065
437,15.7293424582357
437,0.1875391677925
437,2.38574059214443
437,10.9279359703739
437,1.82205878663808
437,9.1803368169259
437,3.19129728944972
437,11.1329998309638
437,9.04424917842162
437,4.99104544499373
437,6.21869241797781
438,2.90635052137077
438,20.5813271076161
438,4.60667334010309
438,4.92113799301392
438,9.15153352501702
438,4.08174531978971
438,0.599527440086638
438,11.4889315788852
438,7.36161576541972
438,6.02449600098139
438,8.26648580799711
438,0.725797857442899
438,26.5213816691388
438,13.0191269976305
438,0.455600305773258
438,8.54562651138389
438,4.90038734839714
438,3.72723765184587
438,1.02414475288242
438,2.61262162588537
438,5.45274362878359
438,2.22043889574707
438,16.1435513029331
438,5.72626638205207
438,2.73018249500227
439,3.70622533226475
439,1.03739896686883
439,9.87099335486901
439,2.53912459127605
439,5.61694531214839
439,0.644023530185223
439,2.6834454992786
439,3.07903069081594
439,2.55529853980988
439,1.08460025861859
439,0.67772973966408
439,0.249654385261238
439,16.7009475818815
439,22.8275088394496
439,0.803389304783195
439,0.370317737871179
439,17.8131604922378
439,6.72475457636124
439,7.88479938883168
439,5.17636091699813
439,9.82498859944654
439,3.5067895518378
439,2.9864514619112
439,5.4122066228073
439,8.95000081467342
440,3.75091839095062
440,12.1042174373971
440,4.06690841961071
440,4.49199831673083
440,3.29841950675473
440,8.71641180436027
440,10.580201418799
440,0.112692034361393
440,3.8021018586815
440,0.188731979578733
440,2.454975892324
440,2.70729680079967
440,0.849984568132728
440,0.630622737885256
440,2.11451985117916
440,7.19134351196599
440,0.782232665113437
440,1.46413322072476
440,14.1902631146004
440,10.0421623602034
440,1.355028979201
440,0.424838929902762
440,4.36564929314221
440,6.78332621676332
440,6.65902543791986
441,2.06182152964175
441,3.06549149099737
441,0.739102859515697
441,1.93971786182374
441,4.60056361255652
441,3.94403619388284
441,1.80786293698475
441,2.53066807519644
441,4.3756182163716
441,1.21136096286768
441,2.52999750943458
441,0.965024201742588
441,1.06215128209442
441,0.412622038275003
441,12.4653230135547
441,12.2734532778369
441,0.339894299274886
441,10.6777240422772
441,5.18006409328749
441,1.27196511253715
441,7.20372372264874
441,2.64833719935268
441,2.80084989732131
441,9.28959873462927
441,7.05561109776509
442,11.1039532336151
442,17.2576753786745
442,15.9956213640676
442,5.2710911722616
442,0.0330239068716764
442,5.47079988463966
442,2.29134375229478
442,10.3828320368649
442,3.37563382694498
442,0.657398849725723
442,0.107907215044141
442,3.77513179534531
442,11.2869918433236
442,3.53076966458416
442,6.79880353135473
442,2.90788455633447
442,2.44944768726698
442,7.36977971116913
442,0.778567661431999
442,2.23575526848435
442,0.470553150380595
442,12.0193461224138
442,3.02268092753366
442,0.966345963533968
442,1.42242917791009
443,0.195171957705674
443,6.16672125158316
443,8.35102957631362
443,0.815268226433545
443,0.0746723210266101
443,10.3635622556777
443,16.9356594971361
443,6.01251983528441
443,0.61934842960909
443,0.557730447035283
443,1.67640027822927
443,14.2053276689168
443,12.1303365054152
443,8.2410755072571
443,1.60238134907559
443,2.9647790081799
443,4.86358762463126
443,0.389642727548653
443,3.08527271030471
443,1.20835389941931
443,11.7586832766639
443,1.93488452011901
443,3.78022388534105
443,8.60075412276101
443,1.99306287104264
444,0.404565702192485
444,1.43130447148807
444,6.0949867076934
444,4.33293596528294
444,4.54108414684838
444,3.2198124541901
444,2.70775164943188
444,2.66833054916561
444,2.55119883222505
444,3.55386558111086
444,5.9714947126568
444,2.72958067012951
444,4.43604751749092
444,7.33833014923048
444,0.551070086658001
444,1.56941034831107
444,8.41230347594996
444,7.25775462533248
444,3.61006038615476
444,12.5531066109644
444,5.43285028056657
444,2.50248789088801
444,9.53946192706835
444,7.25216825823991
444,0.19531698198989
445,3.81104168285786
445,2.6715381972985
445,4.47439180666065
445,0.210641790760091
445,2.29459783760831
445,6.18329720751579
445,6.06065532637245
445,10.9654946622793
445,0.850703843320635
445,4.17004960953307
445,0.489889725577086
445,10.4780835575289
445,5.49867733826345
445,1.44062728621066
445,4.14729448480016
445,0.947267767041922
445,0.856868615405747
445,2.32646686956286
445,1.72615227077833
445,2.72530003450811
445,8.69953827890468
445,9.42673278930497
445,5.81778213360763
445,1.6868769028224
445,5.1875863408432
446,2.39598734304309
446,4.38542776254422
446,2.44359757518396
446,12.1984636497902
446,0.021400212286922
446,4.82410958947098
446,1.58397105289623
446,12.597955231856
446,0.293941588606685
446,9.22815791289222
446,6.4782659288258
446,3.25628403574228
446,10.5179947515236
446,6.84561287031925
446,1.57011378090829
446,6.01130814270532
446,3.29418179579079
446,5.45272579395628
446,0.918146320618689
446,10.684096244465
446,5.62438923844552
446,15.9638165674152
446,1.95028948830441
446,4.61637534174819
446,0.778264233376831
447,8.3462345130266
447,11.4944218059196
447,7.30380507104798
447,11.1342746270972
447,6.48494039641178
447,7.62572465422464
447,1.27969197928905
447,15.4594980221522
447,3.53457776808596
447,2.77631033677608
447,0.11523860739544
447,0.412612347863615
447,0.199324454139411
447,8.05229349019837
447,3.4148455481045
447,4.54722935662512
447,7.72993638138187
447,9.26174293230188
447,0.113030632492155
447,12.4352414417408
447,8.43340751363243
447,6.07490515451747
447,2.77012971695513
447,0.476226722821593
447,0.360642552841455
448,6.33121123516417
448,1.24304348602891
448,7.92552962857199
448,10.2536299913646
448,14.1620530552211
448,2.33443648088723
448,4.55501875819123
448,1.32245359243825
448,2.11556178284809
448,0.368405974004418
448,1.4957096404396
448,0.282408113125712
448,0.464686751365662
448,10.3054541252078
448,1.99301316868514
448,7.03264359342766
448,0.738802163396031
448,1.1644326755777
448,3.28768313396722
448,5.51472602856761
448,0.344484396008641
448,2.15052531914761
448,3.32878227112815
448,0.535161055158824
448,6.19758943074799
449,3.19532594177872
449,1.36709449579939
449,3.3551576314494
449,0.495439721271396
449,1.23853838304058
449,2.05500597599894
449,1.18855690583587
449,8.38312351102841
449,6.74164908451444
449,12.3617536102639
449,4.61844549027687
449,3.15804445184767
449,18.290563848682
449,0.938264999437758
449,11.2227749538826
449,1.95855048019439
449,0.720693189650774
449,0.483920921105891
449,2.25728162797168
449,1.55388383660465
449,10.5119158228146
449,0.640036633703858
449,0.680544208735228
449,7.01182603208582
449,15.9594128645005
450,2.24459922198797
450,0.319607963622504
450,2.54948261426762
450,2.80218079918995
450,10.0934823598237
450,7.01456227925491
450,2.51900836557482
450,2.99316286575049
450,1.99404553510249
450,0.860767447896057
450,3.35092276334763
450,8.33034923258138
450,5.36805636895154
450,7.87131116165141
450,0.330972081982163
450,18.9695357298549
450,4.17626877759999
450,11.0767861808878
450,1.50505107361823
450,9.76326898629677
450,9.26076899240625
450,2.75396776618436
450,1.29155049907346
450,9.3389691408248
450,0.103327634278685
451,9.14784231181157
451,3.13123704865575
451,2.52370362402871
451,2.65861057068512
451,4.46478326783931
451,0.805553896352649
451,4.11913327386087
451,2.85011687432416
451,22.5464304710243
451,0.220186277292669
451,3.66177803350097
451,1.94027288075762
451,4.09262739566571
451,3.05523521499708
451,4.94512618318943
451,3.33544431021437
451,7.41374541683696
451,0.637227585539222
451,3.25062158983201
451,0.395015811081976
451,7.21485139100799
451,0.980886297766119
451,1.63891529456161
451,12.6751113211023
451,3.94227215067899
452,5.43909579494453
452,10.0815377287091
452,4.4166933992716
452,6.61729891297823
452,2.54282756941393
452,8.23507668408465
452,2.58080264015861
452,7.89840203667891
452,1.26539284174635
452,2.03056998783723
452,1.99037524638698
452,1.31288652075455
452,2.78884939849377
452,5.60067364925003
452,2.57954556262121
452,4.91329707184291
452,13.6809733783113
452,2.36973487306386
452,9.00707798036647
452,6.69162047540254
452,4.66048959621644
452,0.974363530986011
452,2.10081395227462
452,17.967019182511
452,0.591656158212572
453,16.2515018126907
453,2.47342471033335
453,1.81217956039076
453,2.73477486567572
453,15.7512754938545
453,1.01958221523091
453,4.76732568794346
453,7.22139370604966
453,11.9074931082534
453,0.25283606024459
453,2.91083578485996
453,1.70419102301821
453,6.93462257231486
453,3.0389558034949
453,0.907377935945988
453,1.70415573999619
453,11.3997875240849
453,8.66783969062281
453,0.920848628859252
453,4.39449473183752
453,6.8128442482785
453,3.76881408949798
453,2.58219060022384
453,8.2612149526872
453,3.05434193927795
454,0.00803825911134481
454,5.44627590131583
454,0.255452961853868
454,8.7120891823889
454,1.19683562079445
454,1.99669026769698
454,14.5202539480271
454,2.11587089812383
454,8.41556474939109
454,1.95283045526594
454,6.4013498041541
454,2.25487878753188
454,1.41825236612931
454,0.930649426300079
454,2.63475133590069
454,0.531083303701547
454,2.06640879856423
454,6.36808965419401
454,8.98069229866278
454,1.69102242543405
454,15.2807294568958
454,2.95249758288264
454,8.86698330710542
454,6.35263787095851
454,2.43359822779894
455,10.6926912212908
455,0.630793126765639
455,0.694165362454277
455,2.2731734556146
455,0.342415976338089
455,7.43413960749605
455,0.667125607700521
455,4.56559471765018
455,7.72878297562611
455,8.74263624618662
455,0.110235598072995
455,7.6584721461868
455,0.650744689083341
455,4.24399880671358
455,0.285258845183809
455,3.10373043175787
455,0.280822411231805
455,2.93910205597058
455,0.812562082428485
455,2.67715925350785
455,0.0142539106309414
455,8.26579448994124
455,0.737970345653594
455,15.5279324567857
455,3.63461884715622
456,8.08406790823056
456,2.36831653532001
456,2.07985514309257
456,2.47786396049655
456,7.87931727203441
456,17.1594287819209
456,3.68508117323957
456,7.6687334904552
456,14.3792681747686
456,1.09679260058329
456,0.861286935396492
456,3.49995564648366
456,8.74403659575739
456,2.89599680574611
456,4.26097629438544
456,0.964939726982266
456,12.0037627906876
456,0.40487138470091
456,8.11169070149672
456,8.07051009951769
456,1.14452773239464
456,4.76963952162719
456,2.45344646275043
456,5.48357428496188
456,13.7507005681502
457,4.98663968186524
457,5.25032008259032
457,1.45911494968459
457,6.24224632123225
457,5.09233294499523
457,2.18443845165893
457,5.93237203059203
457,2.33180402079597
457,0.87418784853071
457,2.99157693050802
457,0.096164452843368
457,7.15168686052839
457,2.29357829864162
457,3.93641327675236
457,2.02170355478302
457,2.86968765081838
457,3.78834908341473
457,32.1869646645805
457,5.51208738682276
457,3.48650444743639
457,0.170610990381118
457,4.14092710028972
457,16.5567571705478
457,13.3732549560474
457,2.91489330353215
458,3.41268999269232
458,7.89007933768344
458,10.5468454298781
458,4.88281647349789
458,2.11143287131563
458,6.66489695643491
458,12.031188422366
458,8.8394510648669
458,7.94471813568923
458,1.13196920237439
458,2.03452537301928
458,6.11297823002046
458,3.29541170736775
458,5.47814979662603
458,10.0273285429449
458,20.6602426142174
458,0.463265196885914
458,3.33621732192114
458,4.48618715326576
458,0.0226946454495192
458,3.88935273026532
458,0.506947732064873
458,10.9965267387638
458,2.35356797929853
458,1.74041012302041
459,11.8307372269439
459,0.682562611634307
459,1.71223226368067
459,0.681860233550569
459,1.36125981621985
459,10.3140962771596
459,3.69481959359205
459,0.700376159378477
459,11.9638075471543
459,0.103547143253496
459,3.27738410793245
459,3.44530551927164
459,3.36131173186004
459,0.499291336163878
459,0.927122780121863
459,5.29787506662438
459,1.21194966152743
459,3.54756624545883
459,4.91754536121169
459,0.508544283885604
459,2.83890948165208
459,15.8477043724599
459,4.9534676640988
459,4.74631599975847
459,4.04460924264936
460,2.78329097898677
460,2.33796943211928
460,0.116832516421493
460,2.71705428604037
460,1.01889341836795
460,3.84934979469931
460,0.0853300072886178
460,10.3426302499594
460,0.870838733633589
460,12.5007815759579
460,0.780288258101791
460,10.489666936289
460,2.657721566502
460,5.9041315128789
460,15.7595021269264
460,3.40168082620949
460,11.5311493625151
460,6.12749904838807
460,5.99734673255539
460,11.1526517933247
460,3.6090135805071
460,8.34833512972009
460,0.0324794906191528
460,10.1399736567856
460,1.69431481743231
461,4.05204113551831
461,5.22595816736525
461,6.6308077702061
461,10.9194588002967
461,20.7302241451616
461,0.268610460900674
461,2.78373791603372
461,16.0511522412194
461,4.95230974608517
461,1.66879893746227
461,1.85536889110268
461,6.6235298568145
461,5.17795087075304
461,0.716568823759201
461,1.93075884832069
461,3.19953908445314
461,9.9754688046397
461,4.16284266699144
461,4.26395686322308
461,1.20061328168958
461,0.0358387966758887
461,0.811268561519682
461,0.109006156220178
461,0.934910647483309
461,10.0411367319049
462,8.9377330053122
462,4.03730806873596
462,4.99953102299428
462,0.605477748864452
462,8.06023654075713
462,2.1170690911822
462,0.636682567172305
462,10.7766450842129
462,6.68526713715351
462,10.0145736332507
462,11.1727017389739
462,10.12873548041
462,2.08010580623522
462,0.527164400555193
462,9.9534250325979
462,3.14260432962328
462,6.26485408579487
462,7.4747204731701
462,1.59059914527461
462,6.53259374645955
462,2.4778919829987
462,0.239861712325364
462,5.39561746155328
462,3.4494437999092
462,3.3089332212694
463,3.27919609611854
463,5.39545041487968
463,5.70261921712613
463,0.504013400059193
463,2.69220652990043
463,6.69639409033066
463,4.369855383201
463,9.25275751347554
463,1.84905601275249
463,6.46609926575279
463,1.22351953077635
463,0.742450861397541
463,2.24756160469988
463,3.02945466712117
463,0.926251347194831
463,4.86617035345899
463,2.11423069005832
463,2.59425745811313
463,5.85432528497136
463,6.5247383432225
463,4.24297437982118
463,1.90212351968512
463,7.50192684757292
463,2.71476556546986
463,3.2710171258077
464,1.03731085080653
464,0.794799125287682
464,3.27885374892503
464,2.32536845840514
464,10.4128046659373
464,2.52038256498054
464,4.25257796400642
464,14.151992396155
464,0.762083450994556
464,5.7473999847025
464,2.55933819105849
464,2.26775299757719
464,3.22006850037724
464,8.86576122810761
464,1.23206317890435
464,19.0902224451977
464,2.6386101404205
464,0.259616954717785
464,3.15220509888604
464,8.43202400910568
464,6.03583130498833
464,1.98695558527651
464,3.25750390999019
464,0.902429108515075
464,8.63451234156204
465,9.04290233696711
465,2.52237079432234
465,7.64811061919759
465,17.2323452300372
465,2.35720444237813
465,7.28200420937766
465,1.33496485650539
465,3.3467608811784
465,1.08727051402812
465,10.4448581573771
465,2.41736822761595
465,11.0317390636021
465,0.00903375754654898
465,0.598254513608864
465,16.7960005617681
465,9.26627784925413
465,1.45305787445977
465,22.301317694268
465,14.5606189209856
465,2.47992245480418
465,0.960920122693969
465,10.9052740261424
465,5.64063333885229
465,0.888585473876446
465,9.1743207506545
466,1.01471441797912
466,2.07901551387885
466,5.84454660282886
466,2.84889668459073
466,11.2863327754318
466,1.66977262124419
466,4.19374372071577
466,0.319876329014875
466,5.20071085055775
466,8.96000970112991
466,3.84755740302575
466,14.5112134135308
466,3.86606400811529
466,8.50713296751392
466,8.05992846335185
466,5.0166355430331
466,1.47474171593785
466,4.01737186843513
466,5.51154043504453
466,8.00511384244805
466,9.16238523046386
466,2.24594930419698
466,4.00343418877403
466,0.0785168050788343
466,4.10031562184399
467,5.17265066393688
467,7.40241564768267
467,3.3047285489738
467,0.69700692081824
467,2.35608777584002
467,0.868595922365785
467,0.879306392744184
467,3.21175771765411
467,1.65144615806639
467,1.23780723661184
467,15.9845174095573
467,10.0295000332863
467,8.71366318273258
467,2.00998131884262
467,0.922627346023144
467,3.99954755947886
467,3.27412771759555
467,0.964179309085011
467,5.79004533598179
467,3.18438865477219
467,4.7040589803592
467,5.24231439435339
467,5.971980811818
467,1.85740304422722
467,0.629029108677059
468,2.16506714234129
468,4.19373423771417
468,6.39910093487656
468,6.56537187730378
468,4.10748883595175
468,1.05607110774145
468,7.64357417197996
468,6.64007671622044
468,5.63532272798425
468,2.99319166922942
468,7.99973711329413
468,7.96745700719667
468,1.01031151600182
468,8.62401180885889
468,11.2995356780695
468,4.02085840916291
468,1.32475093239918
468,0.312242640182214
468,2.55256288684905
468,4.86238532212979
468,7.77048941659641
468,1.04074530439928
468,5.81474322552825
468,5.43621233643448
468,3.84489356519139
469,1.2250692397356
469,2.71245730684757
469,5.148250516294
469,5.24878021774298
469,5.65614109837866
469,0.254600637126714
469,9.7254153709383
469,9.59395195596589
469,5.86168039569116
469,2.98978334292769
469,2.22891526529565
469,3.40818834956735
469,3.6182248151274
469,0.849910087417811
469,6.17723590207702
469,3.22844008682296
469,6.24708373544222
469,0.978509422857314
469,2.01523781055585
469,0.0483378097633213
469,12.3138163325595
469,4.04405717251307
469,1.65240831440315
469,4.3220751963318
469,2.82108177430928
470,9.09540466785147
470,3.11826199525967
470,6.043789088516
470,0.247105874701001
470,0.77208922131735
470,0.956809033848601
470,15.9465811393204
470,3.8077599366889
470,5.22743617163456
470,1.76959780510515
470,26.4140456248273
470,1.95326772285625
470,5.76749708005055
470,4.96298919410861
470,0.609953523858322
470,2.39147669170052
470,4.6285168964178
470,4.18928065002028
470,3.40989853488281
470,0.105721186846495
470,3.68768438210195
470,3.71948054504997
470,4.00407738962627
470,1.91877395613119
470,7.25240870871243
471,16.0843712828102
471,5.47348983099169
471,6.82679614496833
471,3.38922317605466
471,0.217732941336248
471,19.2462624428081
471,2.2343721689965
471,14.8270952320638
471,0.984034640609629
471,12.6108021189677
471,2.587113622576
471,1.70656028669327
471,8.87130457865906
471,5.10464330182827
471,7.45724313099698
471,19.2619025231081
471,2.52178814727813
471,4.49138812711715
471,6.68130616147651
471,11.7405064669307
471,0.411199683474238
471,1.53505564667284
471,4.19512098560139
471,4.78969925062215
471,9.78423186535847
472,0.451273319777101
472,4.85637862679964
472,1.05422984068393
472,12.5046625333454
472,5.87033709490156
472,0.0951986736617982
472,0.0572777329944074
472,5.49255253726101
472,6.51503975482142
472,2.1195997367613
472,4.73574943353838
472,18.6189933766357
472,15.6995679507464
472,1.79926377721131
472,8.04066322013343
472,10.9749396359513
472,10.3811032879622
472,4.6570062774927
472,6.2452781757102
472,0.0119425705634058
472,13.4957310830461
472,5.17206415978676
472,3.86323775108132
472,14.6430249989817
472,11.8174474586951
473,1.35918267553893
473,10.8055029918892
473,11.7575741646098
473,1.36891076341271
473,4.90914987604001
473,1.93265229929239
473,4.56469809692954
473,1.7580278492505
473,8.26858303467643
473,0.6622819963053
473,0.779782827894661
473,9.22374756264295
473,5.32799081331117
473,11.9797207501935
473,3.39678005781025
473,6.47105086494215
473,3.77453208879984
473,0.653817625716329
473,13.1225927056076
473,5.56171641198403
473,0.3573372388148
473,4.73203259033567
473,3.18199529545382
473,0.73656503435775
473,1.43308909377083
474,9.16512081357551
474,2.99146398669109
474,6.90196843796826
474,1.49728298187256
474,2.50594881596044
474,3.15087233902887
474,2.3040903173387
474,0.352027670002334
474,4.27367636203232
474,6.94465314699281
474,4.56847627626216
474,2.01486349048708
474,4.36663797104216
474,3.16699578659609
474,3.87295396511859
474,7.11032979643723
474,7.86534590208343
474,0.792325401458425
474,7.47251027465274
474,9.5707451641084
474,8.23313525835884
474,1.6150229288649
474,2.92359430110082
474,5.22517531157887
474,3.15066196024418
475,6.00803036221719
475,0.979820333886892
475,5.84450603011879
475,0.392459670547396
475,4.64513518360859
475,17.1572243041339
475,5.65241820157921
475,0.517655999865383
475,3.43779782764614
475,3.52792685505981
475,4.55511792541897
475,3.09620253741741
475,0.0103943536890596
475,3.73770377112037
475,10.1853204514356
475,8.71991161810153
475,2.25679202238098
475,2.53407287178561
475,5.30991864707631
475,16.3936678684297
475,2.28302516043186
475,3.30812703119591
475,5.18022472017861
475,4.06461307292289
475,10.9741019730674
476,16.0140614990403
476,5.42635416869821
476,9.09987573683237
476,2.00250059366226
476,2.44318675715476
476,1.08211853541434
476,0.162777879741043
476,1.51104246731848
476,6.15462552735067
476,8.03255771244776
476,1.57107573002577
476,16.5569819129052
476,0.224249072321894
476,7.13344400706601
476,7.41411473560047
476,0.701470039784908
476,41.1771654035143
476,13.567484774928
476,0.0737069702604904
476,2.72885191254318
476,0.38082187109385
476,0.165937959851985
476,26.0632404018391
476,0.225558204110712
476,0.119791836835874
477,9.86229876014304
477,1.92651536082849
477,0.603580151218921
477,2.32064983574674
477,4.17991506046067
477,9.20554832679563
477,3.4346517152153
477,12.3234751348602
477,1.96263724239543
477,0.792092431802303
477,1.40534849837422
477,8.87286472092283
477,10.7951818307148
477,2.50321771832302
477,12.8207916294442
477,2.72230480099097
477,3.02347708726302
477,1.6056291712448
477,1.38010880211368
477,3.13624565955251
477,3.16910235444084
477,5.08507615865624
477,5.66313900974722
477,7.98853130969119
477,0.00848724506795406
478,4.81915363555259
478,1.71998262161119
478,1.25616731820628
478,1.48655958128304
478,4.84786495392924
478,3.6704055869714
478,8.90740374061179
478,1.47314114496112
478,8.62940625535995
478,2.91809858288616
478,1.539632815402
478,1.59827681956813
478,3.22514408733696
478,2.69861077191308
478,8.84740009314892
478,0.667871560785322
478,5.4372501912774
478,3.84135320295996
478,12.0290038821505
478,2.819993037362
478,16.0025066806408
478,10.7933738793288
478,5.39552813763224
478,0.529826902784407
478,14.0306493631544
479,0.544078950770199
479,0.677742108236998
479,9.80266138869238
479,6.54516935327506
479,1.79708427516744
479,1.30382238328783
479,0.260370071046054
479,0.477713931712047
479,7.29431459704106
479,8.85590274905107
479,0.806535966124141
479,0.404654440935701
479,8.90572873777653
479,8.51791916373086
479,9.97676392975164
479,5.7261065810681
479,3.91103997805572
479,5.53667526095396
479,0.00953753013163805
479,0.160721722121775
479,1.2096862468151
479,5.74382463914758
479,1.63577241543366
479,2.20130866393447
479,2.8421748499386
480,4.67661881332702
480,2.60835332977418
480,1.97842280147597
480,1.07514165645749
480,1.93190389676527
480,7.71503371360886
480,6.12651012816882
480,2.97028099419549
480,2.28652209276333
480,3.3025742135942
480,20.8721300388191
480,6.68309687615788
480,7.47534261974406
480,4.2950194969665
480,19.7537919402796
480,3.54699627009636
480,22.3299088502739
480,2.14512304220248
480,0.19132639747113
480,1.68218563310802
480,4.10878709962076
480,13.3063409191774
480,0.292072524316609
480,0.655752609018236
480,7.52859339984401
481,3.64869765717668
481,0.609463698272776
481,4.84527592526233
481,5.93365360030389
481,7.76388059261294
481,1.87380175804719
481,0.767491874285042
481,15.093684291318
481,2.76709174340052
481,3.16454113228247
481,12.9966161187255
481,0.290468737948686
481,3.44459244748577
481,1.44426706479862
481,1.07991835564297
481,3.38870391016826
481,0.817798972129822
481,0.40007428266108
481,3.91759157625443
481,0.892162352977309
481,5.06616139763451
481,0.0979913282208145
481,0.911664294544607
481,1.18401542073116
481,1.75515196518973
482,0.405452253762633
482,1.7742623698724
482,3.55761322809305
482,0.762993721291423
482,5.70568245814598
482,8.92108278307033
482,0.74142694240436
482,2.44665901642293
482,3.08182560176121
482,4.67794878852969
482,0.874697030521929
482,6.81591798530376
482,5.33107960556719
482,7.33627573422013
482,1.1732773669064
482,1.53740679580238
482,3.50944182010782
482,2.82002266962081
482,0.483347481113328
482,1.38375389855355
482,0.709133116698373
482,0.695072365760593
482,10.0614770963312
482,0.46680581810092
482,2.94273300329223
483,2.7601353218779
483,0.0369905231465404
483,1.46406485140772
483,2.44914030279762
483,3.39038943173364
483,7.2452143389256
483,14.2717630780282
483,3.24945713626221
483,2.36682341666892
483,1.980130658485
483,8.26131171504867
483,9.17399080428195
483,11.8424378056352
483,1.36889802291989
483,4.14521652136615
483,12.5749264558064
483,0.591016088711974
483,3.3634976297617
483,4.26411089845116
483,2.17247041640803
483,2.66051445621997
483,0.981052645947784
483,0.096149246674031
483,8.55901155578804
483,0.722747939823478
484,7.79768615919066
484,1.48411449203757
484,1.67532645199524
484,14.6285679555478
484,18.0119543046433
484,4.04919109751886
484,12.7263386448132
484,9.80930665465903
484,1.60496369946134
484,1.48172130109742
484,3.31660222262144
484,3.88458908280558
484,10.9527395450935
484,7.83029703381372
484,6.46669107002622
484,2.98515447648242
484,4.6209319073469
484,10.8913737299122
484,0.54314537655731
484,7.91140791918051
484,6.36935903260268
484,6.70738794354206
484,0.808484610170126
484,4.83931802657849
484,2.12555901845917
485,11.6074979019569
485,0.712415310554206
485,2.19274690607563
485,37.0825385095036
485,1.84719095937908
485,0.940177591983229
485,4.38566531708822
485,5.47297333962127
485,0.994928197469562
485,0.813522506505251
485,22.2536287965104
485,1.76374866161495
485,5.68203480893231
485,2.82361555378884
485,3.13728164182976
485,3.20810954086483
485,1.73825191566721
485,4.40308379454023
485,14.4725697234041
485,1.83075811713934
485,1.86388143027759
485,21.6820772910926
485,3.23767008958384
485,2.33088118489832
485,11.7092738946186
486,1.47029925666891
486,0.621511167318069
486,2.56166544277221
486,2.65998462447897
486,8.41720081823778
486,9.3726827386291
486,1.79285808731213
486,8.50046782156717
486,2.96125984517857
486,1.64095856482163
486,18.6389426416885
486,5.06403625921762
486,0.824071646073902
486,0.934281032532454
486,5.13897530713535
486,18.6775550003754
486,2.69979279721156
486,30.6168948842173
486,0.92091849539429
486,5.37778245266079
486,7.68038555006397
486,0.439204679251698
486,1.15363406250253
486,2.92342966189608
486,13.7511384015189
487,16.9097039095106
487,2.43416538229212
487,5.16945685704655
487,0.499878788832575
487,1.74992525251582
487,1.16201060358435
487,8.37082540067319
487,0.875648623332381
487,0.928641126956791
487,29.8607906991078
487,5.11926605345166
487,1.57809894066304
487,0.660905979739643
487,0.35695131868124
487,8.49928852128697
487,9.48489339048874
487,17.9809574006421
487,10.2029554448546
487,8.39536503846657
487,0.167757903691381
487,1.28304267720852
487,3.08823530096561
487,6.57902655636376
487,7.74192301473957
487,4.69871913527554
488,5.24027744752771
488,12.9972513851928
488,6.87111024723804
488,0.175263301935047
488,0.214989148080349
488,13.1353396077858
488,11.2278499661123
488,10.9094890107619
488,1.26764916814864
488,0.886758500098823
488,4.44423999616361
488,4.65541103583495
488,0.568545770875447
488,8.2442199993403
488,10.8729208347605
488,4.28269001168615
488,11.1657080695185
488,2.75555050233379
488,1.98371364502236
488,3.56989093269005
488,1.5738614991876
488,4.77713737645497
488,13.869010209197
488,0.396535231443052
488,0.58901016198207
489,3.87116204912552
489,5.01188429982817
489,0.88394631198558
489,2.94828288955614
489,0.157379599991146
489,0.890095693503938
489,7.58973854551923
489,4.79590903015292
489,10.5495571804451
489,2.90973437251523
489,11.9141191517221
489,0.484024488832802
489,1.64471320575103
489,0.954372191336006
489,0.794313814590005
489,16.302596925849
489,2.73816503883316
489,9.22343006315541
489,14.7194005077621
489,4.80783864895463
489,4.90697112844741
489,4.18929026781324
489,1.03974822597133
489,2.99365278100595
489,1.03447131114081
490,3.77717361764467
490,2.64284991193563
490,0.918355764544559
490,19.5409663290459
490,0.260632112622261
490,2.41491175955161
490,4.62826955111182
490,5.55668688823885
490,15.5648758626523
490,10.3375270213456
490,5.40782184319055
490,1.26740581458483
490,1.65416216492009
490,17.2986916816773
490,4.14736357962197
490,11.4535898834914
490,4.94679901727891
490,4.31823124156749
490,16.6508680573645
490,1.30819066893309
490,8.15132764126074
490,0.132446661558373
490,2.18498218607831
490,0.917100072838366
490,1.34505557966287
491,2.06382729811594
491,4.20295583063221
491,5.31812892740077
491,1.79786004126072
491,6.32235372418022
491,1.32406366989017
491,6.35658805703229
491,7.60116265113366
491,4.6390407856316
491,1.97892816244645
491,1.2171831773594
491,11.3421296084844
491,9.86061935271037
491,4.79982554347506
491,13.9881127456697
491,0.31525474274531
491,7.74803274269116
491,6.66039093842214
491,12.7147078038779
491,6.785064083314
491,6.2260536009208
491,0.973195284605026
491,2.62453673625251
491,19.4810587020772
491,1.38386603910476
492,12.5081239913808
492,22.6377830828044
492,2.58652079850435
492,1.49014175636694
492,13.2932175695279
492,0.207820842042565
492,7.80273523139668
492,5.76680788396746
492,10.1995881828935
492,2.25816879654018
492,5.1148371955142
492,0.275205552360736
492,4.31809806709594
492,4.91605615222311
492,6.29802244694388
492,0.650939577087389
492,1.43133836898339
492,0.382398570224445
492,0.344013655113197
492,5.05825635024762
492,1.00749916862696
492,1.53603834984948
492,9.06464680941914
492,0.886711259372532
492,0.908048409037292
493,4.64863060021257
493,1.5817664237693
493,1.47996609964737
493,4.51252109815782
493,8.84876324753177
493,0.51882631701999
493,4.13641158482387
493,8.44176299828005
493,0.0964165339246392
493,2.77796858455986
493,2.8416721848771
493,4.00329430915542
493,14.8707580930533
493,2.5473741419619
493,4.1385308744148
493,1.74245704349126
493,3.00105200847611
493,2.74035835172981
493,1.12904858775437
493,7.76793458457005
493,8.95690432707679
493,1.50326147871122
493,0.785293808736353
493,5.34461186712092
493,1.68305715957807
494,1.09450242947787
494,4.88602851496494
494,5.29236717128611
494,3.62771936671293
494,0.0745536918969418
494,1.78074613213539
494,3.37913864757866
494,2.1065585478209
494,2.8977465024218
494,0.113573935814202
494,31.2781936542882
494,0.4376499960199
494,3.00727032823488
494,1.63102871885865
494,2.96991189708933
494,5.5409828245402
494,12.0040562649475
494,9.96015504891884
494,5.285445046011
494,5.2623971514243
494,2.25966782466974
494,21.9671339715335
494,0.0197567461939013
494,1.40946642728522
494,12.8357595478402
495,0.322510614059865
495,6.27263120354569
495,3.23734618956223
495,10.6248789502602
495,4.16493493033851
495,8.11700921385275
495,4.46071711043987
495,3.01974821370095
495,1.5280219563283
495,4.34884248600008
495,17.1469071126523
495,2.23557618912309
495,3.82061516973925
495,0.644190388265997
495,6.91097293028093
495,0.464185690507293
495,4.59419433472163
495,13.7456440267371
495,5.17330693991339
495,13.4852811594712
495,3.07393386655089
495,2.73011228535324
495,2.86633774734708
495,4.64130811837918
495,10.2904317151279
496,7.58924851427058
496,7.23615489279182
496,2.76673265732825
496,1.06757648056373
496,6.98102512961206
496,0.0720220594603424
496,18.6810427427965
496,4.79699369033283
496,3.87044912648803
496,2.71263073664159
496,7.88739029276085
496,6.48861846399909
496,4.81963210252529
496,2.37107466207817
496,2.20843274172369
496,1.96706352991281
496,2.86541021894664
496,2.51370082143694
496,46.0407804204785
496,6.84869095196432
496,6.39673904029137
496,10.7078534528118
496,2.86389379762113
496,1.21763529023156
496,3.16477608168498
497,8.68951925965858
497,1.38142397161573
497,24.7632258463849
497,4.75789069686672
497,4.68625886810428
497,4.01657337767488
497,3.97785647285587
497,2.20754591282457
497,18.671262595441
497,1.56235934933648
497,5.27536638991392
497,0.664910057626586
497,0.0216961093246937
497,4.94507501820929
497,1.3560031214729
497,2.55040680989623
497,5.67544677273786
497,4.68944516943252
497,1.32663241280419
497,8.31520072142494
497,4.44232004290962
497,1.01789916865528
497,10.1295993337311
497,2.7569635771215
497,2.94005831237882
498,11.143861631662
498,3.71774994406456
498,19.9243472040373
498,5.47649141380048
498,0.386789650656283
498,1.09821683028713
498,0.25608284631744
498,0.1464789127931
498,7.59099992881429
498,5.20077549358978
498,1.45188215887174
498,0.332234811291581
498,3.58430887985652
498,3.10367664322257
498,6.87319662400937
498,5.82926390671587
498,2.35849346732721
498,0.442945959512144
498,5.79983507727689
498,10.3255743715436
498,14.5864180522642
498,1.381023125723
498,4.3830804385007
498,11.1868687915791
498,2.97630100278184
499,3.74596143552723
499,0.0475756963714957
499,3.37460452225059
499,2.13087839540094
499,1.28710023999797
499,16.20518065905
499,2.15656891059191
499,0.263300079386681
499,10.4792601535674
499,0.32043376006186
499,0.719103347510099
499,9.68857359099102
499,1.5301175819545
499,15.812633352204
499,2.79681338695809
499,4.8146580250696
499,7.41881557698262
499,10.9735036914455
499,1.05863362783566
499,0.600397314410657
499,6.41953990773714
499,4.13861830224727
499,4.33354582002087
499,1.36064452119172
499,6.5920376961813
500,4.44329399150979
500,4.4342811600665
500,2.5589628261514
500,15.1529428084415
500,0.444973106496036
500,0.359700273256749
500,9.31669074068678
500,6.03129011092192
500,30.6676881743555
500,9.01827109935594
500,12.7765572157906
500,4.78337038088652
500,0.782469409358668
500,1.23310082126409
500,14.6060572183671
500,4.36016105094409
500,1.73637301661074
500,1.18902219459414
500,8.90021016779256
500,2.57765106158331
500,0.535453662741929
500,5.55487816666669
500,3.28939230414107
500,0.208484403359099
500,8.16896448801172
501,5.47611749244338
501,1.85445959679782
501,1.40551767089951
501,21.4638934919531
501,0.57251299964264
501,8.60154391224396
501,1.5599051816389
501,3.71631944531059
501,11.3942122692192
501,0.583044777158648
501,3.06016721762717
501,3.78111008999354
501,4.2172937186197
501,7.55356152499926
501,12.3487424378501
501,9.96532219420087
501,5.47585965389417
501,6.68352626708752
501,2.13060254155626
501,3.84191811063743
501,4.04430977513498
501,2.48162323143333
501,3.64859618225551
501,0.534316923003644
501,6.02537413572377
502,8.30116369719517
502,6.24115853549397
502,18.3940270480635
502,15.5666397876086
502,2.67040963983163
502,0.723040592856705
502,0.0297994149829012
502,0.106687881052494
502,11.4728327554868
502,1.44312349475132
502,3.37207671720535
502,7.67565303440106
502,9.89423764827561
502,1.23900609090924
502,8.69928418616665
502,7.69103237385762
502,3.28354550758377
502,5.42859094662076
502,1.00568060297519
502,0.976374269845428
502,5.81822721732265
502,2.45448814705014
502,6.50082706918425
502,0.510624509770423
502,0.819408581592143
503,1.05974310310557
503,15.4977010182085
503,6.28915623275048
503,8.40123405712758
503,4.32065001548008
503,2.01624765992165
503,0.719812519382685
503,5.66265937385565
503,1.8022844039667
503,22.0429627333103
503,1.28879449665583
503,1.38934596208856
503,5.1497664299887
503,7.09913495091091
503,1.55546464258805
503,6.62320434094823
503,0.24215220939368
503,3.91047044988548
503,3.1651776144281
503,4.31720550151026
503,2.68816355848685
503,11.2255664256619
503,2.96232225140557
503,17.9232944071966
503,9.12059787618828
504,1.76252203993499
504,1.568247389514
504,32.254747066619
504,2.91763710789382
504,10.1059687599064
504,0.463270395994186
504,0.354884355328977
504,3.38486781343818
504,1.31532324943691
504,12.4623632765585
504,5.91208633014417
504,14.7932105317986
504,0.611270722001791
504,10.8729393680798
504,19.992793754744
504,26.5237217474927
504,2.87428432875001
504,1.90054843197822
504,7.78680983466901
504,0.577086926191969
504,6.93056489785618
504,1.85626128656387
504,8.3462201892854
504,0.852889344096184
504,9.33280696119082
505,6.04343926513052
505,0.533993971914319
505,0.0419168512730989
505,0.389911625534296
505,3.22169214719906
505,15.1426333372826
505,15.2503610393944
505,7.85075541724678
505,10.4503912509754
505,0.724504790268838
505,4.96972279136485
505,3.38838501600549
505,0.60525857610628
505,0.00134259462356567
505,2.14334268355742
505,3.57795193304724
505,3.02807481726632
505,7.34088945220175
505,1.63527216762304
505,0.987750488920184
505,2.66270508756861
505,3.99264164713627
505,0.349802931305021
505,8.9229025308163
505,5.22137219996607
506,9.75479188333166
506,2.19885241938755
506,3.6399661049009
506,3.50089135093099
506,1.82156982598826
506,1.412037547652
506,6.65891684570766
506,1.39879550784826
506,11.0266469692098
506,6.53712447246021
506,2.70002267090604
506,9.49580943169904
506,0.650766941253096
506,4.18801960048682
506,13.2330475407829
506,1.93687821971253
506,0.233205492129292
506,0.943767912685871
506,11.376599242654
506,3.62712959737933
506,3.73774034881449
506,6.29439739489412
506,6.15444906641351
506,14.2977103210034
506,14.1578787081594
507,7.13279513600183
507,7.05467426176083
507,4.92330297764068
507,1.84204469434917
507,5.46917988432056
507,5.31386987285173
507,4.29303504039949
507,2.76398612186313
507,2.46634313138202
507,2.83857369911073
507,1.70598753727973
507,7.80280389997682
507,5.33579272197044
507,11.9643750687348
507,3.31503866473213
507,3.60282851917408
507,1.86896762344986
507,2.21964007709175
507,0.747139654122293
507,9.01587640824628
507,5.54871826877302
507,3.29368402482942
507,2.87117724772543
507,0.256474453490227
507,7.88886175448907
508,14.0129422720497
508,1.79560868768021
508,7.12144323582661
508,6.59014008918262
508,2.26122834719718
508,2.78917181771249
508,1.30763750087499
508,4.37369762432309
508,0.107825630434922
508,2.01238573915538
508,4.2754750184477
508,0.716757716145366
508,1.94996712030843
508,0.0181073253042996
508,2.08459330445023
508,13.3943225530194
508,0.187032967186185
508,3.38948366697878
508,0.604362215381116
508,6.16444421445435
508,9.29721614303899
508,2.77796057518572
508,4.69836786997864
508,3.06040226947516
508,16.3915697849336
509,2.28488007327542
509,5.63619893023229
509,4.25114310046544
509,3.94253484179627
509,6.55235071179873
509,6.3604580236361
509,1.62539330078289
509,2.08228346304791
509,8.70812747585487
509,1.44824877296514
509,0.508333911710977
509,0.00111086678742719
509,8.64181444449515
509,7.30811832430673
509,8.46511055673373
509,6.16886553333557
509,2.33666498214006
509,9.26976726348412
509,10.4748896782504
509,6.2012030368433
509,3.39017233811319
509,0.871989375445992
509,0.255384945776314
509,6.3636129114539
509,0.367945157922804
510,0.0568925961852074
510,3.83773986694819
510,6.50628251002586
510,11.7525520448791
510,3.21719905827194
510,0.670590990736269
510,1.11773312501801
510,2.8201962960884
510,0.0835118433750927
510,3.31626807106659
510,12.5193135919604
510,0.0258075306079498
510,3.71541434412307
510,0.0331510951937065
510,4.74770404843098
510,2.24187109153718
510,12.4213046481119
510,0.427715415135026
510,1.24636532179521
510,3.87448852085809
510,0.456753859762102
510,10.8796654391663
510,4.67710565555068
510,1.94835100322962
510,1.55296193202958
511,7.26727091011974
511,4.42393130136138
511,4.29125381672338
511,2.35977958422154
511,0.681482970248908
511,0.581883907550962
511,0.745505910281786
511,3.84119791889048
511,11.9994524766909
511,1.03124424582347
511,2.74215201148763
511,1.80591825861484
511,3.15651288023219
511,5.81581852377808
511,0.160635980211664
511,4.39113176026193
511,8.45883635762048
511,0.387229532999425
511,10.5568644863771
511,5.77234680277711
511,15.2302663545082
511,4.20142999829209
511,1.83067016303539
511,3.11948957154527
511,9.27567701744747
512,3.4019969496876
512,2.63543962268159
512,1.0948269139044
512,6.39753478092557
512,1.42356652067974
512,13.0654701863633
512,6.03080690000698
512,1.00397387714242
512,1.76554227551381
512,8.09602652634394
512,1.16778093302029
512,1.60584940709067
512,2.03538015717641
512,2.54696636693552
512,13.867733264024
512,4.07978263717295
512,1.67638341430575
512,13.3721614529597
512,3.20570855168626
512,0.924171544611454
512,2.97238597413525
512,10.1173273097248
512,10.2316180612416
512,3.37831474142149
512,9.13640272761595
513,6.7304232761026
513,3.26898410916328
513,1.39371954137459
513,16.2093194938245
513,7.49533618696286
513,0.786877609789371
513,0.0652376647554463
513,5.86794221596326
513,4.38153771196908
513,1.13223948748782
513,1.22036495013162
513,11.9514569168197
513,3.92240305816197
513,4.52361216747618
513,12.4634739657151
513,3.76658696194595
513,7.91113357017648
513,8.93049063216567
513,2.97875801799819
513,6.93589349235308
513,2.13630263693631
513,4.41910254282361
513,2.71723028738052
513,2.29067300446332
513,3.06355332955718
514,0.232642481569201
514,6.71221580335355
514,2.42474053986371
514,0.472843734409897
514,4.75479864028698
514,0.769565056543797
514,6.42312844312993
514,2.79470230219886
514,1.86440291814506
514,3.56666523942208
514,4.219672163257
514,4.48785733410573
514,15.9661708339393
514,1.25846452079713
514,2.19169829679329
514,1.69008754659444
514,6.87170533442354
514,0.832534722889973
514,8.6204855884881
514,0.809289786604343
514,11.3635376555132
514,2.38387304591015
514,2.2334991954267
514,0.828341881278902
514,1.08974186703563
515,14.9338801569285
515,1.30225857243555
515,1.15114840678871
515,3.85429624447084
515,20.0266125322062
515,3.62141990081823
515,7.38028045701695
515,4.68159175456917
515,2.77538801310584
515,1.19692848064005
515,5.95795599722719
515,9.70175649928761
515,3.44360572984442
515,0.849781435729763
515,0.403342292798193
515,2.96847991645336
515,7.90240130317039
515,3.64426139348681
515,3.52301646934307
515,14.1773295933669
515,1.45013286544132
515,5.80936432795084
515,0.23742078570649
515,1.17922169596664
515,7.85869044209731
516,1.61891238531098
516,1.15233467658982
516,1.314986020008
516,5.58753669706589
516,4.82691423850427
516,5.45973413896046
516,0.978007303146672
516,1.9993434054777
516,13.4012690832125
516,3.72938483932471
516,7.0618211846323
516,4.71087795661247
516,3.64881905240423
516,9.43722085985255
516,9.65623313519073
516,1.90052547026426
516,2.10683169076219
516,2.82435280038044
516,2.81242159428075
516,13.843269002925
516,1.63319534640959
516,6.95112771142498
516,0.377674645278603
516,3.94439476511943
516,2.01933490564074
517,2.92969586748113
517,6.6792999205873
517,0.320187662597308
517,4.72635853872245
517,0.54402656853199
517,7.6218579705329
517,1.39431708259508
517,5.51198874579227
517,1.11216465044795
517,0.613394523970783
517,1.45720229716972
517,2.55697161240251
517,5.67521437353912
517,3.38259543757886
517,2.35600167186931
517,8.33552251978322
517,1.89013778232038
517,11.7640421633237
517,6.26071237472302
517,4.13794878383583
517,1.24227345723875
517,7.03284066128445
517,3.72309354112899
517,4.35852257979518
517,2.96926466748118
518,4.95676911425797
518,3.03650367306545
518,3.99452059508717
518,0.908143826149942
518,1.29115717951208
518,3.59162828398353
518,2.79735564254224
518,2.02346536967084
518,4.26855512408024
518,0.546322274021804
518,14.709096832778
518,6.7245216060192
518,3.20596356643364
518,12.9810045932637
518,4.2131941623748
518,1.56769739927478
518,7.62317484202695
518,3.88816269849104
518,0.657302224429637
518,0.380229945294559
518,4.03967562068686
518,3.91801472043714
518,5.95654616111374
518,5.30462269650257
518,0.433464411180466
519,0.598021617624909
519,1.70556769473478
519,8.63319391342712
519,8.06011875118029
519,4.65586724670088
519,5.33174291232085
519,0.432419367134571
519,0.766126397869595
519,5.06795019084377
519,4.83537502283357
519,1.54278788923372
519,6.59672082846469
519,14.7253983086886
519,3.69362208647724
519,1.45195434906289
519,2.5267768278718
519,12.4271983926402
519,12.2575124998795
519,2.96693597920239
519,2.44134790031239
519,0.174545345362276
519,2.99287020461634
519,6.23072508235878
519,4.88804464168106
519,3.52269731348259
520,0.513188325471696
520,3.70249071154582
520,8.55609956155431
520,4.85390709226435
520,16.1066429768553
520,12.0991241883113
520,3.07499893940985
520,0.0747759977522546
520,0.0865935943641158
520,9.37730093444598
520,5.43015359879887
520,9.31060804012132
520,5.29071551260954
520,2.79989883070812
520,0.00802794975503572
520,13.4289761905776
520,3.14054373651743
520,3.31548549002036
520,4.94933763963586
520,9.56091977613878
520,10.6313193476826
520,1.2277196191063
520,0.20979086169973
520,0.868218575380031
520,0.218939504120499
521,4.78862982081635
521,17.2636524206939
521,3.16835512872785
521,0.342371144797653
521,0.583287695403012
521,0.573706016875803
521,5.56276659460223
521,4.08900353105223
521,2.97358008800074
521,1.32052608097577
521,4.22333080300546
521,13.3052828994797
521,4.67738425338125
521,6.80720933226353
521,6.97921322616649
521,3.45738124102354
521,0.320072502363473
521,0.575135631011425
521,3.03578688995913
521,0.983072221418459
521,15.3611657480764
521,5.26254715842611
521,1.51540488602805
521,3.8802662163735
521,1.04906941298395
522,2.38201771629974
522,10.813725021969
522,7.66721081877959
522,1.8707944075878
522,1.05947351401785
522,0.151208729132714
522,7.62897063936007
522,3.02591122454032
522,4.0918720956028
522,0.872875443917789
522,0.18367133188588
522,0.798527572769672
522,2.81100154678376
522,5.16860370968884
522,0.453407629393041
522,9.02657696003926
522,13.4832811256157
522,4.74852673569089
522,1.96749327937141
522,2.06921170429736
522,11.3537731189284
522,14.0384393549504
522,2.55038450228234
522,0.820564108435065
522,11.8317239073323
523,2.99977568389629
523,1.44472550367936
523,0.324076874873869
523,8.8538311324538
523,6.07430389595634
523,0.45858201202641
523,10.8930150692569
523,1.66413811733946
523,3.67290822768068
523,5.70365095490074
523,7.72203120360983
523,0.887871194581615
523,3.68658255299038
523,0.868156356737018
523,10.1378771565379
523,12.8170302224563
523,14.4435389704051
523,0.104081628378481
523,18.1636438042599
523,4.21553592806697
523,0.216156684327871
523,7.24917080233637
523,3.5924047695235
523,5.65231547203305
523,8.6872332632066
524,1.82786810910329
524,9.14992661173356
524,3.26619656290859
524,0.760551708328363
524,4.78677781992722
524,3.61725359202778
524,8.13536716708834
524,6.31742475533343
524,6.68290656970298
524,8.72856654184771
524,3.91370083325763
524,8.74577170322225
524,0.505088607314974
524,2.76037822011858
524,0.0460647256145401
524,4.16790537104862
524,1.09708603471518
524,8.81033348808897
524,0.609346234705299
524,9.40014818641257
524,6.3091386805982
524,14.0354550037157
524,12.5400701810824
524,1.53869537170976
524,1.3166802492924
525,9.09610369200719
525,9.55594392451358
525,10.9556628291713
525,2.25518779829144
525,0.929922928965724
525,1.9492259551771
525,0.195924746803939
525,1.85432148631662
525,3.54522185844785
525,0.988652289379388
525,3.8706537981113
525,0.678504992359788
525,5.56869160828596
525,7.35474767996835
525,1.58275432419032
525,11.2740069084394
525,2.13976617204025
525,11.7751987910541
525,1.95119941839948
525,2.12979082483798
525,4.08818127259748
525,3.93428158925331
525,10.0151756867291
525,3.45267940079793
525,4.50893019770688
526,1.43019334878772
526,3.501751771918
526,6.13668517654246
526,3.2179071707651
526,3.76435033956027
526,11.0705305163966
526,0.176759511712607
526,12.0598001864957
526,4.19143343323326
526,3.69072466136372
526,20.0674012572247
526,9.1960822693528
526,0.254730132141421
526,1.2054934829844
526,3.4148426214233
526,2.35027050633926
526,1.03138286267174
526,0.339445075951517
526,15.2856518891286
526,1.68528539377714
526,0.623579549585967
526,3.31165069015697
526,8.69411262884255
526,0.0336034642532468
526,5.30174523052267
527,0.232356870546937
527,4.98369524700052
527,6.12035463077432
527,5.89478684568262
527,5.79544112530953
527,7.9886786821754
527,15.8675528688875
527,15.66947016781
527,12.2043210771834
527,3.55312854782498
527,12.5272771057891
527,0.758695793831057
527,3.82490407188839
527,6.27944025190032
527,12.4354462971197
527,1.58716563427389
527,8.82045001680863
527,24.7315070073823
527,6.53571935815221
527,2.27539841377114
527,2.45956847444177
527,5.79558901467776
527,3.89618529749643
527,5.81647201885885
527,3.54314428267485
528,2.80294358963147
528,0.226785951414238
528,9.35564576606166
528,19.1915193870861
528,1.14316614026897
528,1.32227131398395
528,3.66460628075216
528,4.91956566500487
528,0.70015352429592
528,5.03300612771368
528,9.63098891968739
528,7.12164141195727
528,5.7812991410256
528,16.1651541656795
528,0.672315291594714
528,3.59718433363479
528,1.50102511281148
528,1.01833522785455
528,5.54604570419463
528,2.62949421769008
528,13.2781167228924
528,5.74959353057152
528,12.5738189415771
528,1.08243935275823
528,15.8922399891525
529,6.40819380970156
529,2.52663924824446
529,2.25745852103723
529,2.0448126620613
529,9.33021194259536
529,0.378358781671551
529,10.5699345083308
529,1.63602313247047
529,3.65114917765044
529,1.59599767299369
529,3.07589408475906
529,11.5176056794276
529,20.9609002793644
529,5.81177655586457
529,0.827122281771153
529,7.26904862669103
529,5.89614029952741
529,6.30594919414675
529,4.77485948865475
529,5.08314844934711
529,3.88986185172057
529,0.0834644981659949
529,6.7277036232636
529,4.78177617299918
529,3.38757771532983
530,11.0678794937607
530,4.74377829560494
530,12.4466042307423
530,8.16852632270103
530,0.950533815706093
530,0.530697067733854
530,10.3286830611051
530,0.773594495888325
530,3.79084922817952
530,2.75707034161314
530,1.78756077541038
530,0.666558232960291
530,9.27892128229871
530,4.81695093930295
530,9.65288780587626
530,5.32510599669946
530,0.894134905102225
530,1.5910365479067
530,0.592972633894533
530,1.43775849835947
530,11.0830626400879
530,28.9112703634791
530,11.3716784807273
530,1.0534721147269
530,5.18817840628837
531,4.18377303031689
531,3.18055630428717
531,5.34795980859776
531,0.745531304273754
531,13.7674446118282
531,6.27338701372451
531,3.7103101283074
531,0.0858167069964111
531,0.326221946916512
531,5.51807304046922
531,2.17296331422403
531,4.85286185962564
531,2.54826432093978
531,6.77502318730062
531,17.5909743726927
531,6.6687138842181
531,1.03644812013954
531,4.63231205453581
531,3.48573137985027
531,0.820947187021375
531,11.8070904997395
531,2.79206124600023
531,1.7795425115791
531,19.6005026519972
531,1.59575330791995
532,0.836000775452703
532,1.71606688760221
532,1.28243390779079
532,0.697282599285245
532,6.99967855545593
532,7.7234548809264
532,0.470994296483696
532,1.88410187372938
532,16.9090836859288
532,14.8230462512913
532,9.05397978569281
532,5.51371118964112
532,9.22496033790422
532,0.953380961436778
532,9.57057448993337
532,0.355498262215406
532,9.22475406277999
532,2.97955761663616
532,0.777221457101405
532,1.26256271731108
532,3.37163318879902
532,0.5368064600043
532,5.51805182804769
532,1.91447291290388
532,0.37120298249647
533,13.6834069800781
533,3.76663123702115
533,7.646652236108
533,0.483881430700421
533,2.65760883921757
533,2.02629370040915
533,3.7991861857236
533,1.05246531579645
533,1.45142116796111
533,1.46172078408976
533,4.61589938647418
533,6.82269844671196
533,6.01132726741439
533,5.53727450293905
533,0.403879310470074
533,0.0800633267801924
533,2.26027232129127
533,3.95906597518536
533,2.59595584213829
533,2.68951915204525
533,1.0320136626251
533,1.14042686996982
533,1.59687789855525
533,6.79452628807581
533,7.10162649266812
534,3.21260088821873
534,0.702606122940779
534,9.28338093641114
534,13.12855922554
534,12.2305398521231
534,8.43620691406441
534,4.71968120874322
534,4.06395574990944
534,3.53986504809551
534,5.17805590738958
534,0.841578097422553
534,2.39582940237597
534,5.26411903535432
534,1.66929757168304
534,0.867602855432779
534,0.887604015879333
534,2.969986400567
534,4.22674221262618
534,3.10996774118394
534,3.46328797983006
534,6.28564966337094
534,12.7053790440069
534,2.89685209865786
534,5.61361527049399
534,2.05072295619175
535,2.79838389717042
535,7.08583809393358
535,8.69549035690573
535,10.7714052392586
535,2.24875790765509
535,3.24915077770129
535,0.771878653058849
535,1.28575641661882
535,2.8689580434002
535,2.22330673882675
535,1.7469730344601
535,11.116286208223
535,28.0971036981962
535,1.85882915509865
535,15.8957476165626
535,7.76458517764892
535,2.91950854447155
535,1.09714550198987
535,5.18567584268083
535,0.0709177513960618
535,1.03438918245956
535,4.23723389839238
535,2.61569190269392
535,3.92239763846105
535,6.50577253175384
536,1.59867346286774
536,1.1210267853824
536,5.67558240521742
536,5.90784001499086
536,3.96895203589986
536,15.18526956355
536,2.41435569902118
536,0.510211514053017
536,9.65498784514976
536,4.40071682890362
536,8.17801888584848
536,1.72029409557581
536,4.2634168404848
536,3.49692349881081
536,3.50345992003926
536,0.873886232730001
536,8.2710052929343
536,1.82489338215132
536,1.54768089065328
536,12.3957466168605
536,0.0898125475795916
536,18.3978665179767
536,0.538868433795869
536,0.460739030968398
536,0.0720135611481965
537,1.24848292674869
537,0.991086237114527
537,0.0931849330663681
537,3.96246466299003
537,2.72923446027562
537,3.84758647104788
537,3.40961897745728
537,1.06449855706043
537,4.34423937441266
537,3.95744406944221
537,2.79813457513228
537,2.73215577937663
537,0.395980741753414
537,3.84681794771409
537,0.665893916128199
537,2.45636171894148
537,4.64842733440405
537,1.81540470570326
537,2.30811084620655
537,11.9959621963309
537,13.6274654779251
537,4.13204443620002
537,7.70668799015594
537,3.59001254739853
537,8.94390487070096
538,1.82323956557334
538,8.61656295207459
538,7.03738571832605
538,3.51149111499494
538,0.49546900288769
538,1.2114471614999
538,0.0904543721117079
538,7.59486159509763
538,2.58764946215897
538,0.795906441702415
538,9.14694070888017
538,1.67397301411256
538,3.30048386706039
538,1.40717765083537
538,12.4708145571159
538,1.00797764025629
538,1.03200185811147
538,1.09089557547122
538,25.6566988755215
538,4.28159655516452
538,1.03382873705964
538,1.19916263734922
538,2.97093082219362
538,1.23502983245999
538,8.61511071375331
539,0.801979656336359
539,11.6309831937062
539,2.65975899994373
539,1.81672808714211
539,1.12845013616607
539,0.588279755201421
539,1.40461168019101
539,3.7917155351252
539,11.5093820256399
539,12.7022009243475
539,23.449794794761
539,7.80683192591809
539,2.2010135021992
539,0.665284677077491
539,6.93512830747146
539,1.46305680507794
539,9.56552049103093
539,13.4774193068253
539,12.0660614681648
539,0.655216911973459
539,5.05245740629299
539,11.5718762849675
539,7.63871064798495
539,2.82518633408472
539,4.03325513747813
540,3.05752919521183
540,5.51213745472437
540,14.8086342915982
540,2.20756998285651
540,1.66086233635623
540,0.420345208021808
540,2.99610802670941
540,7.24085526498866
540,0.342268040403724
540,6.18357670938081
540,6.51690015548325
540,0.262465139385313
540,5.45187779681242
540,3.55383802043307
540,4.11986747520115
540,1.88827181002125
540,1.88104171538725
540,3.10818778350949
540,1.32415763258699
540,0.188786794897169
540,0.69338884610694
540,1.66602982208133
540,15.831864363605
540,0.43642740463838
540,6.9804483428459
541,1.04230815500544
541,6.90999453400678
541,0.67408136841393
541,2.69113930640742
541,0.98821549443528
541,4.19323394985354
541,0.31909256563351
541,3.36074130376801
541,6.53785602168596
541,1.33643089095131
541,6.97037588762951
541,0.074598123319447
541,3.96639985011375
541,26.7756002474774
541,0.946029974147677
541,0.319193126633763
541,2.01563683882911
541,1.06211281614378
541,5.75321764198548
541,0.0514974504312868
541,4.95759761871255
541,15.7008461722956
541,4.17589841948802
541,7.33874235260201
541,2.6657688152045
542,23.1429375136707
542,1.68405873700976
542,1.03561594616622
542,24.4370963502873
542,3.2174046873115
542,0.844182936119155
542,1.62070813821629
542,1.02301727281883
542,2.54426436964422
542,0.248887187757162
542,8.58737515243602
542,4.27544266430146
542,0.202618158884922
542,1.32931888569146
542,4.37940200769758
542,2.41093190154061
542,1.05273705496115
542,3.64618826210382
542,5.61614515704519
542,8.87802835511875
542,11.519303468016
542,16.7484759158435
542,23.0239475692127
542,15.7187025985661
542,5.32151908120163
543,2.95889072585851
543,9.28334769822071
543,4.58253620034596
543,4.12935566136098
543,2.82062011305243
543,7.70205462309432
543,3.25240514939651
543,0.648426674306393
543,0.214369379088247
543,1.61050521048146
543,1.74954028101638
543,0.0535757536999881
543,2.4172365362756
543,0.864229515258403
543,1.61387010477483
543,15.418971813375
543,9.18988666455162
543,1.21274182907976
543,9.79076321278054
543,17.6495496452528
543,21.0581869805667
543,1.16390243871137
543,2.698108186014
543,0.360650147675981
543,0.762742271022751
544,15.9314521167652
544,6.46761330289251
544,3.03814642131329
544,0.984864578918974
544,8.97949610794795
544,8.8775131195308
544,13.1181491811978
544,1.2089533591643
544,3.08209430426359
544,3.81706433349705
544,12.3257963457176
544,5.31074044273651
544,6.10120457080203
544,4.59744714645153
544,1.64156066253781
544,13.2404307921635
544,6.38030520153648
544,13.066983250271
544,2.73708287859336
544,4.7992825412885
544,1.55462778857061
544,6.93609155618617
544,26.8815929485641
544,2.04620204122444
544,4.79767362566149
545,5.21620342118032
545,4.61526748884252
545,9.62800708557379
545,14.6758582434597
545,3.9991618178547
545,1.41605413751677
545,3.11390553368255
545,8.73884414280665
545,3.36028796387836
545,4.00504866188936
545,3.64249663406468
545,1.42886633636121
545,0.0370835435609308
545,9.78658227207971
545,2.64720316743478
545,0.257149452899571
545,3.09038580860943
545,1.59476513741538
545,1.66842465754598
545,9.38579029361618
545,2.79026831500232
545,1.57295920673583
545,10.500323681774
545,0.0933483989634775
545,9.79635786223126
546,4.48987669809472
546,2.69780465168878
546,1.39775300288087
546,7.83006171452275
546,2.45215031318367
546,7.6253612021922
546,3.31895282492042
546,1.9497653164102
546,2.33759830923111
546,6.48613428210324
546,2.03595729388243
546,3.13583604991436
546,2.17847983260731
546,3.36124279769138
546,3.67354195682236
546,6.84205684789872
546,0.372344767421915
546,7.77386402669263
546,9.43637035745096
546,8.97666877093625
546,6.49007214212275
546,0.640785319264978
546,18.2866608620364
546,7.29695000787642
546,4.97686596672023
547,0.887694950215518
547,1.66069094694676
547,4.99255458803332
547,3.10356610221788
547,2.71337664686143
547,5.3613516174019
547,4.92731022161847
547,0.509593113124528
547,4.07650214133269
547,0.770546647254378
547,3.92210707047439
547,2.91071972576901
547,6.68669449144459
547,3.43688518973067
547,4.31350409497923
547,1.56524942722172
547,3.4813055906207
547,1.36893609305844
547,2.7532035857439
547,13.9262495165375
547,1.67217079084367
547,3.92328310840843
547,1.18862018727053
547,2.04500827705488
547,0.863088758196682
548,1.3471830659546
548,0.203826173674315
548,8.82277792277646
548,8.12335690441442
548,5.66266203743822
548,0.891032482031733
548,15.7956826679145
548,0.482794634332194
548,0.547893649229627
548,3.92397640717632
548,4.86753757090724
548,0.588648229077094
548,5.28772448553668
548,4.33072979075319
548,1.0839226283133
548,9.92795457090151
548,7.52030479652204
548,3.16168001620099
548,5.13137967770404
548,8.14484486314368
548,1.89411968924105
548,2.58561938768253
548,2.56618743180837
548,2.50682534649968
548,5.0763233329863
549,2.09774925839156
549,0.583706614561379
549,1.05910566712642
549,1.34285369655117
549,1.99499230599031
549,1.38986809644848
549,15.3541157386246
549,1.28596159163862
549,5.29674657599485
549,9.78430031756771
549,4.6032882150249
549,17.1244765437188
549,2.24828956183046
549,8.77986852869077
549,5.26623888719557
549,5.80220459939397
549,4.64874861275262
549,0.653813469689339
549,1.53727107215673
549,2.37657800805763
549,1.17433425296677
549,2.38558766664937
549,0.502874847907736
549,14.6326753403119
549,6.47432105129069
550,3.26404576189816
550,5.65906847806132
550,1.23913362622261
550,2.93180782580748
550,5.3248917495594
550,4.04339560286558
550,5.66657488579117
550,0.469855631235987
550,0.280363904194828
550,1.02307511091223
550,2.26378113031387
550,5.39502630454904
550,2.40208500341399
550,0.530362455001073
550,0.624776772356871
550,5.02418554366982
550,2.3924506851472
550,5.05376855356103
550,9.71697389106166
550,7.44710845691093
550,11.8103442295044
550,3.43072396237403
550,4.28470087216651
550,0.78657259110166
550,3.19080708315596
551,0.210332319570992
551,5.16711411976671
551,7.17347039822882
551,1.95282791974023
551,1.9318761723116
551,1.64402662741945
551,1.15455647464842
551,10.0690795383872
551,3.11479744501412
551,2.36431051031213
551,1.26066640019417
551,2.65111835906282
551,4.22540523556477
551,1.26995389582589
551,5.13119652380651
551,2.09655944548989
551,4.97095837921205
551,3.35996540961787
551,26.5215148855199
551,3.76405989264554
551,6.30768006180829
551,5.56545246488204
551,5.4330629154802
551,1.74117238264439
551,2.16825851769166
552,6.91207498290992
552,4.72388887291259
552,2.80728683806956
552,31.7587293830302
552,2.21179162617773
552,12.5489450332927
552,3.6790031307463
552,0.885842267132646
552,1.4637762052007
552,4.49637585298574
552,0.0241906141100284
552,2.97973238164559
552,5.40728456091712
552,5.74867340249425
552,1.0982963376762
552,0.472087843809277
552,8.91535798977029
552,2.81582064693794
552,18.1403778762299
552,2.18925340333953
552,0.235702975187451
552,1.03442192628217
552,3.80363577024496
552,7.85138136665237
552,1.89929199172184
553,0.30836404629122
553,0.678209201046858
553,0.54226901962727
553,0.0804468248766168
553,1.14523522555828
553,4.10458946623939
553,0.713429709430784
553,7.37834439314401
553,0.84603738603938
553,15.037628225142
553,5.651101008406
553,2.21111905761063
553,11.3980713759767
553,4.01626889572895
553,0.252381940606685
553,2.57428659591824
553,7.13049872736347
553,17.5081289914377
553,21.2316373909328
553,0.730363323818892
553,19.8064716429192
553,12.1214436081456
553,0.734724369214532
553,6.65424542480564
553,1.75090273581773
554,1.14502741358522
554,5.64990847350514
554,1.38296312656652
554,6.2947323869676
554,2.30089215096086
554,1.73694697674364
554,0.487868692725897
554,7.0176324616642
554,9.80393568011832
554,0.529405098485718
554,1.4303692500107
554,4.32564894182092
554,4.07636756987727
554,9.79666018816543
554,4.08994169908992
554,2.03836865490302
554,6.96474951206965
554,0.960680418647826
554,0.717361548449844
554,5.84717060883945
554,4.93682476670897
554,0.0261829956434667
554,10.5920264189892
554,2.12658863980323
554,3.35365926846862
555,4.1148475834862
555,1.37897472893402
555,4.66441326287991
555,2.30256133712828
555,0.186563020106405
555,3.16975750494748
555,6.29020071567452
555,2.31759009184316
555,6.29686042638899
555,1.34986532386392
555,10.2924038093061
555,1.0113521409221
555,11.7367097077178
555,3.07434987975284
555,6.20782143049768
555,0.808658920228614
555,1.72852252144367
555,2.22366746282205
555,8.74955820809019
555,1.09149170806631
555,8.1711581717701
555,3.72307249323881
555,7.17763454995255
555,1.27124424325302
555,1.05772659415379
556,0.876200286459656
556,3.39489263715222
556,4.07406162915236
556,11.8733196842933
556,9.45033640558732
556,4.01688444407141
556,4.48353000429875
556,9.34895335654628
556,0.971707713324577
556,3.00944617018104
556,3.64047204123294
556,1.50255042694206
556,5.19450322238213
556,7.41448941150381
556,5.41751791236407
556,8.71745464762578
556,16.1505974397529
556,1.08950753084811
556,11.3232326263288
556,0.0414781793706773
556,2.77225942350924
556,1.21299065649509
556,3.90580815878135
556,1.88287121243775
556,9.59618782582593
557,3.74715034828937
557,3.24545666808262
557,5.92425753807134
557,9.9804047490985
557,0.191581829014489
557,2.32393146725371
557,2.81685485271737
557,1.72568753827363
557,3.34640065673739
557,18.8696269018958
557,3.57891235945231
557,4.37794946113086
557,4.34560571310526
557,2.98322504851967
557,10.1492919116737
557,1.4028158527799
557,0.0558783966817098
557,2.46526723727584
557,19.8530581109265
557,11.147261968109
557,1.38197683729231
557,1.95563429733738
557,6.38483538737005
557,1.36994652790416
557,3.31726918928325
558,0.901535698212683
558,10.9686523203956
558,3.11322702793404
558,5.11046488570888
558,3.68535681148771
558,3.48372665212906
558,0.217970339194392
558,1.50627848692238
558,10.3344571586223
558,0.473099683877081
558,0.0709545658901334
558,6.92051648606962
558,0.0190945427102245
558,7.2637172982171
558,16.877177915627
558,6.01852280066765
558,8.54535716543806
558,7.84497034693968
558,2.77645504334942
558,9.549182857898
558,3.83951516093504
558,16.0520046568456
558,5.80425528788424
558,0.460940117482096
558,7.18433957022819
559,1.18951243102898
559,20.1435008168894
559,13.3680206251549
559,11.2907418136703
559,1.18867566576228
559,5.4006518840552
559,2.96555252978578
559,0.899243196472526
559,7.6033443303307
559,3.05792038328946
559,1.19720675516874
559,1.38589854352176
559,8.94039811927974
559,1.36833785800263
559,0.2746576606296
559,1.36602999409661
559,5.54235765223807
559,5.42594889623529
559,8.50289782203753
559,4.70255242491531
559,13.2714100268887
559,3.12133238185197
559,5.46649094650006
559,9.87932090605509
559,0.469679256199454
560,3.44931094441563
560,2.72196037461981
560,1.38178359814615
560,11.5444002066861
560,1.02954100488669
560,8.53377835783076
560,5.08539039154953
560,2.94010074576363
560,7.86363412214409
560,21.4351218367431
560,2.06770465709269
560,0.0137914462794467
560,0.589478139299899
560,10.9224302781032
560,29.410533508628
560,16.8392126998844
560,0.506238441448659
560,6.68201825094825
560,0.113264641258866
560,10.4214297880636
560,11.0969119605826
560,2.96358907362446
560,17.3204275212231
560,1.34599565761164
560,1.68339205905795
561,1.9168300461024
561,5.59524665741708
561,8.78963273255751
561,3.11476874863729
561,1.39874330023304
561,6.48840557297176
561,1.47864777129143
561,0.679985343012959
561,12.8271640178965
561,0.976604031729514
561,4.63217273333526
561,0.883336903061718
561,2.6556683704257
561,3.21742793079466
561,2.29391647269949
561,7.98348623015975
561,14.0113872970756
561,6.90364760325706
561,0.950715623330325
561,5.96957489361471
561,10.4421588865327
561,10.5365378123926
561,0.729555666912347
561,2.8405665117316
561,8.36163223581363
562,0.205523761194162
562,2.24386398680508
562,0.183189385967107
562,11.924790544783
562,2.72898497059941
562,0.830839003901929
562,7.86384903652499
562,8.79152999217522
562,0.0728320569273644
562,8.13414600635779
562,7.94469716916692
562,3.90457771697497
562,3.13568527577445
562,26.3855659295071
562,9.70543764489603
562,1.05707195587456
562,3.74919098315245
562,7.41721651131986
562,4.51840301068921
562,0.0186333176679909
562,1.14163552410901
562,2.35422213096172
562,2.13651737771233
562,6.46111256887621
562,0.278990953229368
563,2.84385022008792
563,0.197535955812782
563,3.72887608680454
563,2.18042715685442
563,5.29137104263014
563,0.156256283895069
563,3.86384524383998
563,0.990570476007247
563,1.82276521809399
563,11.2102867377208
563,2.96283120522276
563,3.30445107305422
563,0.119595937430859
563,1.63241824368015
563,0.352706334848239
563,4.6998622685433
563,18.4667407663558
563,0.466660102829337
563,4.26439148818559
563,7.01055805047215
563,1.55636940617114
563,1.14222041322187
563,4.432752248916
563,1.60894508240744
563,0.105418001278601
564,4.02688010574734
564,2.36213397467509
564,4.08574895220474
564,12.8933904220568
564,4.06540404153843
564,1.63630760982459
564,1.16228342386695
564,14.8729901379886
564,8.83246916304243
564,5.97853616417415
564,12.334668670558
564,11.8789263750455
564,0.600919913172946
564,0.951747978106141
564,2.35518794041127
564,18.299902480908
564,5.62581079525358
564,9.58217287394118
564,3.33463965449482
564,11.8257048067855
564,0.11756673688069
564,8.391129662794
564,12.357517023872
564,15.1170505947413
564,5.97500657641745
565,6.20161978506899
565,34.3570386506339
565,2.75983587510818
565,1.00170124089345
565,0.089732229042791
565,2.25343480473384
565,1.59712087305622
565,1.49947850266472
565,11.521018212031
565,8.07531541171384
565,2.09854750195518
565,2.544495977927
565,2.33922068728134
565,9.67473074751806
565,0.271390099078417
565,2.73273377213627
565,7.31921595063852
565,12.0602588943384
565,8.03027878844976
565,2.85763068570719
565,0.421217852269121
565,4.33225529713041
565,4.83574895235973
565,9.16347189068503
565,1.89384132623672
566,0.105491580907255
566,1.34860915686754
566,5.15728353283724
566,3.47210504093623
566,10.5639158276128
566,5.43775672998718
566,6.00216513478613
566,5.17207507954395
566,4.6601702020558
566,1.88823731150478
566,2.11836973774552
566,0.271212039515376
566,0.982364513911307
566,7.95553554738772
566,2.5894859759137
566,2.15716011123732
566,12.640505702536
566,3.68171021786934
566,10.6313974869655
566,4.30465602763751
566,0.568589956965297
566,6.05834250317371
566,4.75008046880039
566,2.58517240962824
566,3.86735471875823
567,17.7220078826624
567,0.777168031781912
567,0.829450255259871
567,0.876921822782606
567,2.22237603761426
567,0.334595115855336
567,11.1386798288421
567,0.709432438015938
567,15.0483650055811
567,12.1397664064507
567,1.19230937445536
567,15.3576298724847
567,7.51203547639482
567,0.224243183620274
567,1.29175728767408
567,5.2319944182173
567,7.15141685637546
567,1.99956157943234
567,29.844438357461
567,4.30710062363601
567,2.24277918459848
567,3.77573316430158
567,0.786257929741883
567,11.1093431798028
567,0.129199246875942
568,1.65571539197117
568,4.86358566056481
568,2.72070504492149
568,7.99277868079853
568,8.85910793165577
568,13.7998611753093
568,2.82531047938392
568,3.1844203104265
568,0.724672672804445
568,11.8047876556622
568,0.279242994729429
568,3.89140969586974
568,5.86592914981252
568,5.07837470599866
568,11.2486330692874
568,14.7357354870747
568,14.2566312868078
568,6.69114500728852
568,8.94719870719028
568,4.29457832106805
568,5.57718258549225
568,2.54965543979779
568,5.7566134536401
568,1.99679719517007
568,9.44527639965427
569,1.17343288687009
569,1.26391142839566
569,4.88175219559328
569,1.06215818305889
569,0.341911406013303
569,2.07531490363181
569,0.334975209552795
569,4.57192347363985
569,6.83147937504059
569,6.3472338717193
569,6.73200029858804
569,3.98392904063171
569,5.53008619674897
569,0.470283639151603
569,9.25023654433799
569,5.87575348073101
569,2.64448550064117
569,4.05599982922381
569,14.9452021337094
569,2.98604034120217
569,9.59579979958844
569,15.473108961338
569,1.36605999665335
569,4.72044911948426
569,14.4613521537724
570,1.2571476318663
570,13.1269306776332
570,11.2381852877544
570,3.00154760247096
570,3.47241045420474
570,3.6619142420238
570,2.09212842397392
570,9.82936215544951
570,0.582739245146513
570,2.35252310521901
570,10.48624788967
570,1.2867529806681
570,15.7314306861701
570,2.20524348085746
570,2.36929156817496
570,2.07696350524202
570,11.8706249673658
570,7.56451327311707
570,11.4718870063451
570,1.78766326064984
570,0.0773163498692577
570,0.588799858396452
570,0.565114062622469
570,1.77804211387411
570,12.4795117316054
571,0.791690226178616
571,13.6165111598777
571,5.20173050907856
571,3.81937512175596
571,0.208553711342586
571,4.20538486040077
571,4.01848839986779
571,7.83942121970368
571,3.2862590579316
571,12.9871253219468
571,0.478840213274113
571,1.54468819731846
571,0.491647054441273
571,0.666993149412722
571,14.0360139024682
571,4.16269616668528
571,0.96903613070026
571,2.73196351248771
571,15.09279910391
571,0.561321627017219
571,1.12933141412213
571,2.6304774126038
571,16.246986388691
571,5.33391175770617
571,13.4702903677927
572,0.13691870127549
572,11.0248254698919
572,2.15769885340706
572,16.8759895107689
572,7.05231412271869
572,1.63815274136141
572,4.80634094194925
572,0.147397762630135
572,4.08587713239199
572,11.6867678157499
572,10.7142746170691
572,4.51067590133703
572,8.831783234653
572,2.33089869841933
572,8.84841920765948
572,3.72013754190362
572,7.83745706970704
572,8.51641394155932
572,2.21448776009694
572,5.17124135026193
572,1.2323544955869
572,7.66428132460526
572,2.48276129080384
572,1.61224198061973
572,5.71390494217581
573,1.03941127890721
573,6.42079818972802
573,0.118236755952239
573,21.6722010615493
573,6.26567803302264
573,0.0730386793005073
573,1.9457075255923
573,10.4674630432822
573,14.9371346077862
573,10.2084329533846
573,4.20611325308533
573,0.52021105075255
573,5.88282332734621
573,3.4598504868336
573,8.1381385649143
573,0.884272635448724
573,6.83406006058163
573,2.14476669905707
573,1.96103325113654
573,6.2742190666259
573,2.83469359157607
573,0.182957469581199
573,7.7423323136005
573,0.697000834625214
573,0.546933505684137
574,5.5293655626238
574,2.0032442570664
574,1.73623252194375
574,2.47600624570623
574,1.56350061290043
574,11.6615106624769
574,1.32473499281332
574,5.58922511970109
574,3.58790280595803
574,4.17180969388739
574,8.42486932831717
574,7.07205279281775
574,3.72804760446257
574,0.224692355841398
574,19.1040376842696
574,8.47591646904957
574,3.03725328762084
574,3.98850542937821
574,4.63458779246962
574,7.53489615353656
574,2.07985504064709
574,1.98906716890633
574,5.65594724358475
574,5.78177403887725
574,0.00704670651200022
575,0.639467095024884
575,0.838655489073659
575,5.38550503530955
575,0.392597365351024
575,26.4378767539014
575,10.8712013152646
575,12.9886177455293
575,3.56999932767308
575,4.20179235288136
575,3.38697228347883
575,6.9691042504729
575,6.13205873386419
575,0.567189584602769
575,0.944033034133795
575,4.80896964944054
575,0.227950504049659
575,0.0463088072699062
575,1.03851344870052
575,1.46794491794509
575,11.4066427474128
575,4.53713497591621
575,6.41657873035824
575,6.20466796194619
575,15.8355343686724
575,2.77832372812554
576,2.22393032163382
576,1.42413357971236
576,8.95168388220382
576,0.436527370214817
576,3.25441027991474
576,2.43327513569966
576,2.58352903882042
576,0.0291407176079931
576,1.19299509849507
576,1.85771359831574
576,0.824456391683365
576,0.977606987025171
576,6.0876717220331
576,0.970825275871903
576,8.71880227657867
576,1.6641557845287
576,3.79866618176407
576,5.69743494482196
576,3.33938650786877
576,6.46084875817682
576,9.00491567286563
576,3.84784361792213
576,7.13610732379173
576,1.80710522225127
576,5.62856454494278
577,10.9309774910318
577,4.25738407090522
577,4.8768574183569
577,2.80404643161397
577,3.51027196252203
577,6.10524762338484
577,3.35969635052606
577,2.25274197990075
577,11.7544681293176
577,12.7955255371736
577,5.49136694965369
577,4.40781693407579
577,2.57486592978239
577,1.0931585738419
577,7.44052443611336
577,1.70873353490606
577,6.42476165646172
577,1.67708054417744
577,6.26704579663879
577,0.49128450443608
577,1.8213746859692
577,16.7373159891906
577,8.10853741816321
577,3.68890127603731
577,3.98713372345088
578,1.68804398039356
578,0.292635832790325
578,7.75940394918335
578,11.3139364210175
578,1.34912309935316
578,0.362184166442603
578,16.3150426364484
578,2.702167341596
578,5.57073391021645
578,1.82070400100201
578,12.8451360054771
578,2.77254838962108
578,0.1058933166575
578,22.5915887380455
578,1.3658652308967
578,3.96452268517519
578,2.5756051694043
578,3.11074442928657
578,0.661731231957674
578,5.69676610154516
578,0.267531734425575
578,4.34426499044007
578,1.46132404217497
578,14.9371270783898
578,6.28293950089669
579,0.249720073770732
579,0.419259835034609
579,15.1444077018687
579,9.00663556487011
579,0.772186764515936
579,3.42342512216419
579,15.236650071198
579,10.1220711316438
579,6.81323671226806
579,14.2841708651724
579,2.91563795413822
579,1.05860246022862
579,2.23565720254555
579,1.27581634558737
579,1.07874015784938
579,8.86357000055623
579,1.0726687614806
579,1.61988622772658
579,3.08263815706596
579,3.89986588598645
579,10.043699601245
579,3.09497581562027
579,1.45856564286081
579,14.7712597615066
579,14.3205480269136
580,1.32101257098839
580,0.858280035197208
580,8.44953217501652
580,2.72734364494681
580,17.094649299139
580,5.57543994372195
580,4.9263478850347
580,0.819393885321915
580,9.97714942279172
580,1.65463657816872
580,0.796973602846265
580,0.114811537787318
580,2.55531197413802
580,0.235889456234872
580,4.1204673189432
580,8.84354342664492
580,4.36984947861588
580,1.44595423014835
580,2.49945443123579
580,1.98058782611042
580,0.689815537861619
580,0.877571616378654
580,7.71915891165745
580,3.03095883922651
580,4.85181134173131
581,12.9345986520158
581,6.35185935979194
581,9.45892334668756
581,16.3058026499095
581,1.6813857620582
581,2.9460899415426
581,1.62256002193317
581,0.492003727704287
581,0.443555217976982
581,0.799045502208173
581,6.84935778824097
581,5.43498901629305
581,10.2969496134193
581,5.6832738870517
581,1.30876666633412
581,2.33920882274328
581,0.952987727112019
581,1.24574997509496
581,2.87859229603782
581,9.95528496759844
581,0.428306377903547
581,5.98177543820298
581,7.10257714572263
581,3.55552869593771
581,0.705497111193836
582,6.091032246849
582,1.0846268129535
582,0.0906538514912392
582,0.00148125792764225
582,0.0886450498364866
582,2.12730549741536
582,0.512030348181725
582,1.11768989125267
582,1.57988316379488
582,5.0284251894564
582,0.989980958314032
582,9.18452125000668
582,6.6314171007189
582,7.81267231288266
582,1.38271107970985
582,15.6615507243684
582,2.25552214309573
582,4.91311596368511
582,0.405551242188646
582,9.30037463973177
582,0.661153921391815
582,2.60185903430137
582,0.673526877110432
582,1.307612080127
582,3.60696701777583
583,1.49256580043584
583,0.681705817114562
583,2.25364946760237
583,2.81524648424238
583,0.669109674636275
583,4.2336252236501
583,19.8814855039793
583,11.303647038828
583,2.05503094708547
583,0.442951133009046
583,19.4361450046974
583,1.63743159500882
583,4.56064575497409
583,1.44132000161335
583,2.47814392711464
583,8.44685330116148
583,0.424724062904716
583,10.8010778388119
583,4.21066178165175
583,6.1171004034341
583,2.70191883202642
583,2.35118710403758
583,2.65045906649902
583,2.45696310443975
583,2.15475594159216
584,4.20638262875346
584,0.659386341823194
584,25.2235668231
584,1.77212475870011
584,5.93120571150703
584,0.0498389028255189
584,0.137938577883201
584,3.32281208597124
584,15.7689176476478
584,2.66696215607226
584,3.2764114276506
584,7.41491993847203
584,18.1399440289217
584,4.21813486588603
584,5.66770339447872
584,2.07101774401963
584,1.87874290625527
584,8.86981624136579
584,31.3756988441644
584,20.206914943524
584,4.51817509697235
584,9.30184583137643
584,4.38327592050443
584,11.529936370741
584,0.50870467645956
585,3.44542485428974
585,6.46616813705719
585,10.7049612974035
585,0.314033087680553
585,0.399515795084003
585,12.2224246983634
585,6.93494587163341
585,42.2379585335585
585,7.27694339999099
585,2.27210774784908
585,0.0657935440540314
585,1.2000301150191
585,0.0586127233691514
585,5.28478558619923
585,1.10576645471156
585,12.133400318514
585,12.8105540660428
585,11.5670478430795
585,1.25412023484288
585,4.25104317234314
585,2.69068821566179
585,5.46122729757285
585,7.97867475035501
585,0.150089447852224
585,7.14867677456398
586,2.8174111363478
586,13.3040550065445
586,11.8457125027882
586,0.552454510099907
586,0.97161703702771
586,2.30238647432998
586,0.641996606718749
586,5.90082506628192
586,1.76562061788022
586,4.63021294658488
586,5.01146405914283
586,2.0695497819449
586,0.574773349512896
586,10.0681933849574
586,8.71230301405203
586,2.98919279128313
586,0.581137798726559
586,0.152953360229731
586,2.30849507497624
586,2.22193116849311
586,5.72362390325821
586,8.9051459539206
586,2.13784906780347
586,7.56869948427093
586,3.51329049074507
587,3.26062989188358
587,3.70797691158192
587,5.58778960702425
587,0.408715050647588
587,4.7155077138796
587,0.956620974466205
587,0.931526212953031
587,7.16006223070336
587,0.713115171529353
587,2.46772649232298
587,5.84095604052276
587,2.44573219213635
587,1.05348523920608
587,3.76740030923343
587,6.17197221589691
587,5.91711105757809
587,12.6114863989161
587,0.593116374552343
587,4.32155692921722
587,9.14622720288944
587,2.02093832660466
587,9.28439304190588
587,0.46142189996317
587,2.93863648548722
587,5.445320806256
588,16.7225699863377
588,2.16164922023738
588,1.80001176195219
588,3.88101074357933
588,3.07200585491955
588,7.02084050724453
588,1.45878922427073
588,2.07823708187789
588,4.01760062181807
588,1.71804622281343
588,1.37502209981903
588,16.5176833040061
588,7.0175665892185
588,3.49660947897887
588,0.526592065580189
588,5.19723346901542
588,0.50952791236341
588,0.778143026068595
588,7.75164237203908
588,0.827709041468708
588,2.60580056346953
588,14.4856843716445
588,3.4102988941595
588,7.47246844746102
588,2.26269572973251
589,0.0292778178118169
589,2.77016777810082
589,1.46945229940904
589,9.43699173587275
589,14.5447461726897
589,10.405418263884
589,1.92887288285419
589,3.8272099055112
589,4.38678618657399
589,0.70773056183463
589,4.88017790464169
589,3.44718444161117
589,7.55913415881705
589,6.69290361439294
589,1.89318846090144
589,1.62544323421429
589,7.04675182658148
589,1.92892780527472
589,1.56639889348298
589,4.8716982451961
589,0.558500811457634
589,3.57627112397409
589,1.31011473014951
589,4.91567171121044
589,3.27553689014167
590,0.939790582810918
590,4.37678166644132
590,1.68225374907672
590,1.66406410047784
590,12.9194522549616
590,1.69290418969467
590,0.714511536061764
590,18.6597217143256
590,1.27451645908877
590,3.40910171158612
590,3.56571169057734
590,4.81992232250674
590,1.80875098099932
590,0.296726388507102
590,0.359593559987843
590,3.82396525682366
590,0.0229102978482842
590,0.390157212968916
590,0.110080770682544
590,0.85359842135876
590,0.552436709403992
590,0.910436864942312
590,4.37066154312417
590,0.379106116015464
590,24.5084240365971
591,4.41666581181294
591,3.05682108271867
591,1.50279864668846
591,4.36271057908839
591,0.101381470449269
591,7.92279920570527
591,2.51375166233629
591,2.66898009926081
591,14.8263697690311
591,1.80401763413101
591,9.62810590821219
591,7.65447082887304
591,0.0225760648027062
591,3.08958556735888
591,1.73220565309748
591,2.20902626635507
591,0.215522320941091
591,4.95246390076388
591,0.178022693709485
591,12.6620747794615
591,0.78106202905639
591,15.1319393093358
591,0.519304233603179
591,0.324273654259741
591,1.25998022733256
592,0.114094892051071
592,2.98037118278444
592,9.05481479088676
592,1.69734937340736
592,3.68996872545636
592,8.98211166220617
592,1.17747162157303
592,1.60492703784257
592,4.97994569574899
592,6.27825594020492
592,1.64486882056742
592,4.37689472434527
592,1.23587544459639
592,6.56471009810871
592,3.33881573933773
592,6.8979157458753
592,8.60968864480865
592,8.58151915441167
592,1.12359173595905
592,2.41751906462014
592,16.1850940055194
592,1.87691840808839
592,3.93378724788731
592,1.03369862539694
592,9.46171324658108
593,3.07380056241527
593,2.10054160071561
593,6.64244546999639
593,6.68584188891059
593,10.12146464507
593,14.2405333301311
593,14.3408962536434
593,3.97289554101831
593,1.71928820665926
593,1.24049259349704
593,1.62556845676507
593,0.159380919960414
593,11.6604031150447
593,12.2966970897622
593,2.04119705038046
593,9.68840439761889
593,7.2301218375088
593,9.07357362378935
593,7.15349137741041
593,17.72049197497
593,35.2016400338566
593,2.76752100558951
593,12.9492856648968
593,8.00312227527511
593,6.17975595535262
594,0.943194054986098
594,1.79680633697324
594,2.16849313971225
594,14.8904867834392
594,10.3625647719474
594,3.38135368889198
594,1.96830870350823
594,19.9200446427542
594,3.53641673901534
594,2.52554405247793
594,5.79792749616641
594,2.2752335248515
594,3.6632621239633
594,10.9376038260489
594,2.83727755537257
594,1.52871142737817
594,4.21404771521379
594,0.665473240367954
594,0.864695312920958
594,4.21187204278985
594,3.65745437322465
594,2.74644138757139
594,0.725928363768186
594,1.56140330480412
594,12.0453889851403
595,5.04608224125064
595,4.66931597190995
595,5.41490814161903
595,2.29562923777848
595,4.96763884068883
595,5.06327136398709
595,9.24840431895708
595,2.791538964957
595,4.81931503841138
595,1.96342821465805
595,5.80941703149533
595,4.40052654533853
595,9.23446374903333
595,5.38137148579067
595,10.7049987738239
595,2.51170274801552
595,3.51029225604093
595,0.587966057937592
595,10.8203530845121
595,8.42863943385792
595,1.972321649082
595,1.01365127879366
595,1.85490359213992
595,0.146720213528637
595,3.98639385784238
596,2.49033011380003
596,3.12580534722656
596,0.639948146417737
596,1.50515869027004
596,2.73196947062388
596,1.13795055373088
596,4.46350293678647
596,1.58626011339948
596,4.41557650433338
596,0.51788369180997
596,7.51036618936406
596,3.9361574591831
596,0.639743238741451
596,3.19294377230108
596,5.7012819869206
596,1.4127368004977
596,29.9561297131662
596,5.13388790169215
596,4.78112286867058
596,5.68404692204154
596,9.95989566626859
596,5.45858521011446
596,15.292748659009
596,0.614797617308795
596,5.72772157823151
597,6.56920949441797
597,11.1960221168803
597,2.42013996994611
597,2.64477087417617
597,2.43800462689251
597,2.23224451532587
597,3.26226136647165
597,3.23106812313199
597,1.30552014121288
597,11.2560484434156
597,14.1327162781639
597,0.335925184190273
597,3.48455768477248
597,9.71807054201973
597,1.47235916461796
597,4.3109415994927
597,2.68445885849625
597,5.35308952887958
597,6.82222249896681
597,0.068261418491602
597,0.00180386705324054
597,13.1935398181187
597,1.43069303361699
597,1.42009464208747
597,4.46853294481939
598,4.90458650027818
598,5.50619339985342
598,2.87848967825994
598,10.3351286421986
598,0.840404386964032
598,4.29205970817661
598,0.610112899448723
598,2.9581951117143
598,0.995038758660515
598,2.66677486011758
598,2.18022316913942
598,7.25852289922745
598,2.50852515222505
598,0.796096015255898
598,0.0345234596170485
598,1.9743664865382
598,9.96517218963508
598,4.5611810821802
598,2.3149702232331
598,1.05348018929362
598,1.62325491236318
598,1.58869900048228
598,1.32155039114878
598,9.66846524695766
598,1.24111491255462
599,0.182597292587161
599,6.95998505647195
599,11.2100933754883
599,0.266433941200739
599,6.83610117041922
599,1.15398603258654
599,6.12232693915671
599,2.350160155911
599,1.4420416392386
599,4.21181839404112
599,3.85333229823657
599,2.21778311999515
599,4.71158334045609
599,5.26005607542998
599,2.35280846478418
599,5.98459172507233
599,8.12685956793595
599,2.70115927094594
599,0.477162471506745
599,6.1804366156221
599,6.10125601270652
599,5.10906792224801
599,5.61986403153595
599,6.21450931278473
599,4.5818065011636
600,6.46976024357087
600,4.1915998792038
600,18.4274073160828
600,7.47055647852731
600,0.149358564522117
600,1.46552850725129
600,5.80161066704846
600,1.99836101382971
600,3.82529802866995
600,0.773164043370004
600,1.98659232351929
600,0.20740942331031
600,16.4842778063359
600,5.98604256148874
600,15.7414589826956
600,8.5311323343925
600,13.2558590260552
600,2.47343309689313
600,5.83371096269643
600,0.267015269491822
600,4.20118766249236
600,6.12343011868602
600,2.55788647569716
600,0.908023496819773
600,2.54643766209483
601,0.392839363776147
601,6.58031069652593
601,3.56118355876843
601,0.850388454273343
601,5.49786811207837
601,1.56287899008021
601,2.61801672400907
601,4.73524835871017
601,9.0961360368402
601,4.26395380057043
601,5.55574865525073
601,4.73751116004773
601,7.92349182027292
601,7.49003810156441
601,3.33035202231258
601,0.401886788833142
601,7.01429872235556
601,1.48198283519821
601,4.88024809376752
601,1.65633767610416
601,1.51504783192649
601,5.06716589888042
601,4.37245649974467
601,2.61006846092641
601,3.9995495227859
602,0.386540684849024
602,2.14208352379501
602,10.7587773625957
602,2.29505637427792
602,0.788345125038177
602,22.3159433329914
602,2.37307424657047
602,10.8740774256395
602,3.16881380509585
602,0.288592202123255
602,9.65456412131798
602,0.786571996286511
602,6.62160029613829
602,0.590299386531115
602,2.56673929747194
602,1.78628649562597
602,2.3396861134097
602,1.67604928370565
602,14.5822755984011
602,1.6960120247677
602,0.0153825039139386
602,12.2606911969589
602,1.16880411282182
602,4.57166550163594
602,1.29471619846299
603,4.70372036544091
603,8.70602760248129
603,12.936682300012
603,2.52092235023156
603,9.41819122950447
603,1.50837691267952
603,4.66960022670633
603,13.0333685030447
603,4.42411727250969
603,8.91410327474487
603,4.59628103434163
603,0.71965871828095
603,20.3919885576445
603,1.1785096799167
603,0.567002047318965
603,7.9652499775858
603,8.62498402553511
603,6.29853384082621
603,2.82434214605018
603,4.16860859354442
603,2.70132828969508
603,1.60670786863193
603,4.51929385281108
603,3.4653083072044
603,5.26245273163027
604,1.87882330734283
604,10.7388170522856
604,5.6261328559131
604,2.21371294072238
604,0.478744483552873
604,1.82142146397382
604,2.36273687332869
604,1.43716684542596
604,4.30645211315241
604,8.26226506340218
604,5.89373785981393
604,11.8047754337764
604,2.64145067892969
604,2.81529804924503
604,0.296252074185759
604,3.15997761907056
604,5.9353481390742
604,0.167810044409961
604,2.95385788427666
604,14.0625755107942
604,12.8360209700869
604,4.50397009940302
604,11.885389256752
604,0.0992933666747919
604,8.01293147685838
605,0.363522356013925
605,0.371270142495632
605,15.3038053293048
605,6.16566966266787
605,0.19225931977794
605,0.332091986380226
605,0.475568233523518
605,4.88367329062957
605,0.494988900609314
605,12.5763250974225
605,3.98925317063965
605,14.7850085786524
605,3.44646335579455
605,8.15337099092913
605,1.68407224817201
605,0.944522565696388
605,5.66039083038873
605,2.6998432376422
605,6.73810743705785
605,7.77743317565024
605,8.01463990430248
605,1.66060293791816
605,3.11774446861818
605,3.76050767002112
605,6.934968401476
606,10.0889511588485
606,3.77415275645858
606,12.3887008515404
606,13.5727829014169
606,16.3592327377739
606,3.77315667349573
606,8.08533483142865
606,0.273881782777607
606,0.942961434150718
606,12.6117590529131
606,5.45095335205501
606,2.25021155783907
606,4.07166594453691
606,5.22903158808172
606,7.3099836609782
606,8.0687508541615
606,3.39925203239545
606,0.0572893137560784
606,4.32005141375071
606,7.39639173219812
606,3.62885190988433
606,2.18693007715046
606,1.32331855827942
606,1.88499099109322
606,17.3662755162197
607,2.04236712158684
607,0.374528816901147
607,5.76906492070886
607,4.15356380137518
607,5.23508672115809
607,2.6961855404079
607,3.71068028246468
607,8.4825972835989
607,6.24745168074559
607,15.6770831533665
607,4.34848875717676
607,4.59140706383704
607,0.379591537639499
607,7.90105737703753
607,3.28312085708603
607,2.61778824022814
607,8.18379291764472
607,42.8455357137249
607,11.784258831102
607,2.48565217712894
607,6.54956161489195
607,3.20182132767513
607,5.36476704736656
607,4.20364035059313
607,2.96577233821154
608,4.42094021921462
608,28.7986838055735
608,0.296108149771447
608,3.13982705818489
608,1.80047462927178
608,1.6559551958926
608,6.81261203230775
608,1.53795666743437
608,2.16182610020041
608,6.85163920258588
608,0.743842850326136
608,4.87399887865221
608,0.517560651294046
608,6.69304802061474
608,0.66687979735434
608,2.0264350110665
608,2.99916641088203
608,2.19787461450323
608,2.98810926033184
608,2.47675166232511
608,1.07228690059856
608,5.0107461537928
608,3.01418531918898
608,4.44496758726841
608,8.37067158850741
609,8.01184348720026
609,7.26461087311518
609,8.11804094309819
609,1.9339542882517
609,2.89201359497383
609,7.1232990636946
609,3.48355709378032
609,2.32063300907612
609,0.410352863837034
609,19.7187955946404
609,0.0801697699353099
609,1.85052157379687
609,6.09213009455657
609,1.26323010117492
609,2.33359851874411
609,4.71545440123832
609,8.02578152411582
609,1.6811529003193
609,1.97554798098281
609,3.81849830795266
609,6.44250041784203
609,2.07430177601054
609,4.30839184019134
609,3.57720599249048
609,11.5037853730129
610,8.60646434086275
610,2.5250867754221
610,6.39357060173011
610,7.8975936673106
610,4.33282720835364
610,0.801278208382428
610,1.98120294760266
610,2.99531601602212
610,2.18052192591131
610,1.83290330510086
610,3.36110407719389
610,8.03276898909011
610,6.09919921939677
610,7.61016553225827
610,0.451840944595214
610,1.81004940764979
610,13.4032700856434
610,1.76628403831273
610,1.1913977080777
610,1.07733286388856
610,7.19575249249221
610,2.35980203608051
610,9.66098241465998
610,6.9697350567191
610,3.44403099501505
611,9.49954640078259
611,5.76068485600358
611,0.351247384678572
611,0.554969573859125
611,2.20075679011643
611,4.39328376182771
611,0.867589934515921
611,8.77209819811297
611,7.01519060837937
611,14.4331869648957
611,1.12791451392695
611,4.99806662534779
611,7.63116328003717
611,11.7226261918651
611,4.17237533235407
611,11.206369464338
611,2.08030885244579
611,1.17135413689539
611,3.10225432505831
611,2.04011551104486
611,4.17669522123658
611,0.401800588587063
611,11.871266224573
611,1.99470760999247
611,1.32282040081918
612,7.32099811258454
612,7.17193304519069
612,0.00890158582478762
612,5.75973689535117
612,5.49232230500734
612,1.5259244404808
612,2.7059539523907
612,4.24218116772777
612,2.6287580979988
612,22.5524117982183
612,16.8452823153677
612,2.98547422513366
612,0.961488634347916
612,28.8625048829203
612,5.62622424659735
612,7.65523333060456
612,1.68003860628232
612,11.4323420350658
612,2.41964814721
612,4.12045611047602
612,12.8171990712391
612,15.3598685136538
612,0.207633199170232
612,4.67787256443358
612,4.39702089854932
613,0.225335737679127
613,0.893550903579215
613,0.22214648511853
613,6.98993506799352
613,0.0509968015000766
613,1.55562430154532
613,2.32663375791162
613,0.762394887057038
613,4.17308281620449
613,4.76210873695773
613,19.4490845770317
613,1.71470571972652
613,8.90722144353104
613,1.47533299679787
613,1.36666508857161
613,15.5336972690167
613,2.72853380301967
613,4.14615972433771
613,1.75007588159302
613,4.33117621983901
613,7.39662144523968
613,3.42984985094517
613,0.0200847929005732
613,6.20498226934528
613,2.57836940232664
614,9.43926060530257
614,11.6768898156689
614,1.20780328726797
614,7.05265670296633
614,9.71349148969066
614,0.711270053870976
614,7.54997880255343
614,1.46393444854766
614,0.393115819897503
614,0.695632541075637
614,3.43295977683738
614,15.6931481986158
614,0.615735619301262
614,4.36563918811685
614,0.51445053673236
614,1.8337498838082
614,6.80913147029883
614,18.2604407042939
614,0.889621103554679
614,3.88706038999812
614,6.2238643595711
614,2.36539672827348
614,19.9304906547743
614,1.45181202795357
614,4.25362584265622
615,7.68628981853736
615,1.76667859777808
615,0.0684091898813968
615,2.78373492183164
615,4.4360664319189
615,0.617070590589904
615,4.01573960648334
615,5.57457733284081
615,1.96118652820587
615,0.235250517015276
615,4.46301327997303
615,5.20065496654666
615,8.41946081216347
615,4.21072902136898
615,2.23280890844762
615,1.5634389501065
615,0.249911983407234
615,8.0905899322225
615,0.556448537390679
615,16.951650007719
615,6.11717087195671
615,2.42490120674811
615,3.19365788949654
615,0.995922938454896
615,5.74454700553274
616,1.5396406922259
616,1.03670180542395
616,0.60851313206934
616,2.49183274107054
616,0.626858761534095
616,6.30674953085786
616,3.41096505057067
616,28.7320386601572
616,15.028264098298
616,10.949844261799
616,12.5031790232775
616,1.35461162775755
616,4.95401916865333
616,10.4725341026889
616,11.8623706601624
616,4.6357270980848
616,3.62953217971306
616,0.175156731006034
616,0.26238818136939
616,0.0269638327881694
616,3.21657302090898
616,1.91510097123682
616,1.71947819624982
616,4.91982569431371
616,2.87366129690781
617,4.12562252236655
617,11.2612346460329
617,2.69255749931197
617,2.73121909005567
617,10.6413995561408
617,2.03065177425742
617,5.01163172048932
617,3.13247739803046
617,4.39416450892991
617,0.677040039250046
617,4.0365504649589
617,2.68163406755775
617,1.67013998350892
617,2.8181483107619
617,5.47510325887656
617,0.179697794374079
617,7.50836354603038
617,1.32277784523968
617,0.580344674158025
617,4.52953486682332
617,7.1843421919422
617,0.70033993339166
617,0.487543489607626
617,0.279518847819418
617,3.35848203860223
618,4.59287526530629
618,2.18297712504864
618,5.16296141294247
618,14.415971635932
618,15.7046558051828
618,2.15735556520175
618,1.62306256592274
618,4.65778456979847
618,5.52845739272839
618,10.4768160631167
618,7.6115328041892
618,2.8691582987085
618,1.80585375521332
618,5.03320859258479
618,4.71885101977584
618,7.33316542538715
618,3.80980539501499
618,0.904944117396612
618,3.02139890164642
618,0.406035698465159
618,5.17221800030625
618,15.488094165081
618,3.4138537524268
618,9.1856429907949
618,3.94800361224866
619,0.312355034167474
619,0.739875931758434
619,10.0067134197326
619,2.50493972125246
619,9.42552042151702
619,5.83802847170687
619,14.8249376796201
619,3.98765875936902
619,11.9654133630203
619,3.09871345758438
619,6.29286611431694
619,3.2908688643333
619,0.338895271305208
619,15.7770888498964
619,6.51809988988048
619,2.76684603886679
619,7.0890209043642
619,0.872113697696477
619,13.3452947152065
619,33.4503721333762
619,0.316843655479318
619,1.92536157090217
619,1.70776128768921
619,2.69658319186419
619,5.09856413420296
620,6.34829967261708
620,7.5341071184249
620,3.73381773454553
620,15.1445616400781
620,2.71891342010349
620,0.229748727288097
620,5.92554871903217
620,2.31409721076488
620,6.21154275236136
620,1.17379719295478
620,6.20044791584319
620,0.465226891037917
620,0.0594523944891989
620,9.25929632927191
620,8.36109425830555
620,7.43337624664319
620,0.275153901609027
620,4.22821433728045
620,5.73339372571527
620,0.0641543767414987
620,4.35129497075462
620,7.82525092321348
620,2.81220429576933
620,9.13776616523874
620,3.09768703529137
621,0.0560797238722444
621,1.34707131888717
621,9.0518131473277
621,3.93064435927543
621,7.31810968899787
621,1.17752979043871
621,1.19795909849927
621,3.43753651017323
621,0.379704274237156
621,2.89338127709925
621,10.6966384959625
621,3.99312179048962
621,6.23359549769616
621,13.4852269564973
621,0.409735580868211
621,9.52404022174788
621,13.1961544131147
621,4.85060191226608
621,21.181915643296
621,2.94503302080557
621,4.97969331198788
621,1.30805412307382
621,9.7914959392966
621,9.43762719589186
621,17.3528500170189
622,6.23180103092411
622,8.34511395501804
622,0.212021435280874
622,7.35185300348483
622,6.30024844293898
622,3.63698611014938
622,1.62474433238293
622,9.03612165557545
622,6.19492214082829
622,6.57879677114493
622,2.92095431359485
622,10.8269460852178
622,2.82551975090856
622,0.103071797211276
622,3.54310511590397
622,7.8069319036788
622,1.81236541885347
622,2.62131170835346
622,0.435139441397041
622,8.12622738028777
622,0.0633261334478368
622,1.24347530538216
622,1.28431962865074
622,18.5354574293572
622,13.8487883185254
623,0.30146815813441
623,1.80077349534258
623,2.02018240699545
623,11.4999870858557
623,9.80387880424869
623,1.21508177602664
623,2.77164107188582
623,0.248431726358831
623,7.64119845772994
623,6.18658735395825
623,2.29334168601781
623,7.43662930983019
623,1.27840626053512
623,1.74819364212453
623,3.29111529048532
623,5.09510509183115
623,2.39470698172227
623,10.4279559264445
623,7.57044892716122
623,2.94218200957403
623,9.73556810016644
623,4.55791835186487
623,3.78679492489851
623,1.1409212187674
623,0.929398771841079
624,17.142818904573
624,5.80306946733122
624,4.68933031986334
624,2.04368733568117
624,5.36778660935766
624,3.38119494030252
624,10.0572626847298
624,1.56198972370476
624,2.34665872772903
624,5.81545097732401
624,3.72144223729546
624,3.55592834276563
624,3.21302053518593
624,14.7328475896061
624,4.75323996341411
624,6.32421929433269
624,1.65948018198833
624,1.52049942184097
624,1.85361434938386
624,3.8363009185741
624,3.38359515648335
624,0.207659148145467
624,0.0267335992380586
624,0.492527196183801
624,0.779014769941568
625,9.1404315610626
625,1.29244000883773
625,0.268198599231587
625,3.88369443339712
625,8.712800126446
625,0.391320062335581
625,2.77135425945744
625,5.97474184680926
625,2.49649290926754
625,6.22392623198635
625,0.871592808980495
625,0.0185617781244218
625,0.713692596182227
625,0.350273386575282
625,9.35849390394018
625,6.27946837318546
625,3.88622737002493
625,3.21231324458495
625,3.22856600163504
625,3.24702272657305
625,15.6244218713584
625,11.3753401947426
625,3.79227650214943
625,7.55169678437424
625,1.40334431597716
626,0.510889100842178
626,1.24493270477217
626,1.63470347509028
626,4.48342201744622
626,6.27886608687645
626,1.44495603411426
626,6.8390262776748
626,1.76690847094027
626,14.8866405702176
626,12.5903886643456
626,0.26099975220859
626,4.5819661022186
626,8.93113338703403
626,4.79010703952467
626,1.54867526143789
626,0.490032859917493
626,2.26334358068704
626,12.4554774298326
626,1.03498748736456
626,5.81457067260003
626,4.33999887413279
626,2.22702142596572
626,5.54011767716168
626,11.9975425576078
626,4.82673983068621
627,1.40742836752906
627,5.54304301717734
627,2.29443411109969
627,0.393436357844621
627,0.415488442061536
627,9.49359242762339
627,0.440628310307599
627,19.0861160577017
627,15.3234084687176
627,25.6962980153695
627,10.651154713075
627,17.0190243787112
627,1.85796663397923
627,2.23995410234404
627,7.31435146140766
627,4.67981612288809
627,3.77958036472505
627,5.98358270691192
627,1.97750278515741
627,2.80061323894188
627,16.7870822912993
627,1.70119765418397
627,1.55222678188487
627,7.79753826516581
627,1.70266979606822
628,1.77360774949193
628,4.31058788651085
628,13.3129446854101
628,0.668676093725628
628,4.8684999484331
628,0.290020757820457
628,1.9743458259539
628,0.874318112619221
628,2.91267158230767
628,14.253680604574
628,3.86833270525044
628,1.45042587071657
628,11.2379818310248
628,2.39353252042085
628,4.37458742227816
628,3.19073525490239
628,0.117750187336077
628,0.613191202282906
628,2.16389565495774
628,0.954454902093858
628,1.95863137021661
628,10.7200552609967
628,2.53899704432115
628,0.542577314313128
628,3.51307129548938
629,17.8889061034399
629,0.168230033473183
629,2.93955222470686
629,2.78120627457702
629,5.20961877300211
629,5.18146702998734
629,0.417365711182356
629,11.6663479058262
629,2.5312802610862
629,0.0783811167731512
629,7.01307500728155
629,1.27796445274726
629,2.84657908370718
629,3.31107707927004
629,1.08417708426714
629,10.376079454598
629,14.9343350521269
629,2.96580935595557
629,5.04666374043977
629,3.26736556831747
629,0.403833958183046
629,0.485262633920628
629,10.1668442129613
629,1.9086181349121
629,11.9786955920934
630,3.12036507297307
630,3.37272319942713
630,2.61309871915728
630,0.0679177843278494
630,0.643701897934079
630,0.659462239127606
630,1.58452000934631
630,0.967489487957209
630,0.96429473021999
630,5.12757937749815
630,4.50746201889074
630,4.08973851220167
630,2.90263430215418
630,0.492519212310952
630,11.7331276548313
630,0.927837516646832
630,1.51844374136999
630,6.1699350455538
630,5.38297529311335
630,6.85771770754314
630,21.0558823501346
630,1.62008386803791
630,0.299784748223171
630,26.3907297779073
630,2.36441786179481
631,4.42842864410436
631,0.572247350251282
631,1.67133735233406
631,18.8670969278294
631,3.43303421745077
631,0.397824662857248
631,1.48051151702841
631,1.98192179435864
631,1.67128597619012
631,1.81316140573472
631,2.51381162321195
631,0.1707897731103
631,2.27570245508105
631,3.39340124512091
631,8.67761223534954
631,4.11385816615755
631,3.61664610893881
631,7.47032740111363
631,8.12848874895566
631,5.29889799167818
631,5.81274073549962
631,3.62018050139254
631,26.4507659603108
631,3.858943991153
631,0.544800451025367
632,3.1403185124509
632,0.732606321107596
632,11.0433296573566
632,0.00328833543647852
632,13.7372857605325
632,16.6197019061985
632,4.63780837112522
632,7.04147830831215
632,1.27265897418221
632,0.590663230977952
632,4.47033245095468
632,11.6903647670302
632,3.12582296086475
632,2.12191607104614
632,2.13711315533146
632,7.09768395828915
632,13.0817210016059
632,24.0795732463214
632,1.92172389477491
632,2.5944452197291
632,12.135081532617
632,6.41222236657
632,13.41898961861
632,1.39290259685367
632,7.13352320946602
633,0.319226235151291
633,2.97324515879154
633,5.84841690936542
633,4.40778783861805
633,1.29427425255278
633,1.6141988709569
633,2.98880824401986
633,0.691298739984632
633,6.81369850391007
633,2.96305651310831
633,0.565743452317175
633,10.7153364854821
633,3.23872699867934
633,5.91356113066381
633,0.199332165964843
633,2.67237940337509
633,9.0423954739691
633,6.6360105711729
633,4.78161098880178
633,1.15210456307977
633,3.52868063354349
633,1.41520671546459
633,12.8001463686334
633,5.35628398859358
633,6.9461498125912
634,0.380960938941355
634,4.6448889186368
634,0.224554361775517
634,1.03158356389031
634,13.2530859385835
634,5.47931472921222
634,3.19259605370462
634,0.413115117698908
634,10.0565429958971
634,1.9283308467374
634,7.08359718280745
634,1.38823019573465
634,1.27517486584464
634,1.02701231837273
634,11.7728346859323
634,2.80253327218816
634,16.488529331142
634,12.8190222841905
634,1.91658917581663
634,10.7326762816768
634,3.13189759617671
634,9.19903668475891
634,1.25456065132693
634,0.1039755390957
634,3.04592377971858
635,11.8422841926323
635,9.56936999182117
635,0.212678629904985
635,2.7186059509404
635,2.44403364136815
635,4.54329310429698
635,1.98555153096095
635,4.017559991949
635,5.37796907105899
635,8.74682623851013
635,0.135428028901126
635,5.4172225713492
635,2.26988651324064
635,0.375758063964013
635,3.48354009890413
635,7.04953233669412
635,11.8612629262017
635,5.68609301911152
635,6.27831907921887
635,5.41622297817326
635,1.21477158740163
635,11.6311914648918
635,29.7628598643427
635,4.94696434566236
635,3.35676107555628
636,7.73890359421447
636,1.28113852769217
636,5.71659411396368
636,5.67951571135072
636,7.5925573329897
636,17.9020566664455
636,0.538289081036948
636,7.69781883763981
636,9.15168321649444
636,2.64223680133
636,4.34535529443479
636,3.64639669170088
636,2.0658986736089
636,1.64078588597476
636,5.82736319008851
636,5.8796653987602
636,2.2757754358463
636,0.831158055132193
636,3.25023288838565
636,15.2479437357726
636,7.58169691841274
636,3.63302869247586
636,2.14956640498713
636,1.62803674116731
636,0.0375713128596544
637,7.66920484560442
637,4.62449589257544
637,4.73727065117514
637,4.31166342904276
637,6.90172907409674
637,11.8735168058782
637,0.931298790965229
637,1.42232166266455
637,16.9618240735474
637,0.503854185990172
637,2.1686443593353
637,0.746372356503448
637,16.7301010704579
637,3.50716691956069
637,3.55059026225448
637,0.81624430383936
637,0.581327861294277
637,1.01052542682737
637,1.20327387936413
637,3.55123060734427
637,4.09542558228082
637,2.48327301807045
637,18.8968670637089
637,0.502960800426452
637,2.47996517995438
638,0.981554004829377
638,3.17690399708226
638,1.55624248601235
638,4.46145631817585
638,4.35396208406842
638,1.52353108860552
638,1.24301926104159
638,0.228970202305914
638,4.85049542232129
638,28.3314364386683
638,6.43578905125564
638,1.08656845986843
638,1.11456747865304
638,1.42392817884684
638,5.72760427349663
638,10.380206927237
638,5.88825799163228
638,13.3970868860589
638,10.7549800347355
638,17.9913157321904
638,6.60139630993313
638,6.13413375781334
638,4.00755049639797
638,2.95186729170382
638,0.901181912049651
639,3.63155650040139
639,1.25545575161588
639,14.8956912002506
639,0.0748775651641312
639,4.62439793606705
639,1.17395408506848
639,9.88879222380829
639,7.51885864841652
639,1.50283859809861
639,6.69560732764608
639,1.45346628967673
639,14.259286186749
639,3.78142518830728
639,4.89610215628004
639,0.0280942316923976
639,3.57246143734247
639,3.36063232272863
639,18.6373288383247
639,14.1369875139537
639,8.36642881813359
639,3.67308215682811
639,0.637007737982164
639,9.71168572041106
639,1.20042046066374
639,4.03390589466655
640,2.78151693055406
640,3.53259697902881
640,8.8110699500413
640,0.345065607689321
640,1.83101661027698
640,2.16563266003504
640,16.268523222858
640,0.282950541004539
640,1.99954511597753
640,3.96176169109154
640,1.94736939418737
640,0.50163445295766
640,2.33693061163649
640,13.1581433204221
640,3.60236105488098
640,1.73053062517113
640,2.384740607813
640,0.394882634282112
640,5.65037006956941
640,1.19579364949941
640,6.48288627134121
640,14.598636830026
640,3.71300368083125
640,0.259833393283256
640,3.4237452945672
641,8.2040032833339
641,1.59249186618097
641,1.1726524704136
641,9.7176995001055
641,10.0445852517606
641,0.365312675210469
641,7.97444723504496
641,0.0589300467788116
641,1.9549840525724
641,12.2267311339484
641,3.09795502573252
641,2.34337401110679
641,3.53894004219158
641,5.60371244305229
641,4.90399873794472
641,2.9206264577806
641,5.35759566796428
641,6.12834370208389
641,11.1500312102245
641,4.82457784831378
641,0.057693836401172
641,12.9088668053256
641,1.68179736829904
641,1.11024838872254
641,2.21234589349478
642,5.5428859356553
642,1.81745606241748
642,2.01277626318714
642,3.78232878146178
642,5.55587798789813
642,5.24751338159782
642,0.947498502209783
642,1.95790738100186
642,8.46848294096899
642,0.50321685530205
642,4.97103173314015
642,3.84942689411224
642,5.92116028980768
642,1.42906627816485
642,12.4551090312408
642,3.04537463700399
642,10.5090897017194
642,4.68283411094403
642,4.45220289265221
642,6.27549043835557
642,12.6772736472296
642,2.32864109782585
642,1.08060484519228
642,1.08420105338264
642,8.12615154269052
643,10.7309930137852
643,2.43537494214252
643,15.3061845609974
643,6.80277904008931
643,1.03684208705395
643,0.46832442556837
643,5.91393542920655
643,1.33129010763777
643,7.17615732881141
643,1.70621089668924
643,3.82970633895552
643,20.5722947687584
643,16.9269003338161
643,1.10040017562032
643,5.3213405839861
643,6.38905690496272
643,5.59807830003506
643,20.6131429494101
643,11.4441474055158
643,7.61426635044527
643,4.40476511118418
643,3.49273645933814
643,9.95183840352011
643,2.82469543851184
643,8.34989699493063
644,6.45088011843568
644,8.70699336639532
644,8.07355584450456
644,9.67808184171927
644,13.8253794511067
644,8.19931422318232
644,13.9864817135536
644,5.12741034829474
644,1.75436240620911
644,0.823258752934635
644,2.23638809842474
644,4.90754446459419
644,7.78056134427798
644,0.913666870587972
644,1.89944539240714
644,2.2090057306923
644,0.0954505471971812
644,5.39273134411729
644,22.5848940933559
644,1.11148837488145
644,3.39861915213987
644,0.0830314704217017
644,7.12902055645673
644,0.423074405854607
644,2.72165038157254
645,0.407533249817789
645,3.5104565087468
645,1.7224823939614
645,0.232791556045413
645,7.84564903248077
645,1.71380972256884
645,6.29563787931061
645,10.1792419883878
645,6.46515775916582
645,6.87891558257347
645,0.256224418990314
645,7.97919396269036
645,15.0351469955387
645,1.59379019641392
645,5.65407657231164
645,1.89551180228591
645,2.77880107518286
645,2.30168362380937
645,0.357606870279589
645,2.06564383152929
645,9.3249923342407
645,12.6514436763929
645,10.2190777468951
645,6.68774642960584
645,0.255571564193815
646,2.99655007896945
646,3.91544203788195
646,2.59547892419736
646,0.325015569105744
646,13.0814728786455
646,4.60093674816324
646,6.53447315541512
646,0.250568683259189
646,6.42058849124997
646,5.67438380421089
646,3.80342734580897
646,0.559861885849386
646,11.1066228978017
646,6.64434355196959
646,1.81964534334838
646,0.0729512275067412
646,1.9660104229115
646,2.96603493392467
646,1.48338686512912
646,1.59537537798764
646,14.2455446142184
646,4.35921337902025
646,2.62009884230793
646,4.93346957003182
646,0.464119920507073
647,2.25247560767457
647,2.76109484955668
647,0.384722950402647
647,3.7544274421171
647,5.23049710604213
647,2.81316321655972
647,6.32128240519619
647,0.123281404356296
647,4.3274513024599
647,5.06002565824843
647,5.90776521262427
647,1.85267188819125
647,1.05924808420241
647,2.4172211647965
647,3.77144347739509
647,2.69704030427582
647,0.101883234456182
647,4.45962289060847
647,22.3216698492382
647,4.24518067834383
647,0.602237763814628
647,1.26198115060106
647,4.23664841314262
647,2.66686517745256
647,1.07707717223093
648,3.77072525189674
648,2.54686240805313
648,1.98910837527364
648,12.8818718803333
648,0.477285510860384
648,3.12097772024572
648,4.15801464558995
648,1.40646004583687
648,0.134073523804545
648,1.35910210432485
648,1.45636113826185
648,4.53776781104153
648,8.77254506531072
648,1.17654270125399
648,4.45560496279454
648,9.20433844397676
648,5.20804393549866
648,0.848308331333101
648,1.04976053815335
648,2.62649459997192
648,0.644387612119317
648,2.42947935592383
648,0.561287002478403
648,5.31027939149594
648,14.1946748635712
649,0.547293259774976
649,7.38325450527382
649,2.28363039204851
649,0.866553266532719
649,5.81127004211253
649,7.32794576282513
649,3.18355250405148
649,1.67338346131146
649,7.82234747852099
649,6.2546446265415
649,1.1633932142104
649,4.92465747904452
649,0.630653999141828
649,5.02484437057233
649,2.16272968333215
649,15.0831736615839
649,2.0026929769665
649,1.82285370317342
649,4.38365548401251
649,3.49541595650321
649,0.653257940430194
649,1.24225599691272
649,4.72161464837796
649,1.98019905248657
649,13.0702610773252
650,7.19788731033814
650,0.413685261737555
650,4.40954748238885
650,7.70858576574695
650,6.48307605625546
650,6.38815733583129
650,2.92571413796395
650,0.89295316569497
650,9.57828213418734
650,4.87385272027409
650,0.770133892074227
650,26.8844210434903
650,2.2301659733057
650,4.41604481523341
650,1.6108871717006
650,4.98898733921263
650,0.250640022568405
650,0.404367825174917
650,5.23731082656837
650,3.44738387269899
650,3.82605130297548
650,7.38791228230012
650,5.48108682481057
650,2.43097620066165
650,8.09959227842358
651,11.176339322071
651,2.05077345483005
651,9.73297707655304
651,2.13058601599187
651,12.9373752785133
651,3.32602737238631
651,2.08679566625506
651,15.5134808263722
651,0.376019068062305
651,1.58263867488131
651,3.66312562001354
651,2.56474141962826
651,0.396104275714606
651,5.33147932940579
651,4.00498545241958
651,4.84632766442952
651,4.46078049475375
651,2.2402009810321
651,2.07237742841244
651,1.88384343869984
651,0.945852618243277
651,1.89649687381461
651,7.06983925280525
651,0.745138006750494
651,2.21965990029275
652,4.33461604153222
652,0.747459514532238
652,11.4114847493576
652,0.0127942451982042
652,0.455161135178059
652,1.65915158928668
652,2.42727312281769
652,3.51545762412714
652,2.82079347029341
652,14.2447653559246
652,3.7451875952766
652,8.93745886720254
652,8.81078391293895
652,5.09045393185175
652,3.86653366477645
652,1.30419709719718
652,0.807539015077055
652,11.139528148199
652,3.54511009320962
652,5.50441318636245
652,0.893073522020131
652,3.94789805149144
652,0.553107882546906
652,0.586259549853643
652,3.26708568260074
653,2.79731348270068
653,3.91837271840727
653,3.53928698315299
653,0.494042427744716
653,5.1529014201597
653,3.2040400383994
653,0.543909266125411
653,9.12974410648358
653,15.3858539453688
653,6.95688761728716
653,1.4717621472668
653,0.138099081814289
653,19.2747262389141
653,1.98642994251032
653,2.70940619986504
653,0.115462942048907
653,2.87257497664541
653,18.0807197362858
653,1.37702673440799
653,4.42400156499302
653,3.45368361100554
653,10.7509675336288
653,7.57468527140928
653,0.299089981708676
653,2.6354862190783
654,2.25407760124654
654,14.8314769185128
654,0.80122116760145
654,0.0943306524822732
654,11.8559490789877
654,11.048928849985
654,12.1351599613249
654,6.10412933377034
654,2.82817924395204
654,7.63059089849603
654,1.76065429113805
654,1.67670951457694
654,9.5093630715729
654,0.124521905985128
654,1.68069628714591
654,11.5513073119702
654,5.87498028275973
654,5.16189604203844
654,5.17196144887662
654,7.11381912189436
654,4.25463754662728
654,5.57781625052399
654,4.60367528459139
654,2.68313613953069
654,2.11872111773118
655,0.728227044455707
655,12.8303808805751
655,1.56535173999146
655,5.16349716556674
655,5.92090410159385
655,1.30127190845087
655,1.41437985701486
655,4.77410238215184
655,1.74723295834125
655,0.41906596859917
655,1.85799435013905
655,1.86178979231045
655,6.26665883676565
655,1.06234170729294
655,16.7537399000468
655,10.1116875275494
655,1.72574494163236
655,3.48378674571818
655,12.6258452137219
655,8.67826283867371
655,0.768383884877665
655,3.5858397227963
655,0.859146227594465
655,2.79559882823378
655,2.02523668529466
656,1.02100844579035
656,9.53524907077563
656,0.0111245982768752
656,10.3157730955155
656,8.85301524213634
656,0.0755728012882173
656,4.19976587386286
656,19.5555211872536
656,3.73171242389755
656,3.14724307041615
656,2.40986179094762
656,0.391340295038338
656,6.20827344225204
656,3.51541270480907
656,11.4251174213385
656,1.05601205104572
656,10.4742022071666
656,0.415813630623844
656,2.9828431433998
656,1.8455882766284
656,14.4817119455876
656,5.63201930818564
656,4.97748912291086
656,0.982819648925215
656,1.32302945312669
657,0.952727235853672
657,3.22122963843867
657,3.40800343547016
657,5.71337958311147
657,6.80557801832861
657,0.861847805790603
657,0.165263686794788
657,9.74407916846585
657,2.31003471883014
657,11.9514987704562
657,2.36532623849517
657,13.468944960575
657,1.32610106988786
657,0.987596411723644
657,0.213651996956995
657,1.72714485554025
657,3.46724976390773
657,2.53865261794999
657,3.87018056461056
657,14.0184878922048
657,0.771035175279072
657,8.90036439481092
657,3.85078002292897
657,11.5750071120666
657,4.85962141271902
658,2.5724029718643
658,0.1678133639507
658,2.49778881203383
658,4.71745233030474
658,1.1142157157883
658,11.2215803407983
658,4.11234462378671
658,0.694370325654745
658,0.845561479181142
658,5.29583550061661
658,3.33130556158721
658,10.7127586192117
658,6.42655792159444
658,3.53796982651061
658,6.1419818762056
658,8.65118684205127
658,1.93375839153305
658,6.11689157297319
658,15.5392586656344
658,3.80946233619151
658,0.440115980264643
658,10.317519781691
658,6.87592838404185
658,12.4806422919137
658,1.55899098608643
659,2.40505293011665
659,2.47992597287521
659,5.94607972984618
659,0.243084165404025
659,21.7163626278255
659,7.46519962794987
659,0.301357633434236
659,5.22857634329653
659,3.08459750609472
659,0.961907573509961
659,8.72991868252766
659,0.331218898321676
659,5.78039586988694
659,4.09750400090075
659,1.02307752524536
659,0.0464669894427061
659,3.78589338139137
659,13.7971966614233
659,3.58209872597313
659,8.80648198499938
659,0.548007377876314
659,1.24649405479431
659,1.68814355274662
659,5.0198443092168
659,0.471813473850489
660,0.325955147854984
660,21.5869393673001
660,0.149798081256449
660,2.69498633220792
660,12.0604634558069
660,0.160739389248192
660,4.09119528697288
660,3.88674224028202
660,3.32029168028384
660,0.0397572972663429
660,1.29486680962145
660,1.74159448102138
660,0.950219843464126
660,1.38124345001489
660,2.53907016012818
660,1.2893799203448
660,3.08874282753095
660,2.33693572925404
660,3.84573988595462
660,4.46961900440568
660,1.37883041752502
660,3.09315746184438
660,3.61641996984786
660,0.028841788880527
660,5.61080287873216
661,8.76039951066387
661,4.85953891163176
661,1.69081063941121
661,9.20328465248358
661,1.21061372803524
661,3.11037960229442
661,6.57633676540273
661,5.25502948535091
661,9.07013590405595
661,1.63538252003491
661,12.0878702861475
661,1.16427710745484
661,1.45557506925915
661,4.05752222671965
661,3.01791897276416
661,2.69595780409873
661,0.290169462095946
661,18.6488245696503
661,1.71714326133952
661,1.02024884591349
661,4.55568512427359
661,0.903326477855444
661,8.63493173341167
661,0.720978782353622
661,3.85935944484031
662,3.15110802898312
662,8.57629984879046
662,1.33069661678746
662,1.67398736579344
662,3.12558132689446
662,4.35649631523943
662,0.582809129712003
662,5.21762204801148
662,4.56417361210721
662,0.713160913437605
662,4.3303373500467
662,4.9029864733143
662,0.177824019592124
662,3.415275469888
662,2.699228185229
662,2.07755448063836
662,11.9605179031597
662,1.34984793086027
662,1.98877647751942
662,0.624126971233636
662,1.6232985118404
662,2.01757892452304
662,3.35962221492082
662,4.71365155631161
662,12.8755417925524
663,3.50796893683678
663,1.8796375248073
663,5.18977202454066
663,5.5605464463646
663,1.85631794622168
663,0.982256096322089
663,0.259460813831538
663,2.98838848248124
663,1.59667602507398
663,7.3706834200294
663,0.110117234289646
663,0.64600411336869
663,4.56812810131764
663,1.00125211523846
663,10.8964556655206
663,2.0243394211866
663,6.02997191694981
663,5.34822709371752
663,3.15309507073835
663,0.1698845561145
663,0.66124862380135
663,8.29388470393155
663,14.6727425596657
663,1.52905508494335
663,0.690918881446123
664,2.59991211429269
664,6.55139567309475
664,0.282648776192218
664,0.0493226828984916
664,0.491665357258171
664,1.53955152723938
664,0.0465457793325186
664,21.5889937604282
664,0.201583224972349
664,9.21487527857435
664,5.57245323413468
664,0.749626196920872
664,1.66319266660139
664,1.26885922625661
664,0.774341205066087
664,0.530460621230304
664,6.20671749559647
664,1.86836524866521
664,0.508876187715386
664,2.6092624431476
664,9.19040898750436
664,5.26184507159001
664,4.35221491640352
664,3.12970911618322
664,4.2390340626977
665,0.149598550051451
665,2.78793233213946
665,10.3589496850492
665,4.3275707119838
665,5.06245016487726
665,2.79505353188142
665,16.9476777679267
665,3.49762702596219
665,13.5403084096717
665,30.1107721422013
665,17.7824536234814
665,9.20144044752133
665,2.24541833158582
665,0.0135844061151147
665,3.76644850221878
665,6.8722301207245
665,13.1426037562298
665,3.56555118670172
665,3.22668426437303
665,4.7762324658916
665,2.38806137349457
665,6.36317750418043
665,13.4301995014058
665,19.0520962596613
665,2.15236816864904
666,2.70310345105827
666,0.207923600252888
666,6.28018955679095
666,7.15028184424055
666,5.09851282236164
666,6.75650855039662
666,16.9022899112644
666,4.91084979360408
666,2.4641563044861
666,11.2138408323036
666,1.17203561658778
666,1.18234842520716
666,8.89831131009014
666,25.6470718657728
666,2.88398339413106
666,5.9675262540341
666,0.360808589901285
666,7.22090664277685
666,9.34469627174449
666,1.78665512241423
666,1.34276702301577
666,3.98107940775758
666,5.20513244417912
666,2.58310950594023
666,2.46376740367514
667,14.7798014280925
667,1.20824271580204
667,1.08245079405606
667,7.80396304051292
667,0.250970693498143
667,2.54946241988406
667,22.2694631381888
667,4.90134615430093
667,19.1012326151806
667,2.70168338203803
667,15.7510908888535
667,0.325813062954694
667,0.231552068144083
667,6.38998691902912
667,12.8739528046298
667,3.0894753197208
667,3.51786491440094
667,3.96515421548343
667,4.06615563021901
667,4.94787935812602
667,1.76386299310252
667,4.60525257491922
667,1.94484105100855
667,2.31737741269171
667,2.61782294372097
668,4.00254473699172
668,1.63354099628376
668,4.85538046320385
668,0.286819909248006
668,0.185445254274558
668,8.86092151473177
668,0.550521318800747
668,0.810922809415503
668,7.79696509191329
668,0.125472866930068
668,1.20529734343267
668,7.3614516384424
668,1.75100303487852
668,2.1322532161139
668,1.98328797472641
668,13.3520694536375
668,8.73141744132054
668,1.09198584218889
668,9.47688096443534
668,5.46873980646438
668,4.73200101679888
668,5.39850067151753
668,1.68076014835513
668,0.147531889409063
668,0.593408602289855
669,7.15374118447017
669,4.12350723033255
669,0.111504957922286
669,0.978238394850609
669,11.1497323674368
669,4.60037771223268
669,1.30423117297623
669,4.82586544917381
669,0.641780723677991
669,2.66232232563198
669,0.36452957512517
669,0.628922854084522
669,2.22686767810956
669,2.67777500208467
669,2.86893335171044
669,0.370582204180104
669,6.13111955092704
669,3.50067954189467
669,4.0327008764953
669,2.16014506760985
669,2.39328797478101
669,3.10639873147011
669,2.85598800284788
669,1.69234652899591
669,9.68477844218624
670,1.08746230835095
670,7.59082378777576
670,0.039210954337148
670,3.64457643569863
670,6.96775999809516
670,7.74463369469059
670,5.66150237027795
670,2.20004578121006
670,4.74193533593338
670,8.32948878365469
670,3.97480876264033
670,2.53477513790131
670,5.25892563608891
670,6.05928423793471
670,1.45971603924409
670,0.522086886818581
670,20.6559119642454
670,1.29966621287167
670,7.15750332879734
670,9.61165446746063
670,7.10125031839025
670,2.1143679600209
670,3.20133711444214
670,3.9643261626125
670,2.7653383766301
671,1.76158576047363
671,15.4313592604342
671,0.840014638379216
671,0.294946643989533
671,10.3540613498063
671,0.661445376619522
671,28.3321551973422
671,10.9511993353473
671,4.13462354278243
671,10.8975472946869
671,5.42223649544126
671,0.743683464825153
671,10.3590408335896
671,8.06091166990709
671,1.84425391303955
671,7.19657258141982
671,1.4175355288591
671,11.4723566261338
671,0.230959875043482
671,4.41859057853075
671,3.10554098570719
671,5.45031465568996
671,18.0364790610449
671,8.23171068428054
671,7.63022375251067
672,7.88096558921226
672,10.6968216684865
672,4.05047361746784
672,4.92044376188374
672,13.3519204420255
672,7.14693278032255
672,12.0477942650424
672,11.302157928537
672,6.3283946502716
672,2.89955599233508
672,7.78545419710841
672,3.51329707985228
672,3.2272957265377
672,3.98760161991976
672,22.3126692498539
672,5.58530755076974
672,0.430501570759526
672,2.47998828301206
672,0.713713801406195
672,0.887768403626978
672,2.96658837702125
672,0.952563687262602
672,1.62368523189798
672,16.7669743291082
672,3.26056106481701
673,4.56618092998361
673,3.17642903188244
673,7.66540850470674
673,9.64031000530288
673,1.31441423203796
673,4.50034500687437
673,0.649424863861807
673,24.3125308642283
673,16.1033639675918
673,5.23372934644526
673,0.262991331983358
673,0.330576256423447
673,4.53071541597551
673,1.58194133779034
673,0.206653310013859
673,0.301230697335764
673,2.40550174377859
673,0.104265022091568
673,8.61911409492505
673,1.45315216854215
673,4.64471241903907
673,5.95990053822702
673,2.66970594180748
673,7.78672189409745
673,1.25195579370484
674,7.69089736470219
674,2.36197808133866
674,11.8659191292928
674,4.89827135091132
674,0.286976033821702
674,5.27631451986243
674,1.66628885315731
674,2.40307963453233
674,2.63759323628619
674,4.34095561415399
674,11.3815246050464
674,12.0132593711125
674,9.66512568477232
674,0.0636509887482532
674,16.5694652489367
674,0.496148835360612
674,4.86015750074244
674,1.78268577480551
674,0.710873722564429
674,10.883101260339
674,1.75840427400544
674,8.26386826070857
674,6.13389336948699
674,1.31633845157921
674,0.828385851183644
675,8.7482268545301
675,0.466590153519064
675,6.53895101023322
675,16.7486855006757
675,11.0502239776062
675,14.2472351049362
675,11.5805500087546
675,1.69206027720377
675,3.30318253021687
675,2.86335413111374
675,2.09082385757938
675,4.99630575978613
675,4.11877433282739
675,1.81114616105333
675,2.98459285171703
675,4.50190923621363
675,0.987028132658452
675,8.25462287249875
675,8.07197461527163
675,6.85794459634876
675,3.43469090526924
675,9.45147887761605
675,2.2361098905094
675,8.96489462100486
675,13.00370673586
676,6.83687751160419
676,0.776156634092331
676,2.22881861616714
676,0.292357429862022
676,0.251996412407607
676,2.34604727942497
676,1.42647442407906
676,4.35445829739279
676,9.65718850451422
676,0.211502863094211
676,0.695089797859035
676,7.12342489468765
676,0.0738008902408183
676,0.984707375330484
676,4.21009027843779
676,2.24995445460081
676,7.67047402406943
676,7.05197205725026
676,12.5290486117111
676,1.49554109433666
676,9.22759980852616
676,0.859946822747588
676,4.24133217872536
676,1.47335461864181
676,11.9481196244514
677,23.0789330030296
677,4.45276677587485
677,0.0148859247565269
677,12.4408569788613
677,46.519734735664
677,3.8858420676341
677,0.576952473174394
677,1.05674293357879
677,3.29743090551347
677,4.57169318254622
677,0.0384610029868782
677,6.7420855721221
677,0.221125138923526
677,0.883728854823858
677,0.482683281879872
677,4.09760708899653
677,5.03761864711946
677,4.24146559534079
677,3.89621027922747
677,9.88065237137389
677,6.2707227792353
677,3.33694376517087
677,2.16494208900258
677,3.12648841878399
677,12.6036423531579
678,2.32634253334254
678,5.55444675942367
678,13.701723710935
678,0.670740152709186
678,8.77547919708204
678,5.32622976673252
678,23.3032875681732
678,9.12770757409644
678,6.51899238561696
678,1.16430662776483
678,2.96537531074136
678,6.66942764518267
678,3.17879777634516
678,4.63153187630183
678,2.73830792184344
678,0.055671944282949
678,8.03954897634596
678,1.73966705566272
678,4.11432268885411
678,5.45992791631675
678,7.230956110561
678,0.965445947367698
678,1.11391595797613
678,4.199700015387
678,0.0265651430173991
679,4.25997400238585
679,5.97292885628945
679,0.554070400539786
679,12.8319213439928
679,0.0237405020743608
679,6.81371379622674
679,0.429647217990595
679,4.11071269286281
679,0.248060557059944
679,5.93834656248624
679,10.4286730562555
679,1.88453893642873
679,0.764600257389247
679,0.631960106547922
679,14.7068927524002
679,8.63232231144113
679,1.248936469201
679,1.3876388897188
679,12.9962392051922
679,13.0210375313865
679,5.1142655823142
679,4.58231564552771
679,0.818019805010408
679,0.636159428395331
679,12.4137833895527
680,13.5179892455446
680,0.029453297611326
680,6.14094696917987
680,0.527775253363011
680,3.11642546905205
680,6.40450442654497
680,9.97639100025308
680,9.89179460289788
680,0.686063894536346
680,0.0910955493793645
680,1.1675717534875
680,3.6875412512009
680,0.880294786766171
680,0.489900629183819
680,2.28984132641926
680,1.33915913262365
680,18.6917216599661
680,20.9402447978883
680,0.125614444175415
680,3.64511574948346
680,8.73798582021956
680,2.31507100603181
680,0.0681529520079494
680,1.06833787634969
680,14.647684804255
681,0.0107273484875542
681,3.67091830798841
681,7.05470646372167
681,0.662632402963936
681,2.08688720595092
681,0.890135706868023
681,1.6564705572091
681,10.0598615962536
681,1.97790529811755
681,3.32554224645719
681,10.0723383757741
681,10.2657801839979
681,1.38837533770129
681,10.0298342849584
681,13.7240784702109
681,0.771551844663918
681,0.806861396765306
681,6.58622818512327
681,0.559100673999637
681,8.85645454707456
681,14.1074508792701
681,2.89710835320875
681,0.895322388969362
681,16.0043269759955
681,7.00647119390679
682,7.1243416141243
682,3.78116086570031
682,13.6823399265515
682,3.88692680765749
682,5.64117583178297
682,1.05975239854346
682,20.1940062165934
682,4.49079157763577
682,3.91109154757243
682,8.92021165187371
682,2.37279758322984
682,0.244725032243878
682,12.8525131282614
682,0.984417060390115
682,1.95889082970098
682,16.3921418777647
682,2.58271642029285
682,2.7890365337953
682,0.874251506756991
682,0.442022439092398
682,1.10313887424129
682,0.370657702442259
682,8.45479014287603
682,0.721144500662416
682,3.77759169370722
683,13.9001738335666
683,1.80592772550881
683,2.79655718710274
683,0.877916344739314
683,6.95980722042632
683,0.707889957850628
683,11.5373348996417
683,7.48806544537556
683,2.33042777050287
683,0.517635575961322
683,2.25079222692316
683,3.16665470832959
683,1.28890993518617
683,0.665779241826385
683,0.829146890901029
683,3.37511077290401
683,13.3879583043264
683,2.80570079572499
683,3.76039329895234
683,22.307299751146
683,0.0369985286943181
683,2.34822738450021
683,7.75873789521156
683,3.011492586229
683,0.857425562571734
684,4.7704808784411
684,0.72845697263987
684,1.51401789626107
684,7.9222162959579
684,1.48597897263244
684,2.62343614827842
684,11.5818857940046
684,7.52594372215581
684,4.68714260940856
684,1.28962077433243
684,6.08887322226024
684,3.34101736312732
684,1.94986427098429
684,0.605753315612674
684,2.05807227546282
684,3.77796490190035
684,4.55395585836327
684,1.8908547755387
684,4.90864420288658
684,2.97292662784457
684,6.61121139747507
684,2.54886711016297
684,2.79208582127467
684,2.70171237643808
684,20.445962351628
685,6.39743020737028
685,5.05949256887126
685,2.44508853182197
685,2.49646838754416
685,9.02024175929737
685,0.59366965899244
685,5.08835506138808
685,2.41133622825146
685,1.10259900335222
685,5.20135911626226
685,1.98842513142154
685,5.95581070813397
685,4.65342319158869
685,9.88767573567939
685,5.75060502604997
685,7.48759368368429
685,7.19375904607487
685,0.770574167836457
685,4.26775330084364
685,0.260731148370333
685,6.40438679584718
685,8.09343425711084
685,5.29527774990952
685,1.87115046039736
685,0.117712463380971
686,11.667453245561
686,13.630866286646
686,0.682953376937997
686,16.7429481065812
686,4.92871513103551
686,15.5715433127227
686,0.398553749546409
686,7.1840923964189
686,7.81885728670836
686,2.27914072340354
686,8.76264978158188
686,1.11887085852384
686,0.104409650045237
686,5.03688754027194
686,4.98846311566836
686,18.1887572527605
686,0.280663708690554
686,3.50825580558797
686,5.26620495419535
686,27.8037446887138
686,3.46017486182973
686,5.2450300834326
686,8.47450102405194
686,2.77537891641259
686,3.28700455604121
687,0.987615694757551
687,10.4352160779188
687,6.84058241990811
687,2.5834930781275
687,1.5932180930667
687,0.224797800183296
687,6.98186458046448
687,7.02667185524465
687,2.42612188449129
687,27.1065641090303
687,1.33010551333427
687,4.19000095666802
687,6.30703932584679
687,2.01246662531048
687,0.0791129308388851
687,1.6228040936403
687,20.2464810192418
687,3.82481743094927
687,0.146410096795922
687,5.00143239937844
687,1.72778559376727
687,4.48592025765634
687,4.40453059950328
687,1.81460529946632
687,1.78413396468386
688,0.771745175588876
688,19.0368732333857
688,10.542621632949
688,5.51742813916833
688,3.72149249052113
688,6.38223535825914
688,0.602078316178454
688,6.21506235075599
688,13.0245378141509
688,4.84356319976455
688,5.4546352505697
688,12.7152013865517
688,1.36715369066224
688,1.70903001794092
688,9.54160197595966
688,4.81144892344824
688,2.5347010884434
688,8.93334879497898
688,0.730724597815424
688,2.12088017957285
688,1.09248621156439
688,5.09285409913814
688,3.79658825208849
688,3.64753383190787
688,1.78613951626905
689,1.88530378955215
689,0.609321317172658
689,2.07402900094166
689,3.40262792771682
689,2.57460240274668
689,13.697479860227
689,0.714245571289212
689,4.39783230853416
689,4.14335142643169
689,0.92577613671677
689,19.7982533544976
689,5.84767363013184
689,17.8146946699101
689,1.27579993568361
689,1.70955081832306
689,2.58786019403487
689,2.45709371970052
689,3.03779963869601
689,0.148073395248502
689,0.749541654503921
689,5.04864511990404
689,4.6625609518604
689,0.90248649707064
689,10.5583736759828
689,3.11055047437549
690,2.79462359147146
690,0.546758335549384
690,1.99491697383615
690,12.6829048519241
690,2.22935995552689
690,11.2105685528823
690,17.0930950707736
690,2.43439491372555
690,6.25626227331764
690,5.35186282985922
690,7.4897160097481
690,8.6023225537957
690,3.6135358175025
690,1.3283265314771
690,3.46221479354426
690,4.91193972506976
690,2.87504596635699
690,3.56690823545164
690,1.44726290833205
690,19.244751659103
690,5.20601107717908
690,1.56321276444942
690,2.07408734364435
690,2.20569837605581
690,0.088819532848704
691,7.94369770391401
691,3.96382915184593
691,7.43335122200561
691,15.7246645159068
691,1.28664929652587
691,0.0399204832501709
691,9.52091933186066
691,24.7134333182324
691,8.7025575852493
691,4.59427985341704
691,1.07030320679769
691,5.21598390649422
691,3.70382640745717
691,14.8207336583156
691,0.051347961089018
691,0.393603038974106
691,1.37564440025017
691,1.72554752789438
691,0.850547843147069
691,10.1879590838672
691,8.32717843682896
691,0.673321949289283
691,18.2703431359651
691,1.72115354798734
691,6.92408694399005
692,2.81408139504492
692,13.041398403536
692,0.40794904617112
692,6.40503755283958
692,9.41766385878337
692,3.18557656653548
692,0.624660744797438
692,1.13817732315511
692,2.45754857547581
692,13.5314233687924
692,1.20474200695753
692,1.05851887958124
692,7.65305234077287
692,11.0091864599346
692,0.219170197378844
692,12.5034779024528
692,2.30587370460853
692,1.35843610623851
692,4.30268818025893
692,12.4489534151456
692,1.53106347192079
692,1.56698782660744
692,1.40702847624198
692,2.4366975956383
692,5.88002876357591
693,2.37560070119798
693,6.18073096943504
693,3.26394678093493
693,31.2159799672386
693,0.819000785704702
693,9.50772062833321
693,2.58066473295912
693,1.23812481760979
693,9.43174552130413
693,0.0832457141950727
693,6.91134585512287
693,13.2516782631384
693,11.6617902121543
693,0.174090361688286
693,2.14925416046754
693,12.4233364214407
693,6.58125075956291
693,4.93889332262284
693,2.37090004840866
693,9.18985373298538
693,5.55600293609288
693,0.246300781751608
693,0.629098960198462
693,35.7772544530032
693,0.604968694955351
694,7.66260061710098
694,4.08134202451861
694,10.1604986465992
694,9.20907378573422
694,1.46546089556068
694,0.709565633342409
694,3.32365282345563
694,0.0626711342309234
694,1.01857745198975
694,0.706944125704467
694,2.16356019023806
694,1.08932761461439
694,2.83120886422694
694,0.413493537344038
694,2.44814293226227
694,6.50687183232463
694,8.66373471873713
694,1.08028880084746
694,3.45123229781166
694,2.55163354799151
694,1.80934155359864
694,10.7128829595851
694,1.89870805168112
694,7.00400367337179
694,2.40919969975948
695,2.32908834004775
695,0.913433497694279
695,3.27708579134196
695,0.931185133770952
695,8.27485730501984
695,7.75591012048435
695,1.36055910028517
695,4.57668715153988
695,6.5459337455914
695,1.27810892183334
695,4.86610225264206
695,1.13215635064989
695,11.4826259221673
695,3.25548626715317
695,2.18111185356975
695,28.9743648411793
695,13.279421282302
695,1.48827524157241
695,0.412771000992507
695,2.18281775712967
695,0.165410495828837
695,3.36786601925269
695,2.27896282915026
695,0.516614789489717
695,10.8318871615952
696,11.2008783726951
696,2.03876784304157
696,4.72231772052749
696,0.65193051006645
696,1.64161411579698
696,13.0247049120473
696,11.1980153359181
696,8.97480211178672
696,10.1556077970521
696,3.39060758473352
696,1.4757057884708
696,1.3732830660825
696,8.13390314840298
696,3.58648344387716
696,3.08171601733193
696,1.71799789648503
696,11.9712767464327
696,1.29005065187812
696,5.44759188635978
696,0.817328558769077
696,6.89795255640006
696,0.657093972058862
696,14.1839432335439
696,0.588254109025002
696,7.76464805896294
697,1.45129624055699
697,0.970211489262374
697,0.242605595849454
697,0.30150247200536
697,10.2086853138627
697,2.88450347725302
697,7.89532691171345
697,12.3598532651769
697,14.9016900352182
697,0.92236476389465
697,1.92535261270197
697,10.0130255236746
697,11.0934429888831
697,1.79798224009573
697,9.96159930671466
697,0.435437976848334
697,4.87751516492522
697,5.97542947602874
697,5.45926692838167
697,0.231564517598599
697,10.4426614095675
697,3.70262656055147
697,8.92392752650094
697,4.57790743538594
697,1.33977680001408
698,4.1643454836551
698,0.348315599840134
698,0.949711544034127
698,0.794015447609127
698,0.403897191863507
698,11.3737706368076
698,5.8534042209149
698,0.45295223421371
698,3.25246748281643
698,5.21863951792425
698,1.26863884739578
698,1.84620565967634
698,0.709554965142161
698,5.69986208786672
698,6.90535739508873
698,10.2641207720609
698,0.26335844071582
698,0.221501900814474
698,5.8129356287182
698,6.58756924531499
698,0.223483206637304
698,10.842903633737
698,3.20417901035398
698,5.16049871665841
698,1.71353925252333
699,1.39818380157195
699,4.74820272510356
699,5.04545889606742
699,1.76077105803415
699,1.07346355449408
699,11.4682994497227
699,1.28191153518856
699,6.97146124196425
699,3.9102354235932
699,3.71837076710022
699,4.70481692575478
699,2.49518843367696
699,3.52806327843523
699,0.0995130661477519
699,4.14406219476318
699,11.2496181850539
699,12.8383094712987
699,1.35677316226065
699,6.52590768390751
699,2.99789990996942
699,0.255581605785821
699,0.0970800314098597
699,6.30322803722179
699,15.2217974505367
699,6.18008268976069
700,1.00944936741143
700,8.06224775458586
700,10.7709457300152
700,1.43202140461653
700,2.35569728305563
700,3.32603694172576
700,4.04113288947797
700,3.25987878721207
700,1.72759343637154
700,2.71949955960736
700,2.40981007926166
700,4.16915579212314
700,1.78324519423768
700,2.34771884429809
700,0.449464337844327
700,3.08836113195866
700,0.905263118911535
700,0.915346802212298
700,12.2738218394326
700,2.84126668702811
700,1.03977945400402
700,5.36548659650093
700,6.53932339490807
700,1.19949216488749
700,1.02586477529258
701,10.006521353078
701,2.5314754107967
701,3.17817749688402
701,20.6485273957926
701,0.212267821189016
701,5.76983319574452
701,29.4497174235639
701,0.174248397879867
701,0.396303403012463
701,6.61765467820174
701,3.54682256912297
701,9.84525593886984
701,11.7827357997404
701,0.754135191178224
701,9.16657164911324
701,1.50727501139045
701,0.995969719704309
701,1.29922370193526
701,0.289905508483915
701,8.51669705430877
701,3.41171619482338
701,5.88133422636843
701,1.05382612673566
701,0.748078547648923
701,12.7357405227085
702,2.61373444693163
702,1.86387016312069
702,0.534153168555349
702,1.27055458026007
702,2.71872404729947
702,1.82550525059924
702,1.85664989752695
702,1.20582698611543
702,2.01361031603012
702,5.31751820796585
702,4.55894031669385
702,0.515068911839105
702,1.64185877656564
702,10.6135675873387
702,3.99473152005844
702,5.13245262902854
702,8.2739182900125
702,27.4237766195287
702,1.31968299625441
702,0.682735631848337
702,4.77198671062893
702,1.03338106869999
702,16.2361672139707
702,0.0159939634613693
702,3.79887778437277
703,0.0183357747777012
703,0.654909522662524
703,11.2875190183127
703,13.0632246752372
703,0.886715187225491
703,0.449452091881916
703,0.700012979767391
703,1.64934627639549
703,11.516036344062
703,11.9970296968924
703,0.250200007576495
703,4.84818613135672
703,1.78026469657198
703,6.71044085619456
703,0.879115090993153
703,1.69237110530958
703,2.07705503795296
703,9.59913471671653
703,8.20222649681282
703,5.84822829326099
703,3.16869782051072
703,5.50415576414621
703,20.8099901837746
703,0.288153383880854
703,3.68545040966364
704,5.73694276136762
704,10.130668785003
704,9.49415107215655
704,4.50684785983475
704,2.96759090619162
704,1.70532265910879
704,1.84314331039786
704,0.386634025468376
704,3.13657421238594
704,20.6545108825642
704,9.69459547619236
704,58.4649275209675
704,11.5630223688887
704,0.764136710204184
704,1.03697880270191
704,0.190999084687672
704,3.85839056668288
704,1.56682829838246
704,5.82259798867113
704,3.59068170168853
704,2.2610640223138
704,1.73110393807292
704,0.504382804501802
704,7.62539076566906
704,2.7909716591239
705,2.28171736001968
705,4.86319773809469
705,1.81669364839828
705,3.2837359351106
705,0.374887327197939
705,5.40351154727346
705,0.179318380542099
705,1.37540918076411
705,6.39022575204677
705,0.560498395934701
705,9.64990087742818
705,5.50306416561312
705,0.892606296110898
705,2.78608476743102
705,3.76071041894561
705,10.4390210558878
705,0.135723192422889
705,6.42346542307592
705,5.76116770484901
705,16.3260072461309
705,2.93748527765274
705,1.67366795009002
705,0.921974696684629
705,0.986759921070188
705,1.53463445836678
706,5.7799555917964
706,2.97380133066326
706,25.8611824441899
706,0.402489595580846
706,0.337338814808576
706,2.64850327279419
706,1.87082869233564
706,1.12616368802264
706,1.01050023999439
706,1.16994400523976
706,1.50622831890181
706,1.70493570389226
706,0.868110533165678
706,10.0159859094293
706,10.0141481119664
706,14.5672215512934
706,4.14211668053126
706,8.93978400476086
706,6.86250101753926
706,1.15983248688281
706,1.49372976040468
706,0.676103730220348
706,0.222375930752605
706,2.84994434565306
706,2.12162336101755
707,11.3725340124203
707,5.48289187231517
707,16.4394743732157
707,2.68455256242305
707,2.58581207599491
707,0.194790336527315
707,5.20022145451462
707,1.78620797536268
707,3.72226391897953
707,6.76184454446143
707,13.414589287083
707,7.87787724318826
707,17.5730396697918
707,8.94131724680674
707,0.0985518638062995
707,3.85620217132048
707,3.83627271396656
707,8.3971300991184
707,7.76504461426871
707,4.29726784562177
707,10.5428557371007
707,0.519097520383486
707,16.4870098969879
707,11.3473627430605
707,0.0880846101790667
708,5.37098042180246
708,2.81788022490218
708,2.36552467569709
708,0.87561644632255
708,0.303569191191516
708,1.45808246452361
708,2.6887606154196
708,3.93166665828556
708,2.25573417074981
708,7.50273144183987
708,9.4396179724009
708,6.7405414066971
708,0.757424426265061
708,2.81108493451029
708,5.43598934614841
708,4.01109453735358
708,3.11963770538568
708,1.10725435428321
708,4.57312340218166
708,10.0830734982611
708,4.08041644157906
708,5.14319284332401
708,2.5834073392564
708,14.5474814870482
708,14.1356879464331
709,0.506683697458357
709,4.80160189305848
709,0.0674985925109938
709,0.086659456758548
709,12.6127836753832
709,4.59023980558697
709,0.771072399802506
709,8.49225651430798
709,0.0452398741888959
709,2.17700880719349
709,9.35282682026637
709,3.6807592482351
709,4.06588661929077
709,6.19725902078158
709,0.490493821634073
709,8.85559199335885
709,5.26080926859236
709,9.47890108409238
709,7.54613326820445
709,3.0378970107995
709,5.0735861014337
709,4.53998554466675
709,14.9721316003171
709,5.22473326863206
709,0.117312173824757
710,16.2592237806859
710,0.583718164866853
710,1.30357054300512
710,0.663121229635796
710,1.62937574088573
710,4.71400716321027
710,7.22879146805669
710,0.137203300475963
710,0.734938003588468
710,3.4945948026933
710,1.51233525248244
710,1.62431349738001
710,6.36714904548085
710,4.44782946234269
710,1.11078236252069
710,3.89985349581184
710,0.0842537987045944
710,1.76322991326367
710,11.6708143648187
710,1.59999184077606
710,2.70244021434337
710,4.55125216738089
710,5.7951011553163
710,5.74059409068382
710,0.675141632091254
711,1.38001380078118
711,1.64476147852838
711,4.12926769736887
711,15.2409298337045
711,0.106385534789075
711,6.28114570376879
711,2.83188217553826
711,7.55148688289237
711,2.46981180366282
711,4.15693777624172
711,4.08232386202967
711,0.342452797622957
711,4.54808581951475
711,0.962485489435494
711,0.254218883346766
711,5.46620686051852
711,1.0967653494891
711,4.64943659936494
711,4.05928397738343
711,1.68466291157529
711,5.24586883818215
711,1.69323794081002
711,0.713228469248861
711,0.717697865329683
711,1.88975397842477
712,5.67293708528754
712,0.763439363799989
712,4.18174569008356
712,0.887182019650936
712,3.54566183046266
712,18.9095531040356
712,4.13433647679842
712,6.67857041561461
712,1.91147684585303
712,2.98964713700116
712,24.5761910521758
712,6.1322939719767
712,1.16233994951472
712,3.67733239640898
712,0.878232877368651
712,12.6702329230713
712,2.95059734489769
712,1.92128668073565
712,3.18942146142945
712,3.31278796307743
712,3.91145655165117
712,3.45550329424441
712,24.5427303839673
712,4.82437649255103
712,5.79454315805292
713,0.745945798226995
713,5.88381091577417
713,1.29616795806214
713,0.0988861755137724
713,1.9166498305276
713,5.31814718597984
713,0.997501944914356
713,2.85910659935325
713,8.03388689230296
713,4.11150804686819
713,8.45271679530752
713,0.585989486426115
713,3.69605641208983
713,1.51580250539109
713,1.9635584039843
713,0.632119296810475
713,2.31059034820646
713,12.1704536949502
713,10.3324838071586
713,1.34619866730645
713,0.435001337900758
713,1.20113317854702
713,2.82516871811822
713,6.5567842403189
713,0.121524133719504
714,3.48116018145497
714,2.62639277148992
714,0.75913092573367
714,1.20528220431879
714,18.4130843997675
714,3.89487121698862
714,8.58174689660621
714,6.38333745745427
714,4.90176897940642
714,1.83131789555773
714,8.09580745133472
714,2.96537072593475
714,7.00934162321401
714,5.99934590739796
714,3.29686637502164
714,0.748722965363413
714,17.005382067615
714,8.92355252946627
714,0.586604115087539
714,1.1343776239355
714,7.17977374674135
714,1.057570217426
714,0.00449855346232653
714,2.04482200089842
714,3.98762474974755
715,3.08320344602223
715,1.35330278830734
715,1.28836069618693
715,6.70379861236966
715,1.48885704344139
715,0.795518620884547
715,4.62214831808061
715,16.031295544559
715,11.0764199582146
715,1.57403237884864
715,0.642209909856319
715,0.998118929564953
715,2.69820711109787
715,0.230714534589057
715,7.57202607064307
715,8.62264129291189
715,28.2290744601587
715,1.8487837491557
715,3.86289256277083
715,8.58066159258497
715,2.63911499409005
715,3.45233816187829
715,1.72792959259823
715,1.05745130684227
715,9.33600259902787
716,2.54518014378846
716,3.48052436295277
716,0.813201579730958
716,2.03039956046268
716,2.69020587205887
716,0.846878255251795
716,0.625859909818239
716,4.38229425789273
716,1.24378374849056
716,18.0727968954656
716,7.65675039919925
716,1.74794886494055
716,3.22726444806904
716,5.78922924098975
716,1.96274246321991
716,3.94700591431415
716,9.29877625736308
716,4.79928133729524
716,4.5139020409349
716,1.15024557569996
716,14.8436704943854
716,4.77280201835042
716,26.8639891673077
716,2.91161196306348
716,1.83354052249342
717,0.545748316217214
717,3.26961629325524
717,0.418719019096761
717,3.6192343381927
717,0.31749555375427
717,0.2774967555888
717,3.93793900010592
717,20.1044329524714
717,13.2225545396315
717,2.70021377364174
717,3.14962744479999
717,2.8293369570747
717,13.8174700265037
717,9.76596550042641
717,2.64124461682513
717,2.49923459952697
717,4.31513871751509
717,0.416097587440163
717,0.103545875754207
717,4.06915736446287
717,7.20925525720132
717,0.0611236935578291
717,4.71434040398604
717,0.279989775735885
717,0.104211752194075
718,1.5193201135844
718,4.47622899501242
718,3.01687536761165
718,0.198772320683974
718,10.8105604064869
718,6.0555810339511
718,3.31388040911406
718,1.24401115817509
718,0.300591293645702
718,5.37000518736845
718,19.2694642663676
718,3.68003821910775
718,6.19102926438159
718,1.74765949644446
718,2.80957610579208
718,3.32336762687191
718,4.1517586088537
718,2.20759543856861
718,14.9477684489431
718,22.3629307747068
718,0.603139628656209
718,3.21003081044182
718,1.39667699544875
718,0.523473769426346
718,2.70057831192389
719,1.79718892788514
719,5.3409865060435
719,4.25091428195542
719,3.72583412147554
719,7.18870891216111
719,9.84651676337135
719,6.88356704523271
719,0.523992837406695
719,15.8386016628685
719,5.90762431712306
719,4.41829804640615
719,1.76541363820434
719,5.61533832901573
719,1.22344634953116
719,9.70911868805897
719,9.47434454182994
719,3.23918310692534
719,12.4500281450557
719,8.01539819308402
719,1.90445648739114
719,7.07209723959577
719,1.61990256747231
719,1.28230995032936
719,1.9057644228451
719,5.68199570735401
720,3.44897951232269
720,1.92050078185275
720,4.44156824124461
720,0.777215657290071
720,2.59419286623597
720,2.96554588247091
720,3.41654707212001
720,3.74702719484872
720,3.62601576484054
720,0.174117923024831
720,0.052013671488393
720,6.38091818874186
720,0.483604234177619
720,2.96012039994821
720,2.16089067282155
720,1.10011897520698
720,12.6686232065069
720,0.42654481716454
720,1.23636358934774
720,0.345206405036151
720,2.50183417461812
720,2.3945772764273
720,9.77807328994286
720,4.74762335469119
720,4.49392971787097
721,24.3578752208699
721,2.44518353115384
721,2.07759020844419
721,7.01177988159371
721,1.13118216861039
721,9.69286081339133
721,5.25254437413176
721,1.5851149498485
721,6.07721170855171
721,6.20673082747913
721,11.5537952346014
721,6.45423560382283
721,3.93830079948593
721,9.88708401988161
721,25.9851401377667
721,10.9904993593405
721,7.04154415945423
721,2.99371351047899
721,1.18711528135464
721,5.69123736096031
721,1.12409759312868
721,1.35431114817038
721,3.31097943708301
721,15.8662162643735
721,5.6682874936402
722,6.80984775980419
722,8.4752814878985
722,0.626794653747628
722,2.98012292245403
722,2.16225324571645
722,2.21799823688343
722,3.77569606455968
722,17.2450811780038
722,0.846886870602511
722,0.629699742421508
722,2.4095172341913
722,0.94034576555714
722,7.1389445099504
722,4.77711768334216
722,2.97049154294655
722,8.38960340268478
722,0.393493697014426
722,4.91831346393979
722,7.89442497027602
722,1.13361199790898
722,6.11178957836187
722,2.65938225202262
722,1.99303585104644
722,7.75812692898226
722,3.2705246261321
723,11.2806793761658
723,0.51536471122133
723,10.9926388070844
723,1.15146664176673
723,1.90445358166471
723,0.973442508839071
723,4.45416911018497
723,2.52714694244787
723,5.01464917143321
723,0.568385245278478
723,1.16990862541491
723,1.46684151608497
723,2.38844910636544
723,2.56228907965124
723,1.50550119811669
723,1.16332143545151
723,4.66515550368881
723,0.412531346082687
723,1.21716164052486
723,2.66077958280221
723,0.266726731788367
723,0.201523348223418
723,0.565318416338414
723,6.56560881042338
723,9.74177822428656
724,0.0246965460088126
724,6.03933616198929
724,5.62066478168076
724,0.886978760827333
724,2.94797718524933
724,3.37281700456515
724,9.31773271369648
724,2.55683554103598
724,1.53200368862599
724,9.51864550776135
724,1.84591715922579
724,11.1553467829943
724,5.0435456177574
724,1.51590058580041
724,12.0365583640314
724,9.21655464875412
724,6.75740357001728
724,10.6288462967153
724,8.23205480310035
724,3.28820489346981
724,14.879722445363
724,4.11678519544607
724,1.37711078161374
724,0.619629668313371
724,4.32808996295554
725,0.779806742057945
725,18.5294310272414
725,2.6051657833159
725,20.2176121891219
725,14.720386712903
725,1.29954720614478
725,1.50423406856135
725,4.34159514938897
725,0.729927334468812
725,11.5783650701152
725,4.05259512878232
725,0.0083369125785364
725,7.15208908500982
725,2.34199831960723
725,9.82034056405437
725,13.5208028641747
725,0.586859255563468
725,0.510568976568447
725,18.8600768377576
725,8.03123521576536
725,0.876311511204039
725,5.19345974951312
725,3.41891908552498
725,1.55320056587141
725,9.02712534139764
726,1.92836389644071
726,12.386408810805
726,6.3382334539429
726,2.31163246557117
726,1.87199287116528
726,0.221535726619534
726,2.84367776243016
726,6.27394373973316
726,34.077747974517
726,0.766211973968893
726,0.862868493057106
726,3.57194055316454
726,12.0497213577138
726,20.4996412516314
726,0.392091406974941
726,0.519385794340998
726,0.825227778404951
726,7.8750025569917
726,4.56653052816393
726,7.00074597793236
726,1.74626457970589
726,11.2532563221859
726,16.2946423507276
726,3.28393763396889
726,9.00809965985727
727,18.8054132524896
727,13.0427841742741
727,0.504809038247913
727,6.92414804340756
727,11.0560024616526
727,5.26805768699801
727,2.29071107693017
727,10.0189817413212
727,6.47243319058275
727,5.7102864559502
727,3.45633488846943
727,2.23810267598873
727,5.08025832636687
727,0.34678089967291
727,8.79211367997241
727,20.3024176032025
727,2.74455061880872
727,0.782396952736191
727,0.870331728365272
727,3.57573420719659
727,12.1012092352877
727,3.27703742310405
727,1.98599506402388
727,15.6054981789532
727,9.88227023701084
728,0.0689883856102824
728,0.76741756638512
728,4.15638189056401
728,6.45051037406033
728,12.1990724181043
728,2.62506983746826
728,3.49266478463037
728,12.4433910933541
728,4.34106256943428
728,3.2147207017988
728,0.822502524011508
728,0.0163701864545516
728,9.05510304453683
728,9.22550976034568
728,1.20973323270725
728,0.422779824584723
728,0.916185640568007
728,3.88665023014339
728,0.417045373469591
728,10.0782323438199
728,22.2630215609882
728,4.65213199590749
728,0.968512794934213
728,0.680206059478223
728,2.31627812143415
729,2.34342372952696
729,0.750501903239638
729,1.96022428572178
729,4.93870527069419
729,5.63830844571299
729,0.121964190358692
729,4.24022302476174
729,4.5895827047289
729,2.3964362218976
729,6.17112616521722
729,0.306181954219937
729,6.36814459671682
729,0.176216163672507
729,0.633708974346519
729,6.08449211228028
729,0.827092018444091
729,0.300544530466102
729,2.63890302740037
729,7.37970380229319
729,0.131124204939671
729,1.66863236343488
729,21.467671933255
729,1.18255738634616
729,1.07013235799968
729,0.689382296986878
730,0.269590428388137
730,0.718034789897501
730,7.32236105906677
730,3.34213024703786
730,3.17871751496568
730,0.0161340619311919
730,4.39590635222799
730,2.32334514847025
730,10.9762675774502
730,3.17796133691445
730,4.91523404070756
730,3.37924197781831
730,11.4244407315956
730,6.29774760433889
730,2.40396462148055
730,1.47303384030238
730,13.6987183329867
730,3.14351974288002
730,0.426274332478908
730,8.41824602293682
730,0.914940733928233
730,12.946526845287
730,15.6531568980756
730,4.91410523632026
730,8.73300853368682
731,8.10536026147613
731,11.8426090938257
731,12.8543332864748
731,0.952376804806331
731,5.37117712644345
731,3.02653975319117
731,6.30343769190318
731,0.134388309896494
731,7.37369979689729
731,17.9751138658005
731,4.85192324134141
731,1.24989098636433
731,4.37819533494717
731,1.84297792380676
731,1.00878818659112
731,6.14406432325505
731,15.6538376576247
731,4.07590460476881
731,7.69809380344225
731,11.6087937255608
731,4.32589408454901
731,2.61267521651462
731,0.403860941099298
731,3.74965740028745
731,0.613815863767974
732,4.44116918066048
732,3.09231604449451
732,3.23142178123817
732,3.07639616541564
732,1.28190097399056
732,4.2602158335731
732,9.17903305920673
732,5.38128186461932
732,1.95245943730697
732,4.36143173815167
732,0.122494241222739
732,4.01508309391743
732,10.0015508472444
732,0.722522491123527
732,5.05361372583962
732,2.40176157718576
732,0.711239147070002
732,0.0830929400399327
732,3.05174024542794
732,1.88669948140159
732,9.97289242180896
732,3.42620957642794
732,12.593738650273
732,6.8897671390087
732,1.26056409440935
733,7.41549116850913
733,9.27539688493025
733,6.35458322220898
733,0.763717130646346
733,2.13732066331431
733,1.94892000872642
733,1.80269687809529
733,1.35056961560622
733,7.90784992207791
733,1.53583983890712
733,1.23182132094055
733,0.677436529658735
733,1.0614927415736
733,15.2350068039988
733,1.24342850099667
733,2.25182587048039
733,7.39004461540161
733,3.36436646059155
733,7.66428221626238
733,3.85668859796083
733,8.21165597955597
733,0.1115237860088
733,2.93717385735363
733,1.52298934247677
733,2.89708599913865
734,2.44539272971451
734,23.7131077969883
734,1.67669972742131
734,2.47391162131663
734,25.2278741527547
734,1.3013010728173
734,3.47487149273461
734,1.00962655561492
734,9.64430740992439
734,2.61490714037791
734,6.83441734851754
734,6.78629962240762
734,1.39457478420809
734,4.88085471538311
734,2.25010948488489
734,9.75237528751505
734,7.8785351659627
734,0.388677655980148
734,0.464430078864098
734,2.47613169261668
734,2.47392174322158
734,3.25961554422975
734,0.378718651257742
734,3.2664047786966
734,5.07837022633708
735,1.9690860971433
735,1.16296497173607
735,8.47978932740998
735,13.1252636847304
735,7.15290442115094
735,6.74134414622045
735,12.9400828381287
735,0.295838871741788
735,6.3361759574846
735,4.04838056748217
735,1.45222717430443
735,2.72652578074485
735,5.43874527306712
735,4.08401932056361
735,1.10421039629728
735,5.82431088180697
735,0.803637551143765
735,11.1555360926946
735,3.08478193590418
735,4.04757487100965
735,1.03625218042071
735,3.96479061079097
735,4.37965676817223
735,0.584421764641886
735,1.38904672476954
736,4.22858897109932
736,12.5893322737812
736,1.0558302514255
736,3.10405331198126
736,2.94380685547367
736,11.1108598636177
736,0.481742867268622
736,4.16307299776084
736,13.9558280996027
736,1.94218319840729
736,1.91705542383716
736,19.7158263147551
736,7.53125024998982
736,8.04003134327841
736,6.6505293639139
736,0.810565933537835
736,8.25008619534683
736,5.55448642910874
736,1.89885157160461
736,3.69386099257922
736,0.812793502118438
736,1.32339816423964
736,5.511412191926
736,7.92112792800081
736,3.25124394614249
737,1.56643632100895
737,5.28350556831328
737,11.1350273591969
737,2.92487247381359
737,2.57148632314056
737,2.38158981019369
737,3.57861710691309
737,0.819084654599815
737,19.5214218915182
737,8.67644433821452
737,1.72586462227628
737,6.69428207424885
737,5.12651512378311
737,9.01968881445837
737,3.56658655872242
737,1.92597900982946
737,0.469261097252385
737,1.38031600276008
737,9.26823560106468
737,0.985866226988806
737,0.991269408259541
737,2.83973507815972
737,2.90029971860349
737,9.06362749594164
737,7.10879866623054
738,7.9611488334359
738,6.01688030190899
738,3.5748304218371
738,0.906855729397174
738,2.36960424110293
738,1.14613967714831
738,4.66933033873743
738,5.51361120598975
738,5.81083145437247
738,0.050239497795701
738,4.42363141083574
738,1.52197310933843
738,9.49567454825056
738,2.13220922509208
738,0.331868231296539
738,11.8373470095204
738,7.4229732151599
738,25.4264389801968
738,16.6691571465673
738,0.984953951205
738,2.10861819330603
738,18.5960060114462
738,6.01639456094659
738,3.89196246908564
738,4.71519836669272
739,3.80350960178355
739,5.23910517598918
739,6.31498584968454
739,3.82329573833799
739,4.56335196903334
739,10.4173268650876
739,2.09196070674807
739,0.672816343139857
739,1.33289952529594
739,0.629641562700272
739,6.51370830347246
739,1.5181010728702
739,0.171397061580913
739,0.843736783135682
739,8.33604097119353
739,2.96511940192431
739,12.2908437711405
739,4.54976124202317
739,0.30715478817001
739,1.86163008911535
739,6.81880400029427
739,20.5697428703982
739,2.02869494836682
739,2.74654844310135
739,3.38835645699874
740,7.75628523859096
740,3.1960182567127
740,1.31299888021121
740,1.90247743856162
740,0.696001718752086
740,4.91649063748723
740,5.53798667134202
740,0.159269592259079
740,0.247119059122445
740,14.3365045639334
740,5.54709304568774
740,3.36346802301705
740,2.86789227509871
740,0.048747081309557
740,3.38104319991544
740,11.0826026548849
740,0.556298145093024
740,14.2698655272729
740,8.44971606465888
740,4.8832847222448
740,4.88912070614702
740,0.530462002668359
740,6.22202017789191
740,3.23712293291464
740,2.44006996508688
741,0.0790133886039257
741,0.528151284133649
741,4.74640950073904
741,7.89673297752754
741,22.1828744734142
741,15.2388541392031
741,16.3080662700105
741,2.72962607676163
741,0.381036926992238
741,2.63811472950042
741,0.709015384782106
741,2.66225746832788
741,4.00659210099896
741,0.00870100966848779
741,2.84215046325698
741,2.60881835129112
741,0.126270482717552
741,2.10794393438846
741,9.31588483932328
741,0.684610716998577
741,8.86138522955489
741,2.90056075202301
741,3.50688940600834
741,14.9069494539265
741,8.35601152708181
742,2.5601461995393
742,3.60470721942788
742,8.20385252083552
742,12.5869196926461
742,0.00186992576345801
742,6.13256026504046
742,2.73229212732986
742,0.142699467705509
742,0.423556845635176
742,6.70105024219906
742,6.37334687183994
742,4.88835574770937
742,11.6091383894192
742,6.21298986466086
742,0.519961411059355
742,2.418040871906
742,0.572097601077708
742,7.92363137896073
742,6.65309155804521
742,10.1340073063494
742,4.84773122684515
742,7.3875566940279
742,2.55010356195271
742,0.696950075216591
742,3.46111092250794
743,7.04889464502982
743,1.51581880052584
743,5.4417755238478
743,0.621414883062243
743,1.17020672454627
743,1.50071013718843
743,3.25172407319769
743,7.59700233715647
743,0.421892283962759
743,5.36440753822631
743,0.658454897347838
743,4.03061633908606
743,5.22882430793202
743,1.75323263103251
743,6.19960039833045
743,5.65255613045252
743,7.11395646403444
743,8.06091777938318
743,0.24128103395924
743,3.50990064886814
743,11.9015687609192
743,1.82410364737734
743,9.31458897846651
743,1.30241780309007
743,6.01065262665457
744,12.222186019014
744,1.5853408165276
744,6.44211875152621
744,0.67087212417445
744,2.77371293399483
744,9.6545789200337
744,3.7710795549438
744,1.0236188583076
744,9.2876594602586
744,4.0197099696607
744,11.4774229406753
744,0.676308225374669
744,2.15324383927509
744,4.77628848960108
744,0.767283060122281
744,1.02981573203579
744,5.8374939856813
744,0.907474274766047
744,0.506320706476794
744,6.57913668092489
744,2.25164510775357
744,1.17680300725624
744,2.08978526294231
744,1.3541577453725
744,0.881075151264668
745,3.08763562003151
745,0.429714350492093
745,15.6473787906465
745,2.78524124818146
745,10.8720053074168
745,4.75083580685264
745,5.59423275270915
745,6.15761646514243
745,0.704925344325602
745,4.63244985768056
745,15.8974668002667
745,1.16467551793903
745,6.70925655381239
745,1.03698450140655
745,6.21735088971859
745,1.36304971419919
745,7.57288178792982
745,5.42007051387286
745,3.0619421415031
745,2.58670260664076
745,1.16800285642967
745,3.61650892953066
745,13.1044568394529
745,5.4285086642713
745,1.99902788677088
746,8.5399964850369
746,7.17760571236623
746,0.0342572559681673
746,6.15258537677533
746,1.51808529626578
746,12.659420349927
746,1.28238114186249
746,4.95590125189579
746,7.08275829399836
746,6.42504344181369
746,1.77011734399217
746,2.70826573017985
746,3.12721195630729
746,4.24562680514014
746,11.1966130783068
746,0.0320725189521909
746,0.647591417655349
746,6.97789205196214
746,4.39455603508016
746,1.83515711920336
746,2.66093902755529
746,12.6283039984511
746,6.40958448850966
746,2.78631624532863
746,21.2523966456268
747,19.8192919314581
747,0.197564423849366
747,1.03199553924221
747,5.99592926425344
747,28.4105008078699
747,1.11940493935204
747,4.90663887446231
747,5.42906873838461
747,36.2562178613103
747,5.22042674343197
747,6.23625298616545
747,0.424989483617461
747,4.20833342525157
747,4.98604508455069
747,0.715745382476598
747,0.110873116645962
747,3.28895623097196
747,7.67165455925179
747,4.34647608061737
747,0.254393029264735
747,0.183591846907274
747,0.0263670862011213
747,10.493348441782
747,1.0311395698227
747,4.50549149864769
748,11.7176649994402
748,0.445382133041162
748,10.8485139726176
748,0.471495271194726
748,0.910033794686892
748,11.6103712742435
748,9.64253793932418
748,4.25730932421676
748,9.69201759393227
748,12.0864488085018
748,2.3851263243705
748,2.61167721124366
748,3.4452872001566
748,3.97128736175031
748,0.216680863399072
748,7.67289124564863
748,11.2734075349973
748,1.5331236505881
748,14.101707189435
748,8.68096612351847
748,3.2060337299481
748,0.578892319463193
748,2.52943373983726
748,5.37362126075453
748,6.48046112598336
749,5.0635172005505
749,3.10364070581272
749,27.8270491497694
749,1.045799436979
749,1.58432311844081
749,9.1192544433744
749,0.176393667620243
749,0.452528030145913
749,4.80916617389765
749,9.73163958596897
749,4.93669383667031
749,10.4984649865976
749,4.79840516557401
749,8.94873036029649
749,6.60969275960183
749,8.00757444168584
749,9.38638698267651
749,0.193138350065482
749,2.77914482401684
749,0.889635097701102
749,12.8684772637891
749,2.74650286883116
749,1.08190619619563
749,11.046114200096
749,6.38243725502348
750,7.31421317863178
750,2.1630100463517
750,20.1946038276631
750,2.82341241138056
750,0.453519730363041
750,0.38625120357889
750,4.08167010152197
750,7.96165326721923
750,3.81675877044473
750,2.61659102747217
750,11.8631757696377
750,16.8366582683268
750,3.85001732015467
750,5.20875597817308
750,2.06605591578409
750,6.57742612993922
750,0.883870115503669
750,2.89475498022512
750,5.18058718938412
750,11.5646206549292
750,9.79815838816476
750,0.899579694960266
750,23.319379481158
750,6.02993634974069
750,8.40620050175528
751,0.620115281726817
751,3.54376729228384
751,3.27225223183632
751,5.95738756915039
751,7.71650570402754
751,0.503562798091638
751,25.7358943749417
751,6.84332970043129
751,7.2906256090374
751,0.292271240614355
751,1.27367360051721
751,2.41854128660634
751,6.23003726338452
751,11.9429524143444
751,1.05050781974569
751,2.40606527775526
751,0.338838438037783
751,1.64825701387599
751,6.00929619257754
751,6.9509226133417
751,11.609205873053
751,10.7031558354603
751,1.11365341115743
751,4.56076501512264
751,12.1831244317101
752,3.24499874841422
752,6.85434074585742
752,6.70890089569098
752,7.40442815194738
752,9.46907940278661
752,5.61487896862341
752,4.88090167732394
752,5.42504929916418
752,4.24173354615873
752,3.10968377394602
752,5.37475966827428
752,1.45974488320733
752,4.08649289959526
752,3.91002478057003
752,1.42668893710809
752,13.8104894471573
752,11.16826900218
752,4.08160487930827
752,6.80030622498548
752,13.2767331202393
752,0.577522194944322
752,1.64338535629213
752,15.4045389584246
752,2.89502260973677
752,0.83512360052065
753,2.33108084416017
753,4.67488785718983
753,5.25209031978107
753,3.09716604184359
753,0.0365926441736519
753,1.79016374517232
753,3.52891470284617
753,18.1291482222426
753,8.5318690949362
753,1.06038353405893
753,5.11316585333502
753,6.64802163818336
753,1.33375960246661
753,5.37876671159125
753,0.194632364436984
753,3.75640286467761
753,3.53136202019886
753,5.58658172355449
753,16.2858725330772
753,2.21295857802033
753,4.97924125736907
753,5.50272469853467
753,3.18977683316916
753,8.41232057618809
753,9.43693796130729
754,8.10549275907588
754,7.87454176652146
754,1.37556826143646
754,1.43515327999658
754,3.35179111454636
754,6.22161250540471
754,3.03882972802967
754,0.06789785111323
754,11.1052986507522
754,0.363579769618809
754,4.10749321261074
754,3.81860224043435
754,6.9114719655127
754,2.1057767723687
754,4.57559362808865
754,3.71733890788437
754,3.78034751375622
754,3.99312934817231
754,0.411710340995342
754,3.61655869500196
754,5.89531849117434
754,8.73493923763645
754,0.460772662676116
754,12.5921109405564
754,1.8093751068227
755,3.09012289624661
755,3.01273277960718
755,0.778817962855101
755,6.553275831765
755,6.52357617372131
755,3.51376792394972
755,5.95641051398075
755,3.40703047579154
755,3.44628978753462
755,1.81024059670715
755,1.02211084216833
755,3.30930317984894
755,6.82893739526576
755,11.3598959048497
755,1.13287719897926
755,4.4797421384365
755,1.51101874073072
755,1.54626752587253
755,0.337371845661588
755,7.24315543617022
755,2.5098529481329
755,4.07117480856782
755,3.88673230133111
755,2.05733585171402
755,4.47736512918394
756,0.673315086353707
756,2.36258696997538
756,0.0763269768112983
756,3.59520597362375
756,0.85782339862286
756,1.93473354441256
756,4.61169950177378
756,29.3973856402521
756,14.9047672663536
756,2.54372481722385
756,3.82476340027011
756,1.42734793946147
756,0.375014560717238
756,8.73085631015611
756,1.76685184938833
756,4.15479327550517
756,6.26244665102518
756,1.68100286468575
756,3.41899556806311
756,0.203376817075031
756,7.0114408615501
756,4.93722354474743
756,1.61476140139329
756,7.75019533018916
756,9.18879354643436
757,0.132123327348381
757,5.40640353204167
757,0.130492642056197
757,0.739309451688244
757,5.09743862764394
757,11.0020811756359
757,11.9366473751151
757,0.342642594708658
757,2.99747589844966
757,0.730316901611543
757,9.24087199340475
757,6.16704107706851
757,1.35697927325964
757,11.3258528423713
757,8.92219710253897
757,0.313952311407775
757,6.94923343094897
757,1.24916393775493
757,2.60148444678634
757,0.549655051299857
757,2.13621885282919
757,3.61879004144526
757,5.73906206426899
757,0.518590963911265
757,2.05726624000818
758,20.4759725452143
758,12.2722230379688
758,3.27413464197889
758,9.82584140221489
758,3.78371944790055
758,1.50248750338494
758,2.97540727769956
758,0.571345516946167
758,5.44895750449455
758,0.721562206745148
758,0.376818059012294
758,1.98154137004167
758,3.59682967399663
758,27.72485547552
758,0.678278107179443
758,7.36699459536256
758,0.269647247623652
758,3.25018095551059
758,6.44279295557594
758,7.29023114391792
758,3.93113439546958
758,8.40955587993276
758,7.41825813385558
758,16.4578925809803
758,2.25639544660226
759,4.11617001031941
759,0.465801367536187
759,1.26809283392504
759,15.5417069784346
759,12.3027524978824
759,1.41047747805715
759,1.25380064879224
759,1.920014123898
759,2.41700747050345
759,10.6341961113023
759,0.602260443847626
759,5.51716126336785
759,0.58656815905124
759,1.13973780535161
759,2.75168419117108
759,7.24152001510275
759,1.92084548063576
759,13.0883746867286
759,2.1636824333109
759,2.19761526212096
759,1.81163595290855
759,6.36042468694455
759,1.14227955928072
759,5.14266484396017
759,4.59149070994413
760,6.43097178523845
760,2.99360973993316
760,3.84967486818737
760,2.64460300793871
760,4.05835685974494
760,7.51162823247624
760,5.96851055954999
760,4.16852436938739
760,1.19148833755992
760,3.04067858727649
760,2.46551243588328
760,3.92659032696343
760,3.3490890963003
760,1.93955013761297
760,0.91303314526095
760,2.73106432287022
760,1.35488828054893
760,6.1854124625907
760,0.72438882663846
760,0.893016520421952
760,0.0779407401569188
760,0.998395999422649
760,5.26450597194439
760,1.07679886044934
760,0.252935447456168
761,3.97672609870738
761,12.8118301456081
761,1.94835158153795
761,2.0086106953021
761,8.85454228105855
761,9.13206913498646
761,1.64082842358967
761,0.783348663165688
761,4.69985078533596
761,5.53009497912085
761,3.97068811559534
761,0.970018322113901
761,0.739866846706718
761,12.0181747799026
761,11.5819680405067
761,4.7173640874908
761,25.5530748431425
761,1.17659099195117
761,10.1493831905992
761,6.80528271922326
761,7.36415543643701
761,9.3526661484958
761,0.347276402171701
761,2.86271174438298
761,0.943947844207287
762,1.70985700096935
762,3.78240122685491
762,0.252791926164636
762,1.35217303875834
762,1.07035730677322
762,9.14288251618755
762,4.87051084150976
762,12.1362252620267
762,0.29463296290487
762,0.44062253107837
762,3.92873492536551
762,1.34020637487993
762,1.97737916605547
762,1.39506426174194
762,5.24328680661327
762,0.474226291946251
762,8.87108532810689
762,2.35810785853451
762,0.400334651830236
762,1.35011837584898
762,6.31818514761931
762,0.963375235442072
762,18.2090471953827
762,2.99716852838174
762,1.77618968999013
763,0.752035535406321
763,6.63714690112925
763,1.97768089128658
763,12.0657189649748
763,0.917399108875543
763,16.1743701613488
763,7.58512359626708
763,7.24810292149145
763,5.69736663768417
763,2.52780224429443
763,1.38077103998512
763,2.51058322610334
763,1.84916988745342
763,1.39751218724996
763,0.336498698697183
763,11.1567082893533
763,0.982281123287976
763,1.33765078382567
763,2.44664349593222
763,1.62406274583191
763,0.719653939644327
763,5.34790822749442
763,0.39370836850954
763,15.1365362099352
763,1.19514567311853
764,6.58530032706863
764,18.5969532886049
764,6.23272052945054
764,1.57077306881547
764,0.494222540470487
764,13.6935676907407
764,8.6653817434759
764,4.10937088055021
764,1.36712051462382
764,2.87055572494864
764,4.16565998436368
764,3.41030080104247
764,1.1214471468702
764,7.27158702765245
764,4.32664857224977
764,0.305285931099206
764,1.5918023424845
764,0.343815023079515
764,0.126086778473109
764,30.4247575236445
764,4.43398374577469
764,0.022454136478842
764,0.479617329977014
764,6.20326433775431
764,6.09749625415957
765,5.7648573394627
765,9.36584675951244
765,5.92690413331098
765,10.1970404661716
765,1.73960890853778
765,12.8863782522486
765,5.12213975170112
765,1.48561130595251
765,5.42735351694232
765,0.190167505083682
765,1.61901436047629
765,0.498016444034874
765,1.52238703252986
765,2.52474029082805
765,6.46003198323256
765,4.50804130153215
765,4.60926633866331
765,1.43978516761023
765,0.872537475079298
765,2.0550262206234
765,14.9762713528218
765,7.06619097273814
765,0.653340247283522
765,1.53231146919852
765,7.15296239550126
766,4.31774226996604
766,0.297075462990162
766,2.77241518333145
766,0.678664604201913
766,1.69635890983045
766,5.74189910178489
766,1.04415297099411
766,16.6352395332398
766,1.52713181450963
766,7.37870660568488
766,10.4900841100779
766,3.35993666434661
766,0.560486982576549
766,8.6004490680517
766,14.6852143075868
766,6.10246595439917
766,10.8980817807125
766,4.24213323255485
766,4.10502779842449
766,1.00153235951439
766,7.3334110569554
766,4.74691145241832
766,3.28580216737464
766,9.44046357604575
766,12.340372269343
767,0.337898330762982
767,1.91389735089615
767,3.04207730805501
767,3.57611329130043
767,1.2425424112007
767,6.70986400430507
767,0.742201190948313
767,6.52596354047709
767,2.61101660784334
767,2.19793916214257
767,0.294075614540589
767,1.2240920169279
767,5.54198993348932
767,0.195683022029698
767,0.582300710049506
767,2.80335749033839
767,10.7082368000124
767,0.463494522291851
767,2.91578141273931
767,5.35993726440317
767,4.86599804346865
767,1.4547774944721
767,0.783541451673955
767,29.2212348414545
767,3.09951135423034
768,10.3569110944392
768,8.12110880475938
768,5.23330288918173
768,2.23003168124706
768,12.2767992404507
768,17.32269808566
768,1.41516349744052
768,1.03814102709293
768,2.7735058123265
768,2.61516802629645
768,13.5292147559332
768,1.10434322850779
768,4.36509150059378
768,3.46012094058096
768,1.65156558621675
768,13.8792198710572
768,9.38786886590433
768,0.946685674134642
768,1.31337257572781
768,0.478194146766997
768,8.5309399287672
768,6.95012291851354
768,7.17804378748684
768,2.42213157005608
768,2.17852144967765
769,0.221699294634163
769,6.45302794387049
769,3.32368511939421
769,12.9009828058289
769,1.28131376373466
769,3.06931102623103
769,6.29392306299365
769,2.76906313919544
769,6.82815444634712
769,4.65076017172492
769,4.38429808688766
769,0.202029044656468
769,12.0112642546402
769,8.88204982462239
769,3.05568081559613
769,0.912077028996269
769,0.00378799265130748
769,1.62817338481545
769,13.0115317081319
769,10.9674590354072
769,8.19001124198449
769,2.02797349542379
769,0.547531403135508
769,1.18491835693962
769,6.67338960317379
770,2.35141080338508
770,4.1820797634847
770,0.0699319713748991
770,3.97285189641837
770,2.72082906914875
770,1.34544238680974
770,1.41076017636806
770,7.68045242863611
770,6.14030661708945
770,0.97545709926635
770,7.99672509755866
770,6.87325110172337
770,8.99415113703377
770,4.35436906737691
770,0.384225235320628
770,4.10699327455318
770,1.37392113218084
770,8.37617564904404
770,17.2580936542692
770,9.36015175113113
770,7.18649786854994
770,1.62136957747862
770,1.11939307829501
770,2.59967852110724
770,4.45787147132164
771,5.95673157346851
771,0.00925643458944141
771,3.11175410170108
771,2.79002097900957
771,0.983705439139158
771,1.30909349536523
771,2.02400269918144
771,12.1430260029839
771,11.2124497944765
771,17.1205085135045
771,4.63027057288183
771,1.04217568878084
771,2.50534517457709
771,1.66869749780744
771,1.07020686380565
771,4.28584326503283
771,2.76281567988917
771,3.89416617320335
771,0.666292691603303
771,0.772574421582881
771,13.1566898425328
771,5.6296336322785
771,4.08724408575749
771,2.85687548108399
771,4.51759459319019
772,4.95604311095035
772,4.52893350307161
772,9.36161138075304
772,7.0209700237484
772,3.19570781895891
772,2.54369753878564
772,0.630660115275532
772,4.5575871733524
772,0.998568886425346
772,15.1242397508463
772,1.71419152989984
772,22.4223634029243
772,5.51390149609602
772,0.562082196120173
772,2.900655483827
772,1.6931723151356
772,1.99360655257125
772,0.812127897515893
772,4.61545490173107
772,4.07983657637678
772,2.1237288438715
772,2.57902149413686
772,1.17147083859891
772,9.91188935893488
772,3.89848322942595
773,8.70128521653724
773,1.80296903010458
773,17.292431629354
773,10.1935683186622
773,5.61360387110567
773,9.66995009179127
773,13.393013672273
773,2.60670712217689
773,5.5434600773961
773,8.61105314413917
773,3.87904155978417
773,6.87337502350515
773,15.3087665845688
773,4.34549784732467
773,2.7222746424377
773,2.0569239766337
773,0.0973380520008504
773,2.31044897343963
773,7.72275000768614
773,0.722984771709889
773,0.725639717816165
773,5.20860256606198
773,1.67489872546867
773,5.32019201179451
773,16.1136269560995
774,14.7333855178742
774,2.37598154228181
774,4.6332106359232
774,4.94164932642282
774,4.34682362661075
774,16.1587775862756
774,0.989117030985653
774,1.06186678865924
774,4.9444622068816
774,3.43921069288626
774,9.63206273694562
774,0.305155938208507
774,1.71346056042239
774,4.59133343878062
774,0.970263038761914
774,1.9263008586131
774,1.3541071373038
774,0.40992666177878
774,9.38770045484316
774,7.76248563256985
774,2.09697047015652
774,3.46503087086603
774,1.95314397873033
774,0.395827483243352
774,1.26111985649914
775,0.0258842320181429
775,2.5791286630556
775,4.38512915258712
775,2.48835665406659
775,1.4402512088418
775,2.44152490748093
775,5.55037938503033
775,3.39048511814326
775,7.72914028200484
775,6.04585495756424
775,0.583777859092027
775,7.15101986150158
775,2.2509409324266
775,2.25530697498471
775,4.3106283105672
775,18.0800359086141
775,1.27284868620336
775,4.85801047395499
775,0.0384079176001251
775,5.78871175160116
775,0.882394126566902
775,1.3387826923281
775,1.71800246256168
775,1.76136983791366
775,6.51282108833498
776,9.80373511048865
776,0.711492476984859
776,1.15927641745657
776,4.88613390923368
776,8.99432693566096
776,8.17653354727825
776,4.34330872239029
776,7.27029146438083
776,0.43119277106598
776,9.11771448287082
776,14.8537077001276
776,6.02185744319441
776,4.53567055498666
776,0.764956579232153
776,3.72027048820114
776,3.70420580715856
776,2.96949148410931
776,0.135035442654043
776,3.96001256241933
776,2.52531988313422
776,8.29204094554198
776,16.094143501574
776,7.85706947515619
776,1.65101602579687
776,0.538856271797247
777,4.44447869879609
777,14.7823435432258
777,4.51953221495
777,7.63739372448198
777,2.76716275606304
777,8.34205334032786
777,3.98911889030499
777,3.73192058589222
777,2.0871779229492
777,1.55175735547762
777,4.05211615075033
777,4.58802501650012
777,4.82948040510358
777,2.90241153445095
777,1.26531226094812
777,3.49245694298672
777,2.00147743569687
777,2.35447202809155
777,4.62581007720387
777,6.47426647343477
777,0.432189928833395
777,10.5992425506221
777,3.7015617310763
777,2.93523999862373
777,1.01253628963605
778,0.983490874206395
778,27.0149602819432
778,1.43069900339469
778,4.81344878652549
778,5.51769961581981
778,3.67349022047079
778,2.5712091059202
778,6.17984952384091
778,0.557170418442997
778,7.41908328565669
778,6.11307607942677
778,11.9561229733037
778,5.5746315231309
778,1.46192892920226
778,0.864195704911474
778,1.45578953204677
778,12.4227824886694
778,9.32060906621528
778,1.13015151349828
778,3.23002740973607
778,3.9799863656745
778,2.11909840581939
778,24.3955119777669
778,4.96301369167271
778,8.20707268039596
779,17.2830144307556
779,3.14506497699767
779,1.28666225122288
779,2.27619089186192
779,4.23658707623786
779,3.92050071132785
779,0.0226405993317623
779,9.47224511722934
779,11.8490483884918
779,2.85753108095378
779,8.06765496903613
779,1.58310002559019
779,11.7020260145919
779,3.13125789118724
779,6.02342466802752
779,2.9318023682572
779,0.36453238222748
779,2.28669886244461
779,27.2846346426953
779,11.0062977944719
779,5.52164962028569
779,6.08373801202929
779,1.68908966006711
779,5.1925176985324
779,0.758164841681719
780,7.18550391453219
780,15.5301092184129
780,20.2413908661085
780,0.97091626143083
780,4.01778934502459
780,3.4269937640056
780,5.36287052825639
780,0.455173043047333
780,4.28332938326007
780,1.81916281580925
780,18.4341456512506
780,0.705471399705857
780,8.45993647309852
780,0.206577582284808
780,17.610135328837
780,3.91160807445583
780,2.38831292837858
780,0.296021325048059
780,9.45670662405801
780,8.09521486940694
780,9.67294307383609
780,2.38834122428671
780,3.85477415540956
780,0.947060713078827
780,3.69900998638427
781,3.06513389339671
781,14.5896454459624
781,11.7338618203149
781,12.2846692460498
781,29.4814085198526
781,0.590636584109749
781,6.42313620985902
781,1.2571504432708
781,5.42692383264607
781,9.024439590039
781,12.4219233266005
781,1.64409426506609
781,5.38293878992504
781,4.25582516917443
781,11.325558469932
781,1.69601964531466
781,4.13008292650288
781,15.1413239902797
781,3.64949203075326
781,0.601849345085298
781,4.53982716405249
781,1.98718889383599
781,3.35054676048458
781,4.03439253933592
781,7.09449371905341
782,0.394645630865964
782,1.11743870889768
782,1.10258845612407
782,0.869351020082831
782,3.77698035663975
782,8.5357671124277
782,0.869793288875371
782,7.82201740848732
782,0.664028129540384
782,3.08811508817598
782,1.25755017390475
782,0.705186710692942
782,2.2296652616933
782,9.32750846217287
782,0.881713097915053
782,4.75949070173574
782,0.682423431623598
782,4.03466701952225
782,13.3245904085444
782,0.174348580185324
782,0.719646329525858
782,7.31976075717391
782,0.347119274270521
782,4.65818102916187
782,0.418094594497234
783,2.97591265989468
783,0.623233708469498
783,5.8415673484788
783,12.3637044702874
783,4.73397768184357
783,0.618588174063792
783,17.3795733617819
783,5.15481618212021
783,1.31863114191219
783,0.753860154654831
783,3.81093284743179
783,3.02887174300849
783,2.28425969578109
783,5.57962264844632
783,1.20935994433239
783,1.33647073476129
783,4.80380370726293
783,8.91580386369166
783,0.931435206439346
783,4.8366356732086
783,0.997664404567331
783,2.85217567812651
783,11.2853822943972
783,4.02712940217412
783,1.44082108512521
784,7.61905947658134
784,7.49886405612242
784,1.15941929630935
784,8.27791220784984
784,3.64771305145833
784,9.2358607142688
784,5.43266564120954
784,1.29133972339332
784,2.20059494487941
784,0.650241039693356
784,12.1988316300629
784,2.07347571151331
784,1.12076338986895
784,5.41287519016719
784,0.782316417898983
784,8.56238229556548
784,6.633004899858
784,6.6744361350075
784,0.0190588645637035
784,0.0439422321505845
784,10.2458575456859
784,4.22795182538635
784,0.210074249189347
784,0.748183068422847
784,9.01124229564901
785,4.7914897727018
785,1.68553944181902
785,3.94231782697783
785,0.46114930184558
785,0.307496598670023
785,0.747565699557215
785,0.294375084340572
785,5.19109061432487
785,7.31500259638724
785,6.74448354148722
785,2.80403261072934
785,1.41067787306383
785,7.40546268368972
785,0.662287597203105
785,4.62436782372306
785,1.73195581279408
785,2.44658482962832
785,4.82838569187975
785,1.80122413672507
785,3.49427998510605
785,1.19651336921379
785,5.4494224207238
785,2.67816100036725
785,2.18304581940174
785,21.7283061497483
786,0.164035886991769
786,0.450695883482695
786,5.0437893856079
786,0.528042546939105
786,5.53987794534719
786,5.86928049547082
786,10.4850490635301
786,2.99810311757028
786,9.91044686054089
786,22.2591510525783
786,0.0932624470442533
786,7.33266421551717
786,12.7136882667648
786,3.57100437196879
786,10.9928860229658
786,1.85257598524913
786,4.2275337174297
786,2.1926399320364
786,6.42692064956719
786,22.9934982384059
786,1.93981894524768
786,2.77348766336218
786,0.236825494158274
786,0.226226219103502
786,0.516415708698332
787,1.04596025310457
787,14.3576683523261
787,15.3485223270001
787,3.95307622934107
787,7.11914541157794
787,1.48241036824552
787,9.22104585873795
787,8.81096723415275
787,6.3845603162848
787,3.56216215851036
787,5.60011822709298
787,3.30355146899819
787,0.0655258377082646
787,17.1172471708598
787,1.96828708118013
787,5.88497514349824
787,8.32147234077466
787,1.1478565278521
787,14.8793123373177
787,1.61906419787556
787,5.96372237408018
787,0.113004096783698
787,19.0669168055731
787,12.8962925908374
787,1.38804767979309
788,11.3404687394606
788,9.75714348214579
788,1.24917215593108
788,11.6992200439082
788,1.25011920928955
788,0.695929867215455
788,7.17113777021778
788,7.31878780674556
788,3.67231681832468
788,7.25997803690744
788,6.70350311768657
788,1.06625212589279
788,1.46597652696073
788,8.6759876455636
788,0.260336846113205
788,4.24387219100682
788,8.52522494229388
788,0.863675115137941
788,4.95889190097755
788,12.181644392501
788,14.6065549916568
788,8.50799206602287
788,0.221818635302662
788,1.44569134541254
788,3.15126075875014
789,1.84768380364403
789,0.763973116409034
789,2.96084288042039
789,0.645516810473055
789,0.0325504597276449
789,1.23946348091933
789,9.97630769344878
789,6.07058693633831
789,8.2047038893671
789,0.41500394059697
789,8.96251430692983
789,0.533150732517242
789,5.38224708267903
789,1.67448237072676
789,3.7844775894419
789,1.19966667843983
789,1.40903843566775
789,9.11497172347436
789,0.871667736209929
789,2.32962702400982
789,2.91823556181043
789,3.40522239450365
789,4.16850283720946
789,2.77291014092043
789,3.72058550247059
790,4.75105481201267
790,2.48866410925984
790,4.90867062450802
790,1.3711503392546
790,1.50739395990968
790,0.82604365888983
790,9.03487285557103
790,9.86959403338742
790,0.799664978403598
790,0.560621910187041
790,2.93043620651588
790,4.0077500369162
790,22.6109940809676
790,1.87499499646947
790,0.647213731426746
790,9.35859134378743
790,4.90667396669692
790,6.04999364798373
790,13.0825682443785
790,3.1249720370397
790,3.85849297025657
790,2.91127416770905
790,10.9497388517888
790,6.03945060146457
790,0.38263466973299
791,3.36133835837245
791,4.60424903759217
791,1.46470384439453
791,1.78257125196978
791,7.21872588731087
791,3.16458408953622
791,1.88051125267521
791,1.45122437272221
791,1.82581959038024
791,0.272085103206336
791,9.46105928118241
791,0.748211813673173
791,1.11855907831341
791,2.44711174815009
791,1.21706330450252
791,8.35474842185986
791,3.69486403896535
791,3.64395523797111
791,0.287513795205465
791,13.3928347093271
791,9.35701030268921
791,3.30383035587147
791,1.21598779689521
791,2.35077743640987
791,5.6317924892292
792,5.77957267386323
792,4.69145550837225
792,1.62929547943563
792,2.85886368248612
792,1.05173360556364
792,0.590399249922484
792,11.5013545838403
792,16.6180837145987
792,9.05700170393002
792,0.478819467116129
792,1.36446500241077
792,4.91250593659884
792,2.53564899787307
792,0.0128157483413815
792,2.66048255842179
792,17.1628586939516
792,0.591381565651406
792,0.0426788896909707
792,11.5831023355233
792,10.1104687336357
792,10.2394753783466
792,8.55886388434933
792,0.111649468509411
792,0.896972455084324
792,3.93518561010665
793,8.84975669863534
793,13.8424107519196
793,24.6632682610501
793,0.109079563405631
793,4.24493683481073
793,3.58593003803349
793,6.69460994170463
793,9.64561007874918
793,0.37945083005562
793,9.72354691433621
793,5.05740454351803
793,0.618024703580886
793,0.273696134206671
793,9.22139701406708
793,6.38289289062327
793,5.69639616624868
793,4.36304571086025
793,3.2872006460093
793,1.22678673826158
793,3.82923708276308
793,15.5310660219731
793,10.4312625436762
793,1.99801813874252
793,1.58024061192673
793,1.50890850229189
794,3.64614714381701
794,2.9906191630289
794,3.58190051397355
794,1.16559704300016
794,2.12556659476832
794,12.9458476131068
794,0.202063931447378
794,3.8901299652276
794,39.5923780347399
794,1.08973987974824
794,0.448948659468442
794,10.6593860213863
794,0.975286238826811
794,6.96438793986217
794,6.29838050730975
794,10.6457407486843
794,10.5299221997367
794,0.466958994511515
794,0.145386571252916
794,0.1772395754233
794,1.45961538190022
794,8.43265394638193
794,3.84247062241143
794,0.328745521354914
794,0.157562466338277
795,1.35082471501077
795,1.96692064171657
795,6.94204293898718
795,6.07489948605603
795,0.910965173720178
795,1.46565115461347
795,7.14752039830101
795,13.3901365560697
795,3.49561349002129
795,10.9624890883671
795,1.08662821588187
795,0.574391130399762
795,3.44964148011059
795,3.59183705856508
795,3.30293557140976
795,0.855022060483956
795,5.22696302717036
795,1.15541854923935
795,3.51147139423943
795,3.64112473175081
795,8.06028271051955
795,1.1738814097681
795,3.12882608035579
795,1.55922651523724
795,1.50790913030505
796,4.94126626735038
796,4.35268243288106
796,1.40018952818333
796,4.41105920800424
796,0.067602542694658
796,3.91125150763217
796,6.01245891557869
796,13.77394313861
796,5.01980314941561
796,1.4758984092623
796,1.46671517591449
796,0.569885415899875
796,0.850301529280841
796,6.11956714165813
796,6.16022634287335
796,5.22377895379547
796,1.00352609762922
796,3.02123404340819
796,5.37109417455885
796,0.399569012224674
796,2.40684493212029
796,8.0052476717091
796,5.91195038486203
796,18.7653363019902
796,1.94372342666611
797,20.2772662312466
797,3.03526056231931
797,1.73763409256935
797,0.410054170060903
797,5.64820344538844
797,9.14356343406153
797,12.0560931142309
797,20.589968067475
797,2.06633821828291
797,4.37536974044875
797,8.17972457925689
797,4.29795064476734
797,4.93465201442546
797,10.7690429588066
797,15.8354136711898
797,0.0980160682528733
797,4.89857633961617
797,2.51673203893006
797,6.63359077626324
797,0.645683475304395
797,1.08182491268963
797,0.713365282897576
797,3.75944330813752
797,1.3976526283659
797,10.2889629542352
798,3.61996428404632
798,0.635791721288115
798,3.97280867656177
798,2.87985659588882
798,1.78629902202747
798,2.70970304496586
798,3.18678217707202
798,16.8123569331112
798,13.4635413338648
798,11.6334386070477
798,0.169296418270766
798,8.53063070746271
798,8.16718033472908
798,5.76143040300763
798,6.82238485643125
798,3.68377365127244
798,8.43864234122348
798,6.3727548716352
798,0.225541540421546
798,0.825506574474275
798,9.91637187036586
798,8.8376799501003
798,6.33759809218677
798,4.71449031939215
798,9.57125283735705
799,4.37719745074815
799,3.89408327618098
799,3.41004302725196
799,4.86815273740745
799,3.42025477671996
799,7.75496198753727
799,0.669638144318014
799,2.41532833232623
799,2.24652627377798
799,2.68830969885329
799,7.31038920198435
799,10.6263247777926
799,11.798371799256
799,4.99878942479795
799,0.913788093189121
799,4.65365721809529
799,5.25457815711802
799,1.73710255650803
799,1.19269655958712
799,3.26367392437533
799,0.371936554688122
799,13.1438857600749
799,0.820487788878381
799,11.8318852574482
799,0.036325987894088
800,12.0476310799678
800,10.4459856351124
800,5.56736576815552
800,10.2152787610413
800,15.9233531347456
800,2.89421625530827
800,4.31924786397672
800,0.502061971928924
800,5.69457716753191
800,6.27195328226529
800,17.7778823197562
800,2.35124388011172
800,3.79454410805369
800,0.380692686885595
800,9.20762239913356
800,0.133326685176155
800,0.165401259730565
800,2.61130896396935
800,2.94206825153962
800,6.85713288818902
800,8.80677521186781
800,2.33541799942032
800,1.67076075438941
800,13.7910322745549
800,1.69181397245758
801,0.491561985109001
801,4.47849971647156
801,0.569700275082141
801,1.96058712487441
801,7.04386407467437
801,6.7873372461409
801,8.99590390692365
801,0.548386252485216
801,8.1603332511605
801,5.00166453847689
801,1.30510299657622
801,8.63917604046774
801,2.93219389626756
801,0.840038398746401
801,10.607121995711
801,2.22396830329672
801,2.0176416471547
801,7.39777379385299
801,0.415155200753361
801,5.07573644609606
801,5.78467721098519
801,6.24498211292035
801,8.14365402824948
801,2.14566034264863
801,6.70865625122047
802,1.66447450229263
802,0.284648087491743
802,6.90069242825216
802,2.61212972924113
802,0.286374774295837
802,2.0758541370742
802,6.48224834331727
802,8.432137308121
802,3.62141885773695
802,13.0525620368527
802,0.105291681303668
802,0.436175435166606
802,14.6585560360264
802,5.42159980607635
802,1.56545046018437
802,5.0206651691156
802,0.156928773503751
802,13.3239447412299
802,13.3376516674863
802,4.7200844248519
802,0.904404318665832
802,2.67897071549669
802,12.3372641292619
802,9.05254753264499
802,3.08067673584446
803,0.758419677149504
803,1.60348915727809
803,0.265490447636694
803,2.1382692665793
803,8.01862846086633
803,2.88835857994854
803,3.67039697967765
803,15.0130341193619
803,16.7413844532313
803,1.7432494321838
803,4.62051624876863
803,3.71559253872788
803,2.32164680957794
803,9.89081410649133
803,0.614382582716644
803,1.94790784968063
803,3.47408310954875
803,1.68385286116973
803,2.47032189043239
803,1.83632115833461
803,0.0124587933532894
803,1.04394640540704
803,3.85098336513361
803,5.37337874041355
803,4.37841805608428
804,3.46996854831507
804,12.1990766649352
804,1.1889895517379
804,3.85064650305963
804,0.128348676953465
804,7.23732186439347
804,2.37125835381448
804,8.03735016803157
804,3.29129363643005
804,3.43277678824961
804,11.3113477354156
804,0.267669220920652
804,12.5026052718269
804,0.108896701879163
804,3.52331496396662
804,0.670166875842406
804,4.09845725612199
804,1.42176126060231
804,0.829785072710365
804,13.7053191376137
804,11.4241307315635
804,0.344803999178112
804,4.02165406668542
804,2.56517217261717
804,2.47131895273924
805,6.18091425837433
805,1.90811208449304
805,1.41925726085901
805,2.13465226115659
805,3.21839379845187
805,9.26135769071889
805,1.70039584627375
805,4.63388611075884
805,15.6670207051211
805,7.99064944456232
805,11.8496931147253
805,0.389548691209996
805,2.31945555424318
805,10.4548936237799
805,27.1812339950551
805,0.842471299692988
805,0.619966259691864
805,2.88568058284
805,1.96683369576931
805,3.08979748049751
805,0.966634431388229
805,0.920193923364684
805,0.234055476181797
805,4.57105544032405
805,7.80814616898906
806,1.95278353989124
806,1.8806425947696
806,0.348546579480171
806,3.54050000177181
806,2.49961312394589
806,4.92096476378947
806,6.38976269846267
806,14.3427420771661
806,9.63487291666579
806,0.706951518990963
806,10.6367848749913
806,1.36807454284281
806,4.02605319840318
806,3.54853044243014
806,0.588954338597808
806,3.63710896556681
806,2.50198093010113
806,0.270146930560001
806,6.93958455396399
806,5.79206484091474
806,2.87114448146895
806,3.98993448221439
806,15.1713419747955
806,2.1352557442151
806,3.05812262697145
807,10.4886067372965
807,16.7543981881473
807,1.10633778655519
807,18.5983842602987
807,4.60603956112123
807,10.5362157325706
807,0.375337633510343
807,8.16317005607026
807,15.3394348278293
807,1.66790910177408
807,1.10911135328934
807,2.44023971492425
807,0.301954746246338
807,2.96265798155218
807,1.2758597698696
807,1.50603622198105
807,1.35450266534463
807,5.35081904360509
807,19.5005442470986
807,2.73636360652745
807,3.83909287373654
807,0.590789888519794
807,0.916383939329535
807,2.26230020225703
807,4.7484554321707
808,1.02718204259872
808,5.62754747436798
808,3.01495891530067
808,2.37233027350157
808,2.64531679684296
808,2.8361801058054
808,11.6840744477915
808,7.15652476209032
808,0.848461838904768
808,5.96555590142912
808,9.97163730631483
808,5.21615441867566
808,9.23723974223149
808,7.80790994341164
808,9.42952077793789
808,3.84689380859441
808,17.034399396831
808,1.82612050730949
808,4.39163899696575
808,9.75926276254368
808,0.72603711204587
808,1.04334142291918
808,2.92283752234653
808,7.48177761169982
808,5.81834016346789
809,0.584226946812123
809,1.05556636934655
809,0.253280195990065
809,12.4943237466024
809,7.39987034308624
809,0.594761716201901
809,9.07604303168964
809,3.31684443168342
809,9.42323968301901
809,0.931758326478302
809,1.40178649173499
809,2.66747886082157
809,0.908454062308227
809,4.03195449595755
809,15.9992022803965
809,30.1489078236704
809,2.03687919769436
809,0.486619683607894
809,9.88683234858227
809,5.56676330023861
809,2.30753547046334
809,12.0920655776964
809,1.50763379485041
809,1.61238970002159
809,10.9359046963436
810,5.7350432963804
810,4.06176820376372
810,0.628739187959582
810,4.73361426477736
810,10.9294429880785
810,2.04909851474001
810,6.71170484253621
810,8.55380225884628
810,2.55168588832021
810,4.19027784352607
810,1.95975519483909
810,7.50014513831437
810,4.93109379408366
810,11.404048133269
810,8.38293978596287
810,21.3050379783286
810,2.66273339309265
810,32.107894709408
810,9.44038256029499
810,1.74121350981295
810,5.8062807235629
810,0.427227716427296
810,3.42274558497593
810,7.1806834677863
810,1.86179684475064
811,6.76642283310598
811,1.17321621393785
811,7.64511628034425
811,15.142650323956
811,3.4450432122685
811,3.25096361571923
811,1.22480894904584
811,0.562632365405417
811,2.94923776062205
811,5.31985324786461
811,0.114741881843656
811,8.68765727574837
811,3.95918614675707
811,4.52318007702762
811,0.194017835892737
811,0.955318752028125
811,0.370112988166511
811,0.66112814238295
811,13.4321482193874
811,1.07068733207107
811,0.177416182887488
811,6.37309986145651
811,15.7774783289971
811,12.3325691831516
811,1.62422070512548
812,5.75979423688209
812,7.5704861529739
812,0.204359542112797
812,0.601459078025073
812,6.52609704506999
812,3.01372420384858
812,1.71496155350343
812,2.40654246648774
812,3.45358736813068
812,0.971967040095478
812,1.24783916631714
812,0.453218948628281
812,7.93034461322061
812,10.1121019567819
812,6.20876803041852
812,1.42869222676381
812,6.16989784853017
812,1.4123175336364
812,0.451657606980328
812,2.66059931134805
812,0.612580277146855
812,5.51360664402551
812,2.59608676657081
812,25.9868194986333
812,10.2406156058879
813,8.78271731105779
813,4.1366119913519
813,7.99309693234873
813,0.874223026912659
813,5.57110768256194
813,3.09712362941355
813,2.03184608137235
813,10.215223384601
813,5.14284286161369
813,13.8284172949599
813,1.23575930949301
813,0.468393666576707
813,0.39137878222391
813,4.34107715242958
813,6.2955058783055
813,0.528216655366123
813,0.104762332048267
813,1.83308332623541
813,15.4214640325847
813,1.04734897836173
813,5.04929168594486
813,8.44944896264864
813,1.44782644929364
813,5.50309307852245
813,1.62156051956117
814,0.471767836720192
814,1.91615768228062
814,3.03218738311449
814,4.03426207335711
814,13.1444763937516
814,10.4526287217842
814,8.16099208737624
814,2.48136524576694
814,0.897303104866296
814,7.04969139727664
814,6.09754709577303
814,0.447122369350057
814,8.97961298893106
814,1.58179245656356
814,2.49537263531238
814,4.49548637367919
814,4.92167166878885
814,4.85085308979682
814,5.78196995404965
814,4.11531042752272
814,4.97933279948858
814,6.43071348292238
814,25.6930231381406
814,4.55605028641826
814,14.9243521615744
815,7.47038097078812
815,1.432973688934
815,6.36803184149271
815,1.39251850675638
815,13.0168563214349
815,1.47914868313819
815,6.10586475559926
815,9.90363631355476
815,2.59916449731922
815,7.04458437773614
815,4.41908720733909
815,1.41858525621058
815,2.0219198288396
815,8.93970100721805
815,13.697522477548
815,0.354952439665794
815,5.16426725757724
815,9.40375369000149
815,1.11559098819271
815,2.65520693035796
815,0.192344391252846
815,2.96443503815681
815,5.30124261510422
815,1.7109714099206
815,6.81742064168161
816,2.18235558597371
816,1.77596010267735
816,4.93003754855549
816,2.10627218475565
816,0.708582106488829
816,1.23402105277509
816,8.1124199151723
816,6.52334012535817
816,2.64859990449622
816,5.89587720555669
816,0.381151277476765
816,3.22087915148586
816,4.16349187326132
816,0.0465039760854283
816,24.6499051977147
816,2.47332055354491
816,7.37261199406948
816,5.72474827475816
816,2.79718835372478
816,3.37481322698295
816,8.12020888145268
816,10.0255595515938
816,1.19583800202236
816,5.85808816344893
816,2.70655740518123
817,3.30548598994808
817,2.04897982999682
817,7.26215730252759
817,0.678753082034085
817,3.29569176072255
817,3.52692855035371
817,2.70070159807801
817,3.79011669557373
817,1.5158865059473
817,3.97249963113523
817,3.07216326706111
817,1.99586489005014
817,14.412660486156
817,11.5804029342936
817,1.82797230547294
817,6.13006914944804
817,5.33481276107437
817,17.1484981468859
817,1.08912047930062
817,4.88642230143255
817,5.03904267193234
817,1.10246055879587
817,0.358471174103373
817,6.33708917514837
817,0.185171947814524
818,7.83919094312864
818,16.1710490079425
818,2.13131297146901
818,10.0836815867097
818,9.23149892086995
818,0.993055880535394
818,0.730819569434971
818,6.94725546012533
818,1.19211903125273
818,7.50699154059303
818,3.74232178532934
818,1.77946616429836
818,1.4262495688255
818,2.29011688847095
818,0.14790471909029
818,3.70864163131869
818,1.06429882667233
818,0.454623004380932
818,10.4531754822085
818,1.38221109518781
818,7.45932141276908
818,3.07555699255317
818,2.58214215980843
818,20.8059239481067
818,0.972253137733787
819,2.83259589457884
819,1.36176493018866
819,1.25405000755563
819,1.08200763899932
819,1.25988660613075
819,0.0369109800690095
819,7.05484111040233
819,0.438787314323278
819,0.343774777346311
819,1.31020491418041
819,0.0199548845100606
819,1.17387898091024
819,6.7986259095133
819,0.384705325928278
819,2.88208664860576
819,14.8749695709887
819,12.9136934777008
819,8.88043271172264
819,11.4019660412685
819,10.9552502346443
819,0.800814914982766
819,0.915518153924495
819,8.03398265950544
819,1.52572190389037
819,4.68954972901797
820,0.965889660282517
820,6.1890784788639
820,7.34747163924491
820,9.99420609283161
820,4.26298927029079
820,2.02140742447227
820,0.160036066081375
820,2.43797262897715
820,0.25623218389228
820,6.49187865646041
820,11.8323475581812
820,0.593549613840878
820,11.5527983282911
820,1.94101931557934
820,15.717604420239
820,1.74339043674991
820,7.23695162641716
820,2.52770291874185
820,25.4893647957791
820,12.71357874323
820,12.5872428243266
820,7.45820249388826
820,2.45024513686076
820,3.72747744878239
820,2.97416061861441
821,0.426091017458049
821,3.21972868870944
821,0.171659591258988
821,1.28201714716852
821,11.8683425796436
821,4.17885315583503
821,3.94775327276092
821,1.87191358534619
821,1.79158170394829
821,1.18265325436369
821,15.6960901609602
821,3.08565056649968
821,13.8540256855296
821,0.192933895911962
821,0.159359737253559
821,1.03759507648647
821,5.27398578335947
821,13.4800410730051
821,6.31600647460361
821,4.68413897429499
821,5.37686400560147
821,1.53832110343501
821,1.07971371750952
821,1.50334668320627
821,0.476505829110412
822,1.1488634487614
822,1.3203441677615
822,0.294573596569732
822,2.99043798120692
822,10.4315038018852
822,4.84806928785027
822,2.21224490087479
822,2.76569352252409
822,0.450463425368071
822,2.63256167051193
822,9.26390849943173
822,10.7932287168907
822,2.08352859131992
822,5.12206455205983
822,9.03654713660099
822,2.97678061817841
822,0.505761129096525
822,0.0368056399747729
822,2.66110953642055
822,3.30751356901601
822,0.275507359333245
822,10.5679424566435
822,11.5175531891392
822,1.55074201524258
822,8.4925185329157
823,3.05835451930761
823,1.80307644419372
823,5.38347563219673
823,11.8662780323878
823,6.55138354727483
823,0.794316413812339
823,8.18457133995958
823,9.96292456942511
823,0.379533382980264
823,1.77434247685596
823,2.53354586428031
823,1.44872505916283
823,0.851539085577721
823,3.64777227377004
823,1.54501131270081
823,5.86251546484575
823,7.56044429434214
823,5.95676936188197
823,10.30615279409
823,2.85653898725286
823,0.030475314706564
823,2.44569779606536
823,0.577157839965203
823,1.24877995578572
823,11.1770004307138
824,2.01224529882893
824,12.5664928456055
824,9.06921760137093
824,3.89023147454055
824,3.64617621970779
824,0.98625016486182
824,1.3543742755428
824,9.01249718810332
824,0.432367000569743
824,1.93857147125527
824,8.36537366690946
824,1.22888794867322
824,0.60811980637828
824,6.64150784236795
824,2.21382613992319
824,9.57538600969029
824,8.45300189177406
824,0.68299297709018
824,14.7943858044727
824,13.4730215084957
824,2.72109894547611
824,4.07436813672489
824,3.37653410388157
824,5.37312734385437
824,9.75345130967808
825,11.9342858579462
825,16.0994101679864
825,3.55478997321284
825,5.504900496243
825,9.30152699309301
825,1.80513445520774
825,8.07321607093227
825,0.403366836366503
825,4.26146839389837
825,4.78248995242125
825,0.633349599657091
825,5.89348347370929
825,0.46319693071916
825,2.09133707452565
825,2.17898958129808
825,4.07063724917775
825,11.0097616457526
825,7.54925424197716
825,4.7624064100303
825,4.21766304592777
825,10.071645155129
825,2.1603995282203
825,2.82811612822115
825,1.99270993703976
825,0.834888760000467
826,3.30091339303181
826,22.9940737212513
826,29.6120940750194
826,0.277391839772463
826,0.381995106581599
826,2.65685036545619
826,9.17484501334739
826,0.571558736264706
826,1.9203304941766
826,15.4473604253473
826,1.32733064811176
826,9.62135914930474
826,2.30389993829768
826,7.40176745648396
826,2.66755384393036
826,3.60153806699405
826,2.52901292638853
826,1.37444260763004
826,2.8192556288539
826,1.69898465158653
826,2.74397626286373
826,5.54061063078648
826,1.71299009816721
826,6.4250957451523
826,5.26803325072287
827,1.44938106182963
827,1.98620203649625
827,2.70114767365158
827,0.252107620881379
827,0.0477337348274887
827,6.46627210990942
827,3.2434175373055
827,2.38131833728403
827,1.71105324290693
827,2.39777997834608
827,1.58233961959074
827,0.0983175914734602
827,18.7709377974945
827,1.6720224916935
827,0.258542806841433
827,15.471794567162
827,1.90576334483922
827,0.0294008990749717
827,2.74593672016636
827,1.90100942738354
827,10.2726084641637
827,4.24144391978642
827,1.41079613822745
827,3.78916103603116
827,9.03029848779452
828,20.1461734891611
828,9.41801542374206
828,1.01530053652823
828,2.88238193606958
828,2.28645974770188
828,1.80042284741818
828,2.28704844368622
828,5.60997894012785
828,0.784784848801792
828,13.4449057181584
828,3.1294908374548
828,6.04617389363653
828,1.31686708407769
828,2.53895523485395
828,0.2513118670322
828,7.70025555310423
828,10.4831221786546
828,1.29444053862244
828,1.29381381673738
828,1.4662117883563
828,5.68959518780416
828,0.666494666280346
828,2.87652090890333
828,13.1882514463603
828,26.1974375992681
829,0.0918196118436754
829,0.882456386461854
829,5.7783093115077
829,12.7661939056524
829,8.58065660069597
829,1.78591455100104
829,3.49996583049601
829,0.742403685580939
829,3.20357706164941
829,3.74510086120522
829,1.0834699915722
829,1.62458469159901
829,1.76052746675835
829,3.79358897895968
829,2.2731864429079
829,0.212083845630816
829,0.814913739192831
829,0.702497003362253
829,10.296305976388
829,4.66146435101932
829,3.1449244207422
829,17.4615174055773
829,2.20552504220463
829,8.70500206203527
829,3.73060367514795
830,8.77814157823932
830,16.0062395400348
830,15.8116835590391
830,15.4597071088881
830,14.0358703575077
830,1.88553761923686
830,0.125341693121098
830,0.171798816882074
830,0.825590671530844
830,7.74221664252591
830,2.36108393726119
830,0.235726764397772
830,1.92857737652957
830,6.5608635030449
830,1.01804446429014
830,10.0359614748032
830,4.83219281283623
830,5.07586087544865
830,1.02879230824152
830,20.0967868686396
830,12.2344980475711
830,2.41803879849613
830,8.07950787204218
830,18.6923097342926
830,1.46404256578535
831,1.15544371772557
831,1.5354154468514
831,6.25192067564881
831,0.746627477928996
831,6.40083380488163
831,7.40754180319936
831,8.710754494694
831,2.34962190967053
831,2.05891975900158
831,2.99448973732069
831,2.57010007247664
831,3.45031155506149
831,0.193807333707809
831,4.25570209023959
831,3.5179637277261
831,1.51500607375056
831,5.07266927023834
831,1.40188056742772
831,0.929915350861847
831,5.18105019794262
831,1.9214053102769
831,3.06524011073634
831,0.277429580036219
831,2.48325035907328
831,3.17129912320524
832,17.3267832762542
832,14.9117012686076
832,1.99063196545467
832,4.43452484419054
832,5.88839855955398
832,0.71612803498283
832,2.57510547060519
832,2.35428644577041
832,10.1248206801623
832,7.60590904350293
832,0.181407927663632
832,2.86285622894863
832,0.285985039081424
832,3.25727676739916
832,5.32078670782453
832,3.87361103182143
832,0.991895177867264
832,2.24289208650589
832,5.12193339976839
832,12.3518421960281
832,8.2734563942523
832,1.74717271467671
832,7.44511050130141
832,0.838817535046203
832,4.21755485765918
833,0.195298894174761
833,2.67508955221927
833,2.10150552886498
833,1.99956692988053
833,7.50509971710754
833,0.947001136373729
833,2.0026792306453
833,6.06469065861261
833,11.0188169216887
833,3.80787502487606
833,4.45175112044836
833,0.284339138306677
833,6.53577785917974
833,1.83889952255413
833,8.84967780630005
833,1.54756104115703
833,1.19425681107329
833,0.543018521275371
833,1.79036415414885
833,0.159681430086493
833,5.7173983750627
833,3.38288841303438
833,5.64062163212752
833,0.00734250294044614
833,4.72530957714709
834,5.81345056628293
834,0.957014383748174
834,0.991247843485326
834,2.86422043805942
834,0.973214590921998
834,0.680740077514201
834,3.69674581474687
834,1.00651295108306
834,6.60564819329834
834,3.34422048646957
834,2.55918810609728
834,1.6950547369197
834,10.3534174799444
834,0.00727429452795736
834,9.36583238611829
834,1.72636777162552
834,2.24433461669832
834,10.2143849428268
834,0.543289233464748
834,0.174950980116774
834,8.56058866069553
834,4.23729898852712
834,2.07369333133101
834,6.16679203675544
834,0.179202286684215
835,4.84222509877241
835,0.200889527332038
835,1.54721193248406
835,6.78558742140836
835,1.95276224985719
835,5.62025640138841
835,5.97467483931637
835,1.01121306885034
835,1.88692464027554
835,1.18104708593403
835,0.598860115278512
835,2.73746639490128
835,1.02561108535156
835,3.39605579851195
835,4.72218606600022
835,2.99608556320891
835,3.91915347309495
835,15.7224418188779
835,2.18189505161718
835,0.999474115361608
835,4.20931567877036
835,4.03507704825556
835,12.6619237375664
835,8.28493419992638
835,8.36727699507982
836,5.31828015556044
836,0.174341310972631
836,2.86401923548706
836,9.99400544869614
836,8.59866436528874
836,2.78699031633396
836,0.20698250498124
836,4.86750429994714
836,7.33342167879355
836,10.8204861258374
836,4.09707113148129
836,3.34336088737473
836,4.61414889409107
836,0.848235960584134
836,1.70478244079277
836,1.01728651439771
836,5.78464659500182
836,5.2837449822337
836,4.48892806169993
836,5.61246407662934
836,1.16550369653851
836,5.97147180212146
836,2.92551143560559
836,0.974787925486268
836,15.76492536729
837,1.87992009101436
837,0.773300340221534
837,0.0137483982033613
837,0.145996296778321
837,8.70663528335109
837,4.55424041466272
837,2.42794090379822
837,2.68792788265273
837,0.0278187556370882
837,3.92370910183422
837,8.90824320684087
837,1.08173071854017
837,1.90587494056672
837,1.52157702250406
837,0.551470792852342
837,0.0204022422018461
837,2.43293143808842
837,3.38311821920797
837,13.5354158555375
837,0.701654121903392
837,1.73618456814438
837,10.6364175019072
837,1.06836604885757
837,1.44984819926322
837,1.29644223954529
838,0.518372382045679
838,0.849920445478343
838,4.63261816244715
838,12.4152456310796
838,5.41565381900823
838,1.66202290216461
838,0.566378142731904
838,4.72687613198018
838,0.391712179407477
838,4.42397062180048
838,3.10236124088988
838,5.23602696114636
838,5.17207411562508
838,3.4486968931742
838,2.75772790424526
838,0.320315700525191
838,0.281649371609092
838,15.4025557389267
838,6.27819806302626
838,8.96632892531754
838,11.6777636197614
838,0.911647372110456
838,16.0603451688417
838,0.70735753281042
838,3.84425216799086
839,2.71633361233398
839,0.300749287218193
839,2.93344173114747
839,1.53840284620212
839,1.69844595948234
839,6.399824921763
839,7.2196548148514
839,12.1787558396565
839,5.20058271570643
839,2.04610153567046
839,6.15274067947126
839,0.00320166815072298
839,0.48466179984781
839,2.17739941449843
839,18.5869910836893
839,3.62719739450538
839,4.17180869241661
839,0.693577968599561
839,3.54070358423001
839,5.07812164477739
839,3.20720573654398
839,2.35550977522507
839,8.78482911420321
839,0.683703322710068
839,6.69834701323366
840,2.29585028253496
840,6.08698726145035
840,7.38830209548217
840,1.44850347623379
840,7.21382331061077
840,2.39291227888316
840,9.61647624124878
840,2.50713580055162
840,4.37727326506233
840,2.48184640426189
840,5.09560458341098
840,0.243930603001285
840,10.569748193146
840,2.97005943022668
840,1.51276806602255
840,1.03384570451453
840,1.20305743999779
840,7.34130547339928
840,2.87249801913276
840,1.16998478071764
840,0.284196683205664
840,0.868297016713768
840,7.00448459860093
840,3.25072797015309
840,1.32965300930664
841,1.93591196322814
841,4.64210889746851
841,12.5466669996487
841,3.82202277404672
841,6.16961399072266
841,15.1704955092611
841,1.57793511636555
841,6.54536831637329
841,8.50942382822665
841,10.5578040604697
841,1.4244000314922
841,1.00382291479036
841,0.340680483444814
841,4.85824194410887
841,1.07649210141972
841,16.8702600515428
841,6.19512832236892
841,4.21105359194285
841,0.276264383491073
841,0.469745104876084
841,2.33663860708475
841,0.884846694435177
841,0.582871735338888
841,3.26655507081804
841,7.14781123171461
842,0.748949229443641
842,14.2820933248928
842,7.00990011873555
842,1.88565757358447
842,13.2958297704564
842,9.92345158900035
842,1.89487064024433
842,1.90927249146625
842,0.557573788792735
842,2.81119457446039
842,1.55116293488063
842,8.03756152237666
842,7.21115748355997
842,2.14047451037914
842,5.19543689188963
842,0.157351084053516
842,1.0515439347364
842,10.6856922761302
842,1.72631869558245
842,2.72052776999772
842,11.713208508979
842,20.849893632016
842,6.76236392909146
842,15.9490014231744
842,0.925177491843743
843,1.3316278374987
843,7.71517705130291
843,3.46721082904792
843,0.264936788007617
843,1.71296278014779
843,8.75354836652887
843,8.29702449920488
843,1.58593391999602
843,5.71899679099353
843,0.592916896566749
843,0.212396927022591
843,4.79011880105951
843,1.5079580526799
843,1.51839490514249
843,1.19990074308589
843,0.48268757092335
843,7.95306299771083
843,0.382026880734631
843,0.792369736587096
843,7.37637494648707
843,0.518658279906958
843,2.66394625650719
843,18.4756430153706
843,1.55295822769403
843,4.49575647690749
844,3.48228899275369
844,1.86889454256743
844,0.113780929241329
844,0.80700647784397
844,2.87852267360855
844,2.46868818998337
844,3.28229591716081
844,0.134345954284072
844,24.3219026256551
844,3.33722795825452
844,0.491971122100949
844,2.13498539058492
844,8.05907279210997
844,2.33212142251432
844,2.24833767239441
844,11.0152882616607
844,4.90721505836029
844,1.12167754676193
844,1.41442007618025
844,1.69812037439142
844,20.8405267926224
844,0.272562400650478
844,1.07626932440326
844,2.71283033303916
844,0.812574798298125
845,0.447856725659221
845,7.71713777668632
845,5.830055273198
845,4.20137354596988
845,3.70188832727677
845,0.982923571282892
845,5.84747321882701
845,0.63279208236789
845,2.18755180714652
845,0.950683881196039
845,6.28884398357427
845,1.43041583243757
845,7.4772620526269
845,5.92112977036691
845,7.62326763900829
845,1.66995679493994
845,27.3949357200612
845,0.00734119676053524
845,1.82626119581982
845,0.104467703495175
845,2.95577316079289
845,3.52357283213592
845,3.8666911095143
845,8.11161984535917
845,4.59478994810438
846,7.5904969773711
846,6.81767301147288
846,7.10514182182861
846,0.444744252599776
846,8.13390354137766
846,1.58394699450582
846,8.62654181155276
846,1.64512253599241
846,2.83157489262521
846,8.37363516869855
846,1.38294653501362
846,1.7000129702501
846,3.01515843952075
846,3.04551222128794
846,9.03433031360519
846,0.134859976824373
846,1.24426063615829
846,3.96386906017965
846,15.497758340083
846,1.74982942640781
846,8.11002859803748
846,0.616442039608955
846,0.180429574102163
846,5.47155837256764
846,11.5570029144393
847,8.02380499387992
847,29.3181734515314
847,1.31900581065565
847,0.517851307522506
847,6.16324538809663
847,0.438587930984795
847,10.312004154128
847,5.92869262655682
847,6.77164451663798
847,10.4316847113179
847,5.5761455228996
847,0.165429757907987
847,6.12409542759365
847,18.6256432057101
847,7.69969392525864
847,1.95461774943396
847,1.08502908144146
847,5.1591596843437
847,7.47850380795908
847,2.66416820930317
847,0.715112631483269
847,39.154589071422
847,2.09451403236017
847,16.35261580264
847,0.895835413043084
848,4.79426598155356
848,29.7559552622919
848,8.4481473449142
848,8.78203452683668
848,8.99887375660968
848,1.12642504507676
848,9.06943885801798
848,3.88504519571966
848,0.530723396223038
848,1.60227691545803
848,3.72435110928312
848,8.88417190830124
848,4.57275036701417
848,4.56737141569561
848,2.09898166151116
848,0.0872318726032972
848,6.77374824860549
848,4.72371023127294
848,3.06105368537828
848,6.82341768385327
848,2.95020683202893
848,2.66219164244831
848,10.1018511499734
848,13.3514447597073
848,1.89029316417873
849,0.917397355660796
849,2.69785672659054
849,12.2821578842806
849,2.17661949855702
849,2.25995359010994
849,1.42406219188886
849,3.73277631567276
849,3.11901188688353
849,4.08355685861266
849,8.28550985972297
849,5.17005139940834
849,5.12648102806366
849,2.69828036612807
849,7.84557830752905
849,3.43473887303844
849,4.39667782559227
849,5.52781733663237
849,0.972925658032844
849,6.91840770633376
849,0.537351096478603
849,3.11263118404895
849,1.00364848040044
849,0.484852942172438
849,14.3990441030803
849,3.0515540829789
850,0.0494246582935565
850,4.39892506056077
850,5.26756417916572
850,7.78756593312037
850,7.46431630721806
850,4.78096319807178
850,6.3551291215927
850,4.30011907571411
850,1.41852267319337
850,1.60926225129515
850,2.56060766987503
850,1.75365393050015
850,9.93623405652952
850,2.61195506202057
850,1.52505342848599
850,4.62881398366249
850,2.25189711898565
850,2.82184106763452
850,9.44781498010171
850,2.32202090322971
850,7.27044761815401
850,8.9847774959314
850,2.46073880674752
850,0.394185884385243
850,3.31600667675957
851,2.63954597292468
851,0.0290100858546793
851,1.33643094915897
851,4.61433800382024
851,6.24910478924817
851,2.23813384072855
851,9.70189417670381
851,8.58908891430807
851,4.89500493721521
851,9.99545223968935
851,0.965169371591131
851,4.5006534734503
851,2.29791412865559
851,0.912855414208025
851,2.57650211686268
851,3.44207626534626
851,10.4723921819443
851,6.73322708790606
851,1.34961806972385
851,10.853154612075
851,4.54909222201332
851,2.1514311991632
851,4.44169991628683
851,1.30184849569456
851,4.76624067851758
852,12.8029827301608
852,21.8154694662106
852,3.69518241946329
852,5.74281272457397
852,4.2836412621818
852,0.119835158461067
852,7.11420106659544
852,0.638030017726123
852,4.46645466256633
852,4.21065496632501
852,6.80860116591162
852,0.251483090687543
852,9.86769137862039
852,2.06248706672341
852,2.18329183990136
852,0.112134416121989
852,2.38937337882817
852,0.796485531609505
852,5.02769651801741
852,5.18186267382847
852,4.92412310530091
852,0.102327757356369
852,2.03778930474073
852,4.94112754685289
852,5.32684247271679
853,0.821013581694038
853,3.67987262529737
853,1.65240718600884
853,8.06059792595816
853,4.56345828694707
853,7.24721699599115
853,1.62575490428633
853,12.7154375699567
853,0.0209549485772435
853,3.49736664888865
853,0.663101332367668
853,1.41388443531469
853,10.0801545656742
853,0.486602811142802
853,10.439928881197
853,13.5216080856727
853,6.83945673496878
853,7.02853772644531
853,4.78676117004311
853,1.00021718535572
853,1.41465204302222
853,5.47010255490846
853,2.77819892857224
853,1.09211367999825
853,1.11697882879525
854,3.77010081687504
854,6.39668159631497
854,8.75655538360489
854,9.79463149751437
854,12.0577359286355
854,0.73071725666523
854,1.66232101852074
854,6.7720647107572
854,1.16570222657174
854,0.0385550416760168
854,4.35263452943759
854,6.67483857346183
854,4.44156899083718
854,3.37986928643659
854,0.679346948270488
854,1.14450700133618
854,13.5089039980002
854,1.45440224480924
854,2.68520490499213
854,3.20663905702531
854,7.09842044818115
854,7.15201992499542
854,3.59828644411123
854,0.722168254566476
854,0.516512133181095
855,3.1727615185082
855,0.226494825910777
855,9.85740802208793
855,4.73541151571633
855,6.61527092547572
855,5.93775983413166
855,4.77432555963701
855,9.46262978906644
855,0.0759241497144103
855,0.907135200686753
855,0.904186537954956
855,0.571469119985642
855,0.555968434787919
855,1.50554756168765
855,7.23573895129276
855,0.190014276430013
855,7.68472664473958
855,5.03357386661178
855,5.45363149584687
855,0.918747776554359
855,2.04928688840204
855,0.868651790078729
855,2.50761967385188
855,10.2166844627575
855,6.32959352319545
856,0.870062824097252
856,0.279063689781444
856,3.69155593940411
856,6.33817238069913
856,8.74586037318123
856,3.39165510144085
856,8.61434485721302
856,1.59005184657872
856,0.0541993538730384
856,7.74296689736557
856,5.66829063908613
856,2.61504660127684
856,1.66621866635978
856,6.01962908795591
856,1.5303932791085
856,0.803926507942379
856,6.84941076652563
856,1.3929780563463
856,6.34260428117073
856,4.64431835317469
856,7.00025342362833
856,4.82957652009268
856,0.616212969180197
856,1.91302030963972
856,5.2902534182877
857,0.237088361755013
857,0.357929519434695
857,4.04757221674031
857,2.81727656256407
857,2.38871539244428
857,26.7168077159871
857,5.21676961777216
857,0.557311476985631
857,0.317598564674872
857,3.0833533522673
857,8.16903748507512
857,2.82311248127371
857,13.3895263721453
857,0.743293288555082
857,6.3891846963898
857,10.1028275671871
857,9.28819896611285
857,1.81241070535204
857,4.99646435783722
857,3.01002012332901
857,12.6905711454557
857,26.0788719951263
857,7.44840975745145
857,7.75693461256933
857,9.43795005418152
858,6.74818082225925
858,2.93495150981471
858,5.38469074332433
858,6.68635661692774
858,4.83685293361756
858,4.50516261139369
858,2.56789841689169
858,9.7226110748471
858,8.36024455992332
858,3.01183255854994
858,8.95692406814666
858,1.10613835231022
858,0.384085632394999
858,4.89553532646402
858,11.7066372189881
858,0.963524412678497
858,5.49871343166983
858,1.0831222939305
858,4.45987055522806
858,7.51889218534243
858,6.50088781935579
858,0.45876988209784
858,5.65722675041711
858,8.95894087632115
858,1.1341617628932
859,15.2107449428537
859,0.67073368815276
859,11.4786123943733
859,0.547450096346438
859,0.279797115285431
859,2.374980277116
859,4.97667072043948
859,3.84216376668193
859,6.00396302042014
859,11.3036146389284
859,5.63438166843212
859,11.1992228304254
859,8.50244333350957
859,2.37289746059105
859,1.39775009147915
859,16.3498678049984
859,7.74602413135481
859,0.93842227710411
859,1.96945664472878
859,2.47624110197648
859,3.23330599348992
859,3.6239356441689
859,10.7371491944917
859,1.18479865378676
859,2.64390329131857
860,4.70464630962765
860,3.50389518754041
860,8.60550980041635
860,12.0206495461272
860,3.54966179220212
860,5.7422095441953
860,0.400429863948375
860,3.38637121254578
860,5.61885539949111
860,3.82486320985599
860,0.368119744969761
860,0.128670305637687
860,0.194167552981526
860,31.537841472747
860,2.25062800105661
860,3.54368997552485
860,0.693374702241272
860,12.7511901495265
860,2.1140900417231
860,17.3379315572776
860,1.86237195273861
860,1.75400468986481
860,0.0264684333212388
860,0.203908619134258
860,12.1788845298098
861,3.84088452598065
861,4.88004109801209
861,6.94289681459677
861,7.1535919695617
861,2.83772208727896
861,3.90035920257728
861,1.55507307499647
861,2.84239634172991
861,4.84315796215736
861,1.50811616797
861,0.602126976449358
861,5.27872538561306
861,8.29010185303515
861,1.44194233464077
861,4.18418450725681
861,8.75821459996414
861,6.94517838726652
861,0.408937223255634
861,9.4752466488154
861,6.42805541378862
861,2.63481602305546
861,1.41185754910111
861,3.39524808339775
861,0.606173882260919
861,7.3661747073604
862,3.16264161840081
862,0.616231702733785
862,0.309987243121604
862,9.48439033447828
862,0.711456195779486
862,10.4567139496313
862,8.09072508646183
862,2.63868730748072
862,12.3029951279269
862,11.8577158724176
862,3.88542445821172
862,3.41347841545939
862,0.497403445187956
862,0.194624952287342
862,0.742030271794647
862,0.868596888612956
862,6.44813589730716
862,9.92724327328515
862,0.175774560775608
862,8.03639994892192
862,6.37696141356087
862,1.58104634610936
862,4.77223773510153
862,5.8854440783844
862,0.548834204673767
863,2.36855633789673
863,6.73319222384548
863,2.04910811269656
863,4.01456138939861
863,0.336860239040107
863,6.36043239363885
863,0.305168824066027
863,1.05565713762064
863,7.73697630460274
863,6.01569193518958
863,4.33661066906011
863,3.49805940387255
863,0.771262557245791
863,6.14895123036063
863,2.66134007353728
863,7.26603387344628
863,4.54183700939125
863,3.38781327242032
863,4.82509100788689
863,7.62669100384128
863,7.29663753840041
863,3.51779565319149
863,7.96796274329436
863,2.4798200391553
863,10.7571339442702
864,0.0039164861664176
864,4.50001018518744
864,7.95635934315631
864,5.62056674600995
864,12.9581177507745
864,10.3452964867921
864,17.3180120057406
864,6.50135386248535
864,8.24005645533136
864,2.50505441566929
864,1.07481964863837
864,5.04078576785928
864,14.6237932137194
864,10.3770538601549
864,8.6047587539525
864,8.2383249137075
864,3.02755559561774
864,14.8689467451515
864,2.82712111482397
864,3.50782158470878
864,8.56929110266392
864,0.445881627965719
864,7.16548492158663
864,8.70998598959797
864,2.34882199205458
865,4.00243816984453
865,2.69660856574774
865,4.53981384539634
865,6.3989803472296
865,6.75091320627785
865,2.58141324622557
865,1.98235187446699
865,3.43852458754554
865,2.9554156283848
865,6.90141552106893
865,8.82450134451401
865,0.623799571023806
865,5.86811756694174
865,5.8699400201406
865,4.58719167837358
865,3.03968971362337
865,0.40959050865814
865,7.64120764700651
865,0.207130829803646
865,5.74247015153474
865,15.1284660018029
865,1.08359340112656
865,3.9608496355995
865,3.90620793194926
865,2.13002459611744
866,1.75624316325411
866,3.12730329111218
866,5.7069207865507
866,3.46428392222151
866,5.31373925985351
866,15.9738824508133
866,6.74188434591001
866,5.92308039290315
866,0.958494904087949
866,1.16771823217572
866,0.376602190515125
866,21.5082369173381
866,8.28334379899216
866,5.68130421414892
866,0.532739611270964
866,5.99206830353892
866,19.8366633326489
866,5.57509268080017
866,1.18176440475509
866,4.2384605714317
866,3.25505170738325
866,0.798282734557719
866,10.3320334661276
866,4.29016424787647
866,0.875660234353006
867,6.59259865970767
867,6.17297305238849
867,4.37291826566166
867,3.72885270602167
867,11.3164173439757
867,0.160236257183361
867,6.73246595056212
867,1.16817460628226
867,5.68148581290102
867,2.50812336569652
867,1.56755750067532
867,4.53689564126878
867,0.449541469570249
867,4.29024075602597
867,0.885834258515388
867,11.7347311315345
867,0.136063577888866
867,8.37844832425911
867,0.434189871884882
867,2.27282266132534
867,3.00937552470714
867,3.33811851916835
867,2.42733156226746
867,18.5966963646662
867,0.58392665348947
868,1.55873895389959
868,4.32195884154594
868,10.029104547155
868,4.86611622462672
868,2.22274977946654
868,0.892809010110795
868,2.62521509779617
868,0.999325485900044
868,6.82509869781739
868,1.84880304383114
868,7.47568434062314
868,0.667720271740109
868,3.84755254702127
868,3.88336365090168
868,0.435702603516772
868,11.7545288329231
868,13.4805706602739
868,1.40598969301209
868,5.35039407180107
868,6.49118328446007
868,6.92725952228016
868,0.856858405750245
868,2.56772145396098
868,0.881683649495244
868,5.04292075332344
869,11.3702822377192
869,5.96868824136961
869,5.95057682578868
869,1.69566744240001
869,1.98331750230864
869,12.1333633755136
869,7.77271453020221
869,3.96089971975839
869,14.0392269917269
869,1.25672737136483
869,7.15883773841383
869,6.5421822152794
869,1.49255660362542
869,1.52828269638121
869,0.825369099174466
869,8.82931040040487
869,0.887507341184379
869,26.9580417204846
869,1.48477197857574
869,8.60840749884856
869,20.7803348720747
869,3.42484473250806
869,10.3217022954942
869,6.10700742786235
869,15.2832097855224
870,2.81237212941051
870,17.9095394013588
870,1.03660017361821
870,1.04370094137266
870,4.31722127345806
870,1.61822354188189
870,8.30686091403377
870,1.60947036929429
870,1.3544538998977
870,0.869080115470206
870,1.18446252075955
870,12.8872842614757
870,6.39182771069414
870,16.0128913811388
870,1.67092946590856
870,4.41715387279582
870,1.58758922789129
870,0.203689569239562
870,6.9605916850595
870,8.19031766986536
870,1.90072291065007
870,0.941155925393105
870,0.0094063661290877
870,4.27925738839108
870,8.49961792076838
871,5.29337225868463
871,0.119613554634438
871,15.9377225852552
871,0.135161504114993
871,1.11977458000183
871,4.3516665529228
871,1.18928187526762
871,2.30973320194848
871,1.85962133808061
871,0.643056275904426
871,3.99129474048919
871,3.9366758354799
871,13.534799767028
871,10.2679308034004
871,3.27360324561596
871,0.883883072528988
871,12.5421923299538
871,0.418779491446912
871,16.0599961868467
871,1.66645923396572
871,17.9477978343023
871,5.45091343091285
871,4.82036236186928
871,8.04986442039716
871,5.94694397391236
872,1.76992479944602
872,19.7399638862091
872,2.51052738167346
872,3.09845239156857
872,2.60132391471416
872,2.17186512192711
872,1.33150514448062
872,2.14144161436707
872,0.924497642554343
872,15.5321217319908
872,1.10985307954252
872,17.7898838639933
872,1.37045361800119
872,1.63635404780507
872,4.090822674124
872,5.4727080601961
872,9.89068368407798
872,1.64100734051317
872,5.83584891611195
872,2.50500245485455
872,3.09510484570637
872,8.83592479200521
872,5.09768221971995
872,6.49770489407188
872,10.3696416966141
873,7.40098221185518
873,11.4390104608516
873,5.84565411249572
873,0.214099236837071
873,0.744771615136415
873,1.50699994929089
873,9.38614228698325
873,7.61189655994796
873,14.232850781733
873,5.10046788935965
873,13.9469299829545
873,3.26257695443928
873,1.84750770684332
873,4.64114667963351
873,7.0591265170044
873,9.25075932420469
873,3.53228155502534
873,4.45959800833321
873,0.972038907043645
873,1.46278722537241
873,3.54502077982945
873,2.23887230502442
873,0.518976622168005
873,11.6154155594515
873,1.73549464438111
874,12.4690176633405
874,0.277381618507206
874,0.156140406616032
874,1.02408751131793
874,7.4427869619999
874,3.72940822017795
874,4.08595784080631
874,1.86564456671476
874,0.25071217212826
874,3.98019667139841
874,0.41217086603865
874,0.479826441727729
874,0.292882566823027
874,1.01751594338566
874,7.78165044220996
874,2.8067467501387
874,8.31285913195486
874,0.799677623435855
874,3.95301735473281
874,7.04354962292028
874,16.5380688748302
874,0.0958979928442845
874,2.08884727908298
874,8.94244920420643
874,11.2939318615127
875,8.16418776246619
875,6.31542416268444
875,2.45355640072376
875,7.29347404034615
875,0.883490268606693
875,1.71591685154158
875,1.81874256813899
875,2.42841995554045
875,9.85814794856024
875,9.80388883459282
875,6.36340370846397
875,15.0131061664763
875,0.22219142947899
875,2.67732657724991
875,5.46241961864239
875,1.27625087276101
875,7.20118601764453
875,0.744751484598964
875,15.196231714541
875,2.56791811436415
875,3.16799630410969
875,2.44806015398353
875,0.0888870946367074
875,8.28398616942477
875,7.11159176400518
876,0.049342883285135
876,2.31712657259777
876,3.69913523995733
876,2.45668884366751
876,9.3106013066591
876,3.62165589330202
876,0.126937606050518
876,0.0860027000491378
876,4.88462053066953
876,0.561403398027157
876,7.15529030113588
876,11.3100897996815
876,6.83005623964077
876,12.0581707258927
876,8.31966028506768
876,0.85875620350061
876,2.89300550008193
876,3.451187312603
876,1.76664241336633
876,4.48637120904792
876,2.66928220068925
876,2.40058842115104
876,4.44745465160763
876,8.02491427177157
876,6.73856561051166
877,2.56535330311402
877,1.83479567667392
877,1.36240889551118
877,0.0178322149440646
877,6.57714557347304
877,4.01881015333113
877,0.771101869177073
877,3.11937415972352
877,8.7580053597213
877,5.25502668300139
877,1.25963568688105
877,4.87389754482961
877,1.83858478441834
877,3.47864956791853
877,5.58833791164529
877,0.226481962017715
877,9.51494700924243
877,0.624768448878862
877,0.152882696129382
877,0.576973864069066
877,12.2089354221927
877,0.52240366878914
877,2.07255985355005
877,3.82246178760154
877,8.91923183533263
878,4.00683806764169
878,4.33933697970312
878,11.7427536745774
878,2.54685084335506
878,2.46119657065719
878,2.1950005646795
878,1.70084815472364
878,1.33526055607945
878,11.1563054773988
878,2.25668697850779
878,13.8804374254289
878,7.7757584113152
878,2.41216967348009
878,0.806367693003267
878,6.13137287998057
878,13.2929104158404
878,10.0687737013669
878,0.576718484517187
878,6.13173046128309
878,0.0255647394806147
878,4.4892350212842
878,0.0781048321744617
878,2.14949272210293
878,0.323842584621161
878,8.27801626133633
879,11.2336452019619
879,1.64838189724833
879,1.74833876546472
879,0.222593492602904
879,18.9798699116165
879,1.3979607494548
879,11.2322429243155
879,1.99167007347569
879,11.1527926375376
879,0.475613856688142
879,6.04090670102692
879,2.20072741853073
879,1.81593525456265
879,9.30800640730429
879,2.03549979021773
879,4.23016235999992
879,5.25290195284504
879,9.88913469072014
879,6.42314530888057
879,2.27010413538665
879,2.31935466639698
879,1.47357198875397
879,2.56434825714678
879,0.0646295279704639
879,3.62405033386865
880,27.2157164741505
880,10.0450291387261
880,1.72731807332754
880,5.41435833068049
880,0.889868659432977
880,2.98267734004185
880,10.5100946773993
880,5.36636394893235
880,7.20923069822502
880,7.39841112824989
880,10.9443167098527
880,5.76513752320266
880,5.60238005572415
880,0.0491823931224644
880,2.22689018351957
880,2.76888483669609
880,1.41565594711895
880,6.70751344391561
880,0.660021058059668
880,2.55402702372521
880,1.82336931116879
880,5.79890358706421
880,2.20899154897779
880,2.04816997851943
880,0.467279393739772
881,11.511451890062
881,3.84204500333822
881,0.0440373481251299
881,5.90132006423032
881,0.00240852000651253
881,1.03323503866457
881,3.51983973558379
881,4.7686499681086
881,0.578177242905285
881,0.0798264448530972
881,2.43524344172329
881,1.39996645493805
881,1.95914887823164
881,1.22719599166885
881,3.24624271830544
881,1.95570932002738
881,7.4754706486584
881,4.75527074632651
881,7.03169421040499
881,1.81972215817751
881,2.99937716685236
881,4.13616977064046
881,1.01931314335183
881,1.63481084351848
881,11.0745891642975
882,2.62949524680153
882,2.18111437512562
882,1.21672760338437
882,0.0630148290656507
882,7.53547400959727
882,4.15888360214835
882,2.61959151597694
882,7.21066364789277
882,2.81776992313073
882,2.19272398855537
882,4.29803912041193
882,12.346452930312
882,3.03664030972868
882,7.2717013112725
882,0.584617734421045
882,7.05319824950645
882,5.7960655724392
882,2.46090594446287
882,6.53593308736986
882,2.27667251136154
882,7.30742710008391
882,4.21574606073505
882,1.07211959548295
882,1.32078648544848
882,24.2470620001171
883,7.44711267473154
883,2.75118069580876
883,1.00270392838866
883,1.13345732969305
883,2.37198449904099
883,1.04400678072125
883,1.57605957239866
883,8.68003642144513
883,2.13777510914952
883,7.19099308822715
883,0.291243381798267
883,1.31347528736575
883,2.00684582116082
883,5.92996481785035
883,6.75951550228006
883,1.8437981511768
883,13.8426723604308
883,3.57816111741072
883,3.23320245370269
883,0.376636926084757
883,0.271951055619866
883,0.942293903790414
883,7.12157643634872
883,0.974337672814727
883,1.14060991210863
884,3.15491224406287
884,5.8574766571994
884,3.41385518899187
884,1.78082206375517
884,7.99901194631121
884,0.994236432015896
884,11.3427920613093
884,1.09078425448388
884,0.65279034897685
884,1.18499856675044
884,0.449605532921851
884,0.17643199596556
884,1.25665872375962
884,0.10099635188928
884,1.66260486934334
884,7.63106813215026
884,3.59461135090182
884,4.80022184028062
884,3.68121067850018
884,3.42789096524939
884,3.4279144462198
884,1.06047359760851
884,4.87867950884357
884,8.27174722112147
884,2.77865449199453
885,4.13194677771485
885,6.74079119672483
885,2.16712514869869
885,2.28967719711363
885,5.49326194894916
885,17.7166431616199
885,13.809480824809
885,4.82400976566082
885,1.02842749329284
885,1.99845766356944
885,1.14439774146518
885,0.564913467969745
885,1.44083399846301
885,0.594810820031711
885,0.824007236959537
885,0.23531578793037
885,2.70391794852912
885,6.13877576289183
885,0.118158759153507
885,3.2052694237791
885,3.63389863189542
885,0.301556494322931
885,0.692509766668081
885,7.01373862991941
885,19.6981068224388
886,2.1533217067739
886,5.92635059708214
886,5.86282029726958
886,2.99925325671211
886,4.34658659601069
886,3.15438748104498
886,9.20939086894405
886,4.99051316154605
886,0.727126726415008
886,0.709104101933587
886,2.13545622262498
886,4.48226702844209
886,2.47569451108575
886,4.22114273582393
886,5.62316885738412
886,4.55122363266951
886,4.47984680703468
886,3.25258681317791
886,0.920250305951104
886,2.30802805162966
886,0.223519208375365
886,0.798289510421455
886,7.63076032162212
886,15.7473883769455
886,4.02695973382747
887,3.47049330507264
887,8.8494769572736
887,0.54357640280252
887,0.474597599823028
887,9.23266209619951
887,3.58984693721829
887,17.0160925752463
887,1.98377493539154
887,10.7991138950111
887,0.379485698287151
887,2.63920915778726
887,0.470304221499596
887,6.06786868513978
887,7.41814520085705
887,0.0962181924842298
887,19.0579666466194
887,5.30035060051375
887,3.68271230233318
887,1.40413498021979
887,2.76602605124936
887,0.376158056315035
887,11.9344115065558
887,1.09985609771684
887,2.06487642135471
887,8.12202027956855
888,9.60124409715545
888,15.4365417439225
888,0.498105441751264
888,0.588246255647391
888,3.04649632656947
888,7.8185322131486
888,6.94054515990329
888,5.87370150235897
888,3.35381369106472
888,1.55766871990636
888,10.1025671321423
888,4.77909763097399
888,11.3805063905531
888,4.6182776193828
888,3.09237692737952
888,0.756010571494699
888,11.8840375815736
888,3.70963882650458
888,8.52650031767013
888,1.92389991600066
888,0.596327105962929
888,11.1076097766405
888,4.76297420894212
888,0.89377977186814
888,4.92176617474711
889,1.44149694591761
889,2.7845106786117
889,2.9632098088041
889,6.27158257623619
889,3.4123129886575
889,0.306809218600392
889,1.79146763154963
889,6.2454872203753
889,9.39232087652099
889,0.938437678851187
889,3.34931323537603
889,2.47455974145938
889,12.5743207794832
889,2.39744074642658
889,1.33508205413818
889,3.83375092854208
889,6.48421056081957
889,5.40616089461363
889,17.4907064706761
889,9.77683854247344
889,1.92494996536109
889,8.25248369042404
889,0.19445184385404
889,0.0146931948607225
889,4.00863709838545
890,3.21030454710126
890,0.453121713621002
890,8.04088391321612
890,4.84104804238544
890,0.803960748016834
890,1.92220523022115
890,3.56343459782606
890,6.45537273005998
890,1.87070816289634
890,0.855518514188587
890,0.0939694296752756
890,5.91055656762278
890,8.24875849257124
890,3.20680943550542
890,14.3247205008916
890,0.067801505792886
890,10.3978495756451
890,0.60568941616096
890,1.16799299248455
890,9.11162522579444
890,1.46692336304113
890,0.319143721737422
890,2.00112594757229
890,0.387473904993385
890,8.3215344570567
891,15.352111904973
891,5.96425710224962
891,9.71605028948122
891,3.46319966483861
891,2.81565872952342
891,4.83398063552982
891,1.19839431072188
891,5.56625359205014
891,0.372342830791065
891,3.95619345375876
891,7.12860876652312
891,9.53100661705148
891,1.17973857547824
891,3.37034820346162
891,11.3025629234718
891,12.7380259706314
891,5.36962118444449
891,24.9242978621472
891,1.44015021929781
891,4.3295868297801
891,19.0707069159228
891,4.4654573172093
891,1.64650487824051
891,4.42892473527754
891,5.19241522976613
892,12.1503036183523
892,2.86759245907888
892,1.42580718267709
892,2.95982795767486
892,2.51800341997296
892,4.82776634839779
892,1.94364342838526
892,10.7954594766008
892,0.996138465612667
892,3.00240867305547
892,2.66543000005186
892,2.58081357227638
892,2.35785925993696
892,0.347576113417745
892,0.502145148348063
892,0.823394288308918
892,0.176692707631424
892,7.93263394343567
892,0.264413054804446
892,2.60920648928732
892,0.646725741680712
892,4.27761091829693
892,0.000244518741965294
892,19.8608213931996
892,19.4013657689768
893,8.00227300221932
893,4.93840672520405
893,0.455224892303704
893,6.06079701313234
893,13.574021430056
893,4.0059104839102
893,8.20692954542947
893,1.54613236679162
893,5.17470251141196
893,7.43847314583018
893,0.338415634818724
893,1.2214881205
893,1.83886985993013
893,16.3212734824958
893,6.57593720105893
893,3.1439236458391
893,2.41518238326535
893,1.22382649453357
893,0.744772949256003
893,9.49260020084532
893,2.94104348868132
893,0.0118506676517427
893,1.39031108407659
893,2.80920680964809
893,8.21549906353366
894,0.865526499692351
894,2.14171794243157
894,8.93341468605113
894,7.44384979787183
894,5.7192733128295
894,7.40254615391505
894,3.26165891252458
894,2.01246164739132
894,0.41486184837762
894,1.21889619822948
894,1.34899606908277
894,13.6168567550586
894,3.43246482778341
894,3.60075538731903
894,4.7974636776135
894,0.661727786064148
894,2.85439845640212
894,0.747244860345024
894,4.00345357686963
894,3.10531243681908
894,5.46678824178845
894,8.75229359562409
894,1.79567594313994
894,6.33703581502146
894,2.51434898236766
895,2.19308608677238
895,6.48758378324515
895,1.1678310111165
895,0.978609215277329
895,2.98311276827008
895,7.12859597946418
895,0.111048785038292
895,1.71068957308307
895,6.36648912427431
895,7.5189821857798
895,2.59764101821929
895,1.22461405117065
895,0.68892791216082
895,4.27597110604352
895,6.85410301645702
895,4.10266985630101
895,0.207916591316462
895,6.17044191320843
895,0.928823618215967
895,10.9105338988112
895,0.977673092857003
895,5.14598903225219
895,1.95660754106939
895,0.0839976966381073
895,0.505438286345452
896,1.42082494916394
896,3.71341939056272
896,6.77806782049543
896,0.535144617906342
896,1.65604226551592
896,0.0698236154853226
896,5.08918401298529
896,2.24202242447063
896,3.39710562489927
896,1.87839130172506
896,1.93805742543191
896,1.52334467275068
896,3.98508537539697
896,8.47908996934903
896,3.86226284762329
896,0.914061277564591
896,3.53736940750337
896,3.26651296112686
896,8.98515813010645
896,6.40285170150405
896,4.72584718425729
896,9.15948626543295
896,1.11727941548452
896,8.52363148662162
896,0.91861471068114
897,3.3649580173951
897,6.05185574830926
897,0.219671428203583
897,13.8435992685365
897,4.41643532344556
897,1.86989558162168
897,4.22454474938518
897,4.85953090024158
897,1.63231066893786
897,36.947035694257
897,1.73953743127168
897,5.95768947003373
897,3.30456843832508
897,6.37216764481223
897,9.23693659673345
897,4.05031559323202
897,0.294648169074208
897,1.47709362208843
897,1.47048777667806
897,3.28287608921528
897,4.55656983402973
897,0.966555983948328
897,4.02332897742695
897,0.278744815442637
897,1.66756710037589
898,13.7530074541675
898,3.67725081720805
898,7.93519133659911
898,1.92399671301246
898,1.88117434736341
898,0.211959802810991
898,6.77172476404762
898,0.396394280251116
898,0.061452774748147
898,9.36250675073023
898,1.67075693840161
898,2.27267686743289
898,7.22962031098914
898,1.06634628493339
898,17.7589340190774
898,0.426293651107699
898,3.27246898319572
898,18.0268022863779
898,3.14151208149269
898,1.55777650652453
898,8.70645687607558
898,5.60072987319386
898,6.23781720620996
898,2.86224211039511
898,1.80722303211995
899,1.18551753461361
899,6.32745882475233
899,1.39646343993716
899,0.00245027860922341
899,5.04148619228459
899,1.23652531998232
899,3.63614804960828
899,0.613424950279295
899,0.582674796926927
899,5.61991206814951
899,6.43377017208791
899,3.12987629557028
899,0.210828030900464
899,12.0843905669855
899,2.73965745698661
899,7.76053780647826
899,1.15291798952967
899,0.457249071779372
899,3.31450147088617
899,3.31590378656983
899,12.3277786460923
899,1.85715796425939
899,10.0950688771428
899,0.350884061772376
899,6.19349106193936
900,1.5944807138294
900,7.05904225776804
900,6.51328709886825
900,2.15646221917758
900,1.76675832879202
900,5.08055798688388
900,1.54769950546324
900,4.58722570424384
900,5.46941862625983
900,2.33979284064844
900,2.39157531876117
900,17.5032494611887
900,0.89002488180995
900,6.58967987921953
900,1.80100550642237
900,7.81939856666041
900,1.73016569371605
900,5.79313209725028
900,7.13412672335177
900,0.624691813718528
900,0.668162492768676
900,10.8953455549883
900,8.69003358478232
900,0.60783461166382
900,6.90677588784552
901,0.147595631424338
901,3.30422998638824
901,0.449579344131052
901,4.46080464454045
901,1.1725310777691
901,11.9167909858035
901,3.9312342412532
901,5.07160003276026
901,2.19571695663035
901,10.1362385689737
901,0.231627763714641
901,19.3980498880822
901,2.17203107216737
901,3.33926401101053
901,6.6077295176447
901,1.96799521101639
901,3.35263530025259
901,2.84875300712883
901,2.4794598040171
901,16.8952999476026
901,4.54231868051048
901,2.95175936305895
901,25.1529344249715
901,1.35200495831668
901,0.964815082729507
902,2.78179594082758
902,5.8794017271101
902,22.222913148484
902,2.33679948374629
902,4.99404740964478
902,3.31163115333766
902,0.288310141768306
902,1.94446607492864
902,3.17794678499922
902,12.4600362119483
902,2.24949300521985
902,1.63531150436029
902,1.44104347171816
902,7.55181045229447
902,0.845285965200145
902,2.31304908636957
902,0.0967693863508399
902,1.16351965199704
902,0.831702351570129
902,4.07522897680706
902,6.26285189276046
902,1.20998862105906
902,14.8762171170611
902,7.08450183230353
902,1.02193475730625
903,2.11528220912442
903,0.859576319344342
903,0.820588814094663
903,32.9496659244313
903,1.49280506884679
903,8.86335126082313
903,1.39121086052211
903,2.27750581456348
903,6.48927531649774
903,0.921576902118248
903,3.55495359242653
903,0.484630457091356
903,10.3492699931831
903,1.01199610391632
903,7.31199465650034
903,1.48012749362086
903,0.281446408480406
903,6.536046359478
903,1.77617775509134
903,4.51311507242948
903,5.12508429565883
903,4.67359524988231
903,5.80137598613263
903,0.585067544598132
903,1.71200822696153
904,2.64807741623372
904,9.6838761582495
904,2.1763927815482
904,4.86638297305858
904,2.93388520134613
904,0.106230147598937
904,0.785820474848151
904,5.91441782636053
904,5.65427619477219
904,1.04265170605593
904,0.0403030123561621
904,9.18097975621832
904,3.71083052584292
904,3.4774306629514
904,5.30963508391237
904,24.2347922349784
904,3.05272115627304
904,22.4006155122311
904,7.18975501092982
904,1.93069122266024
904,1.02138491580263
904,3.31066865241155
904,6.34041779653585
904,0.235632221307375
904,2.65664110891521
905,0.405408205054827
905,6.99261536779714
905,4.35514098970778
905,0.596956368535757
905,1.64666484808549
905,2.96360704582185
905,1.01098063401878
905,1.0301076630735
905,1.70941374278454
905,5.70372788680202
905,2.19446635339409
905,3.16352327391005
905,14.5838260642233
905,2.50231576384977
905,21.5478285575721
905,19.0545684368092
905,4.14015036520964
905,3.44791789539158
905,5.36822409813708
905,0.169033748993884
905,0.932277734391391
905,1.08455738285556
905,0.403101179836535
905,2.46642689220607
905,4.82739423380649
906,2.30190104557241
906,0.0541373607056593
906,9.91589670027506
906,2.60309173372867
906,0.79215831943874
906,18.539667156406
906,4.45082702652967
906,13.7217000399934
906,1.3206479999571
906,2.47229480417445
906,1.98544737417251
906,1.89218363272236
906,7.21187135162664
906,21.0051382506702
906,0.296025993856127
906,8.04098444017482
906,5.91408560590908
906,17.9430138122314
906,5.16521833816028
906,5.0134011635319
906,0.702669452270182
906,6.17841574342406
906,4.01657778283066
906,1.06114914190079
906,24.3720247271882
907,0.0142087088897824
907,19.0541658871699
907,16.8892494953218
907,4.70799794359962
907,3.61089803257442
907,14.9423427254476
907,0.629791177343577
907,5.66296043319112
907,8.21318536954832
907,2.46381199918687
907,8.43288507841108
907,2.23404780961573
907,0.00437856500140657
907,1.22240792727098
907,4.16575069983906
907,2.67872363794595
907,7.09589049872257
907,1.09928404119698
907,5.69734451339996
907,18.0389192224222
907,7.6335411693997
907,0.768969828680032
907,9.88476789514434
907,0.0600608950480819
907,1.89953368744226
908,0.235601481981575
908,0.308898366056383
908,2.24900154164061
908,1.45037505000538
908,1.98583859717473
908,6.62181067725128
908,12.0857150939511
908,12.9092339885639
908,2.97574360480846
908,8.48452991290551
908,2.7144927973859
908,1.84255492174998
908,3.53674322811371
908,4.40987536197013
908,28.1313108636026
908,0.433354955852534
908,1.061217789009
908,2.39146538544446
908,13.0062808369504
908,6.89967203398651
908,4.96944934273565
908,0.358944442123175
908,7.01486780455865
908,0.235267619886473
908,15.865116342062
909,1.16235584719107
909,4.82939162736243
909,5.00603868957382
909,9.68163207131338
909,0.88341579772532
909,17.2928268826547
909,4.86193579134947
909,4.33575149731212
909,7.01177526223374
909,6.69524927602565
909,15.2095768010158
909,5.2424410030008
909,0.292360186576843
909,9.2590771145643
909,11.1742602119874
909,1.47624145338425
909,11.1228103463756
909,3.50828715802757
909,8.6266614865036
909,3.0740102683194
909,1.13945277873427
909,1.12160939257592
909,29.1839563084726
909,9.23252133610559
909,13.8873261949959
910,3.96253022344267
910,0.967275386210531
910,1.71293602557853
910,8.03315024780941
910,5.66174897358807
910,3.22075854517532
910,4.48890365639186
910,1.42507408392896
910,9.78559225751426
910,11.3436541234361
910,1.3904274812392
910,8.46413025590491
910,1.03611099519014
910,0.143548164051026
910,4.10018849631256
910,0.828853957355022
910,1.40030208276585
910,0.588019668905935
910,2.54261268302798
910,0.327433567730858
910,9.17045273776066
910,7.84192170156313
910,10.8632480812477
910,2.51977541716769
910,5.77409473226822
911,6.28381997327613
911,2.14076052885503
911,7.93551870579732
911,4.76636306361711
911,0.29241973060917
911,0.155983220559027
911,13.3646850188481
911,6.05996659470207
911,7.62416356201184
911,1.16738789540307
911,0.766903918702155
911,2.29408480692655
911,5.53641543702638
911,3.62372406271702
911,3.20136514957994
911,3.26986555242911
911,0.373528343625367
911,17.1312361574712
911,0.312025912571698
911,26.4857079912175
911,1.26916729612276
911,0.541832815315324
911,3.949834536551
911,2.33285009860992
911,3.22637767530978
912,4.54631094091459
912,5.84339472909874
912,1.13751718541607
912,4.0667554408074
912,4.91900305034188
912,8.19430457306438
912,1.67340170359239
912,21.6033256972644
912,3.92457380869842
912,15.9816859281602
912,8.13949064230185
912,20.8060836220596
912,3.8620016069845
912,3.65069140193468
912,3.43270730692893
912,9.52557194304211
912,3.35846116999164
912,5.40503744946277
912,2.71092752926052
912,1.58358696149662
912,1.34174005826935
912,2.46541754808277
912,0.708777485912956
912,3.53066514456752
912,2.63153739739209
913,0.586241629562841
913,3.4934132230581
913,6.0551642810688
913,0.779486464468701
913,3.95820512415326
913,0.831846788844661
913,6.48336264283812
913,3.61067374215877
913,0.996969832187264
913,0.146627490064311
913,10.3373110197009
913,2.25432976614684
913,16.5899533024969
913,3.16148454323411
913,4.68072506112462
913,0.141350741496252
913,2.34229829860851
913,4.16089514715082
913,1.31733477800726
913,2.19473997596651
913,7.27088071094572
913,13.2225436059045
913,7.27471718069493
913,7.01827258476659
913,14.8656758618527
914,10.7260058310688
914,6.79142370799041
914,7.99462097654951
914,1.47376784589142
914,7.72337889802192
914,0.831940801782362
914,15.7221868998351
914,2.61337439995259
914,4.47018131127065
914,9.9383025425942
914,11.3023817253517
914,0.226467553163849
914,7.72199617264422
914,1.22113251947622
914,5.21471208871758
914,21.2468407476757
914,0.0398646807298064
914,2.27607466513291
914,2.57350279949605
914,5.2959372520209
914,3.6317557280724
914,1.93433813517913
914,0.310636891517788
914,13.7731003475593
914,4.99010371954596
915,6.96356675545585
915,1.92668886942934
915,6.08599817925605
915,6.71773215734816
915,5.18572655019766
915,0.827158217659883
915,28.1986486149912
915,3.7645633749426
915,0.890066926466515
915,9.25446898634446
915,0.470292274101108
915,6.89571960342533
915,0.0983442785218358
915,0.128611417021602
915,4.15251005885607
915,7.19767765122557
915,25.5375123213218
915,5.8445868778736
915,17.7656829556853
915,1.05428416049108
915,0.57112323448805
915,10.4940803204021
915,1.11780702834949
915,4.80526023989028
915,7.27201192597759
916,2.9956668918021
916,0.681101698428392
916,2.07916605519131
916,3.23109619319439
916,1.98089240584522
916,3.09863252798095
916,7.49046746392094
916,8.79380601416242
916,2.83791239606217
916,3.90339613427992
916,1.27678623888642
916,3.27315725153312
916,0.587590329814702
916,2.75950151740572
916,2.86637150216848
916,19.7293117166239
916,1.92356879124418
916,1.21358506847173
916,20.464782071181
916,0.276775115813578
916,3.85149672606444
916,0.107481671885026
916,0.102342027098018
916,9.10645998972368
916,2.57415760541335
917,16.5337274552763
917,7.48866260009718
917,1.09308447688818
917,4.74250577369189
917,0.418507124246128
917,0.79851551912725
917,9.70358382868481
917,11.5689854028764
917,0.789410832803696
917,1.00469717988744
917,5.06464135346419
917,7.5387531794132
917,5.33636901506639
917,0.250770035199821
917,3.20682067185113
917,2.29529551889978
917,7.86149311379852
917,2.76750498916954
917,4.50753290345852
917,1.20332730235532
917,3.64544006974852
917,0.081871030466337
917,9.40295286434603
917,5.33762346000827
917,11.2749325943397
918,11.4200647215936
918,8.48213314968062
918,1.27030221466982
918,6.64252264404154
918,1.0964491032064
918,13.9057063302937
918,8.72605247381044
918,0.885518894065171
918,16.6639908394756
918,1.9686980786277
918,21.3242647970531
918,1.11059715515547
918,19.444691640206
918,4.17107109890735
918,0.341849566902965
918,1.68970483820885
918,1.18737540810831
918,27.2863324810017
918,2.40384358214214
918,1.15213579731062
918,4.11218872272825
918,3.17355558509007
918,16.4842708027902
918,2.09959265077487
918,2.2176082758233
919,0.433991609606892
919,2.65621314290911
919,1.33182986682901
919,16.8239140129628
919,1.61228995304555
919,0.319091570563614
919,2.12670476641506
919,6.45326018778092
919,7.54444056148541
919,10.6054525536703
919,2.88645094013215
919,2.4372628045797
919,6.56871723921454
919,0.405714930966496
919,0.353373521928638
919,8.1207938767494
919,13.0683973145889
919,4.64670647325578
919,7.09547506477649
919,4.42375841743522
919,4.78193135445422
919,4.51109406982964
919,8.25095895635796
919,5.74165279490358
919,6.44465793368822
920,1.42624645811219
920,5.80377820563345
920,5.19247840056232
920,8.34735721200392
920,2.98381059896201
920,13.7955693428623
920,2.73864719783887
920,26.7960216928471
920,7.80319353523565
920,4.64180731283234
920,3.86360044570124
920,18.1255716370564
920,6.41224640400565
920,8.74777261125755
920,10.0849343180181
920,0.26207487564534
920,0.344158557709306
920,16.073721422905
920,1.76295520504937
920,2.72440627682954
920,11.6723800164865
920,1.46826426731423
920,2.33495565364137
920,0.59990281239152
920,0.890456854831427
921,0.183743915196292
921,1.2803718377836
921,4.65074387006958
921,2.99223855144318
921,10.7703447987543
921,2.5945608522388
921,1.07817013049498
921,5.26505659779018
921,23.7490057373855
921,13.2737157766925
921,12.4660070513593
921,7.91482791531348
921,5.72858126347369
921,0.82018538312474
921,3.5647814858467
921,1.87061396194622
921,5.38275103242399
921,2.62194444046838
921,5.64673800931728
921,24.1377119148586
921,5.75607232728458
921,13.926140218133
921,2.76169055374339
921,8.97833360853884
921,10.4567879265356
922,2.55500618368387
922,0.418968597556024
922,2.44517902843654
922,15.0095273173394
922,1.56575323082507
922,8.24246311518264
922,0.196159081533551
922,0.190234459253756
922,8.74984171199513
922,9.86859147394908
922,0.215819510631263
922,1.857217005454
922,1.0011145635508
922,1.02613909635693
922,5.76056237696992
922,0.00687894411385059
922,1.36993620646865
922,2.14547000359744
922,2.99532582052052
922,4.88025019150766
922,0.568251534515705
922,2.02932379257717
922,10.1458427678318
922,7.33957531260562
922,0.00624012434855103
923,6.68730228187001
923,0.304746881593019
923,1.0755342946446
923,0.767011233208111
923,9.1027029320122
923,1.41557966824621
923,1.50415027365289
923,0.0390008697286248
923,2.44877336546779
923,0.3738236380741
923,10.8407925915261
923,2.84517663231187
923,1.54183503619202
923,4.32153689188367
923,9.03058484572672
923,16.2535616747084
923,1.37800985947251
923,6.91366749328977
923,13.2931490701841
923,1.85526871564422
923,0.00959549104249765
923,1.23738610864963
923,1.10066653927788
923,15.7281951303379
923,3.52836724349713
924,6.36160125003612
924,0.385133742820472
924,11.0253984009134
924,0.102150232996792
924,13.1224329297649
924,4.56468365599817
924,2.01044138055295
924,0.840955087915063
924,0.595862225796596
924,1.29411044586002
924,0.0102932518755165
924,4.29130625890052
924,3.34926395211369
924,1.32281575817615
924,0.156358766835183
924,5.3335500739277
924,8.43093311372113
924,0.393650801350584
924,1.99485345277935
924,1.10601874068379
924,2.81871088314801
924,3.83658956129841
924,3.51459738777435
924,1.88338517905185
924,2.71643979474902
925,1.6013856837526
925,4.3768812162731
925,8.11990272028847
925,3.22568604256958
925,2.12073971284553
925,3.40178152546287
925,0.549161401577294
925,1.93600819126407
925,1.23415490845218
925,2.93482916196808
925,1.23135889303304
925,11.7916181114471
925,4.92884324376887
925,8.1318916215822
925,4.81382600063904
925,4.26137698793268
925,8.66891910280001
925,2.44734828593209
925,1.64939585374668
925,9.40534112932992
925,8.56888641561282
925,0.235874447831773
925,3.23011307045817
925,0.799474877707288
925,0.685772060026955
926,19.9575419247824
926,0.703517796937376
926,3.40749545488507
926,3.16207711817697
926,9.03160106348705
926,1.5533846934703
926,8.38166852439654
926,5.89660710168487
926,0.809677331452315
926,3.73599815627045
926,1.27841819776222
926,1.17959960596636
926,2.59690806968138
926,3.43695738352835
926,0.405555837787688
926,4.30975033880627
926,2.95434285886586
926,4.32094110154963
926,10.7806940836118
926,6.45673483123487
926,2.29234213707969
926,0.820289473049343
926,3.68295429342298
926,0.52417796337977
926,5.24109637809402
927,10.2104149847747
927,0.26119849877432
927,3.54109880493438
927,31.8123315907737
927,6.32851395735002
927,12.8927485359119
927,19.9255273892868
927,7.85709575379471
927,3.07578952983022
927,0.15655374071053
927,0.427230933708232
927,7.66261806669545
927,2.28821150958538
927,4.31594725211567
927,0.762140727601945
927,1.61797367967665
927,1.38296436681719
927,19.0701090068299
927,3.12137542292476
927,2.08511800714353
927,8.45788587558192
927,4.09222061249756
927,6.13592592512673
927,4.9883729869262
927,7.89291785987926
928,1.02551712817702
928,1.45061273593456
928,26.6801475811948
928,14.4729937995653
928,4.20725503915405
928,5.07770593722767
928,6.11471015938974
928,0.887608408299953
928,1.62827786756679
928,1.07348743157316
928,15.1618777207079
928,5.26893290670073
928,0.509972323197871
928,3.28792414934325
928,9.30420181671989
928,0.00691248911784557
928,2.36165369082964
928,3.20097006158903
928,10.2914690315248
928,0.346917517017573
928,10.387103780684
928,3.62026398573971
928,1.70677992160034
928,8.30731267042213
928,7.93907321261635
929,7.26845806422544
929,10.2912386223198
929,5.95610264667726
929,3.42539960518479
929,4.78779606573037
929,0.768463802370494
929,1.49516376899555
929,13.1881975469397
929,1.14634988131002
929,0.568012041039765
929,13.0068943922626
929,10.0458803861858
929,1.68746295850724
929,1.47348886122927
929,6.86981592772013
929,0.760374720441878
929,1.67922341031954
929,1.6789134265855
929,7.54533702465606
929,2.49427153961733
929,4.98677231816059
929,1.46902105072513
929,30.5747996998911
929,1.16541018457773
929,1.84307072078809
930,16.5466612196507
930,0.296298393514007
930,1.20908779092133
930,4.2429989108578
930,0.604055263102055
930,2.39690871443599
930,6.49691465755409
930,2.43973840625115
930,0.486758619081229
930,2.44449941907078
930,10.6658325399077
930,2.77227089041844
930,3.30786900129169
930,0.614588833660067
930,4.38579123446202
930,0.542806079611182
930,4.94910649296733
930,3.76201968158834
930,0.282331465460657
930,6.16825568003065
930,7.23782792645407
930,31.4373210781466
930,18.4656397522169
930,9.85249674837005
930,6.68863893465555
931,3.18958343937993
931,0.844727726653218
931,21.3317211891029
931,5.05883680635548
931,8.66601975592685
931,3.07773209176958
931,2.82701450715323
931,0.253859080839902
931,0.703157477595966
931,0.975510401185602
931,2.344150764402
931,0.471627106890082
931,3.16766742384061
931,2.36848699161783
931,1.91896458854899
931,5.20866669227785
931,1.12220477312803
931,16.0304174936357
931,4.03032329543472
931,1.14476829301566
931,9.17149499948037
931,0.565194212831557
931,3.55376650092608
931,0.0110959843732417
931,3.0036647990346
932,4.31626327224798
932,0.595252827780772
932,0.779133529867977
932,3.30521922325715
932,6.75271829103536
932,1.01106845394132
932,0.0344041010023958
932,1.43669507233426
932,5.79347152707583
932,16.4732429376783
932,15.4094051431015
932,0.768217842990132
932,6.07612979111678
932,0.867254713398878
932,7.18368038466092
932,10.8981631037997
932,2.84023904707283
932,13.4981258859144
932,7.05350167076004
932,0.322123968508095
932,2.89896696974932
932,11.1095999268101
932,5.83223497008389
932,3.1630101474002
932,4.50619239339089
933,5.44481494908637
933,2.21368571330649
933,3.68295124403632
933,1.66887889307336
933,0.624407605328739
933,2.23165919305757
933,4.02643423040813
933,7.41342008071852
933,3.25879435520619
933,0.478171594440937
933,1.69528544861814
933,1.09553897316154
933,12.759350882213
933,16.901318951601
933,6.48240381830788
933,1.53111358555234
933,3.79545916782177
933,1.98053921340033
933,1.26628780727808
933,4.99875213929868
933,10.8609839265591
933,3.65737917142794
933,17.5768024378263
933,0.518695206847042
933,1.05729063813408
934,2.07549298974293
934,1.73953531308168
934,10.831102868868
934,12.1437488900967
934,6.63883345438209
934,2.28010958759114
934,28.6924117041712
934,11.3653173044176
934,4.79639496492342
934,3.68220800978547
934,4.47966558372086
934,0.740661024744851
934,6.78696287309235
934,20.5031682306346
934,8.97678196388197
934,14.7612339394682
934,0.156911036465317
934,11.6811411542105
934,11.4872351375626
934,4.39385633894658
934,4.50078490369581
934,6.37970843331373
934,1.20931657962501
934,0.984517727047205
934,5.40419287958598
935,1.67198439128697
935,12.1530352060901
935,0.449821392539889
935,4.56850865369147
935,2.15479991128024
935,3.46576201708472
935,22.8709020639274
935,2.83026648219675
935,0.147455092312692
935,14.0257344273004
935,4.13357995429492
935,0.0683312700130045
935,23.0188572924317
935,4.04285542087505
935,0.331971102689476
935,3.04039934650064
935,9.65164084876788
935,0.0814743834533682
935,1.28566041588783
935,4.46195927837817
935,3.816897989972
935,5.42633736019439
935,0.604802367414768
935,5.03477380647888
935,9.76785681168449
936,0.0490242009982467
936,1.68806236702949
936,0.222206599753985
936,2.12367960189419
936,5.18960589056319
936,0.919012571283599
936,6.76900828656709
936,5.66360520643598
936,4.40582158022976
936,2.75027024094015
936,8.1960985952605
936,1.24475611873658
936,1.23754823813215
936,0.101046110503376
936,1.37379723027626
936,1.01454672636464
936,12.601183996837
936,2.71023551002145
936,3.63624118713147
936,3.52527981475619
936,4.36325713039792
936,3.39805964380503
936,6.33246525169766
936,3.53274427333331
936,2.52841876354069
937,5.49118512754744
937,0.332726957276464
937,0.790354244514651
937,3.4669674465195
937,1.91638705087826
937,3.71731900589025
937,3.88651278314597
937,1.02374844679558
937,3.4688286925846
937,6.10115491764105
937,0.554776838980615
937,9.20536526436818
937,19.4610198111016
937,10.0311214565755
937,0.550202557014492
937,1.08012460637838
937,10.7980954732973
937,1.54989788075909
937,9.08258645753276
937,15.5905705309453
937,3.06029783096164
937,22.2619498694751
937,0.215367362084195
937,4.72560494240123
937,5.00194842906153
938,11.8148727988111
938,4.16175740749991
938,0.455318815074861
938,1.40691963490099
938,0.347824126947671
938,2.30672178091481
938,9.60024096961033
938,9.70066674942982
938,1.8904749955982
938,1.70458795968443
938,2.42325601400807
938,0.66364072279211
938,0.992935737594962
938,0.881204775068909
938,1.64103086445404
938,9.66971133793604
938,1.21958405245095
938,10.9129486400196
938,6.80309249998486
938,2.41271336182256
938,16.3042261443081
938,18.558500734039
938,4.60697536801404
938,3.78031469512822
938,1.25323077198118
939,8.65154572967208
939,3.68266458716556
939,1.3396274382058
939,0.543667539036479
939,3.28688964014873
939,2.91314943227917
939,0.453389785252512
939,14.9342172969925
939,2.32399254804477
939,18.0901829422194
939,9.25561960744572
939,3.26174881542102
939,10.7784924556719
939,1.66782133514062
939,4.53530156168323
939,1.10440414166078
939,7.33849599915457
939,4.65066236373252
939,0.786150575031481
939,4.13427110743792
939,4.00893975493914
939,5.42783918303853
939,4.90214349680996
939,4.81681317069984
939,4.6359441753239
940,1.12573278947255
940,4.84384380259967
940,6.29936318823552
940,6.95243660678615
940,6.43836382755494
940,3.24110207147896
940,2.53279799595475
940,0.906427924055606
940,1.63699747807996
940,6.86365207636213
940,4.8366813266412
940,18.7705184043127
940,24.4441703670977
940,5.42918272860451
940,1.38516472886368
940,5.23077147660399
940,6.62208193892098
940,13.9034515238347
940,3.40828821528703
940,2.28981113061309
940,2.16332817670459
940,1.65221175178885
940,0.0660782674453401
940,4.50390853836162
940,5.89161124374179
941,0.659137594047934
941,30.9219067526941
941,5.19822879207736
941,1.47752881583115
941,2.72842750418931
941,0.0814293045550585
941,5.42523154502219
941,6.67340517954385
941,1.55705355266099
941,20.388963696428
941,5.90858682037747
941,13.4390749496626
941,4.24113228441235
941,1.40179480891675
941,5.74988337678319
941,2.10415848476892
941,14.8408743407687
941,3.70253604242552
941,1.70499482243086
941,1.74389690626413
941,1.11425300583535
941,6.45239240934557
941,1.65978258477113
941,0.849259232636541
941,0.143867154435156
942,2.65286640092967
942,0.657354276627302
942,1.95885961875319
942,6.14921078659651
942,0.566670781371196
942,5.18524906411262
942,6.52113443219519
942,4.65008150197228
942,10.0132335625113
942,5.73480091036713
942,3.30235468689352
942,5.86304078323251
942,2.07248226972297
942,23.2000129843566
942,5.32688602784133
942,12.7919218217241
942,9.05730991582286
942,8.93200216772866
942,7.17243920443457
942,0.939189721830189
942,2.23376967668351
942,3.67785750950441
942,8.06150583040355
942,11.0420028765904
942,0.526870258504273
943,25.1109171197743
943,4.66538529822087
943,8.41663356828404
943,3.06084680603817
943,6.30217400824136
943,5.98034223054952
943,2.94700949918479
943,3.57491110430515
943,4.93389215765005
943,2.72659581620246
943,6.39199270380145
943,15.9476958579364
943,7.94350634380583
943,10.6298732099341
943,5.71488860973573
943,7.18412569682014
943,5.45657406255056
943,3.51112361976361
943,2.22917756298557
943,1.16294651059434
943,31.5101276971122
943,4.45482165997332
943,3.27348586171865
943,7.36758398781431
943,2.67923410516232
944,19.5942095936018
944,17.0194726056399
944,3.97432903272516
944,7.25710583173627
944,11.9618910265373
944,0.665959364268929
944,18.7122545660216
944,4.40062655134179
944,0.721880071796477
944,7.34786608172643
944,6.51965732199556
944,3.0369184887968
944,3.60388152104556
944,0.808721873909235
944,2.68920870032161
944,0.694219013676047
944,1.86100911814719
944,0.971776759251952
944,4.39173581523305
944,1.63096270234068
944,3.5081564661085
944,2.1883020689711
944,11.9947668624328
944,0.307198595255613
944,8.20531558203411
945,3.9802783585847
945,1.21438584523275
945,5.32212631755924
945,0.763688641999608
945,7.21037263683032
945,1.40534379985183
945,1.79725016700104
945,2.99941625911742
945,2.58710730122402
945,1.33793791523203
945,0.5271040298976
945,6.04722273980683
945,0.549012813717127
945,22.1842351397025
945,3.19522684440017
945,4.53156484859605
945,3.11883390182629
945,5.32234231454736
945,1.33113409507726
945,0.823214063420892
945,10.9441048925029
945,8.79684856119466
945,4.94369611588723
945,5.32018743930419
945,4.63134935570365
946,14.4770637891235
946,1.72644250880229
946,1.07949372613803
946,4.31555820607996
946,8.77652696818309
946,3.58223687366814
946,2.08767473697662
946,0.95799031900242
946,3.17526269471273
946,0.636104634031653
946,11.1815016096127
946,4.9733603557334
946,2.71308709867299
946,2.06379725132138
946,2.61699519585818
946,3.0810175719671
946,1.80297343293205
946,1.02729288861156
946,3.44030472682789
946,1.78367431995378
946,0.512504791840911
946,3.73909461539255
946,3.90344543827182
946,0.110295675694942
946,2.3499120422639
947,0.408328052144498
947,6.13935352282083
947,9.57232298287463
947,0.753754785235724
947,0.145304165780544
947,9.9045085343988
947,3.30219366122037
947,0.674297919247899
947,11.5669751999186
947,4.57384319954968
947,0.132925366051495
947,15.1073797783794
947,6.08641020001328
947,0.602171309292316
947,0.648992723246928
947,2.40385460900143
947,0.614800767507404
947,24.7804946689591
947,7.54547933126725
947,1.19899530133902
947,0.229642966296524
947,0.721951577044572
947,1.03046956006438
947,5.54875833892679
947,2.1781405271031
948,9.64509676168573
948,1.68074308196083
948,11.161028118174
948,3.63173333906984
948,4.3177226567371
948,21.9731608048628
948,9.56095955292595
948,0.318165663445206
948,7.86326506324452
948,11.7008580470508
948,0.976877909257443
948,1.53782960725948
948,0.542983743362129
948,1.47009324748069
948,4.74362926536655
948,0.765466012526304
948,1.05427298694849
948,7.09796649679129
948,15.1004074878039
948,0.0110170454718173
948,8.67489500920714
948,0.438657418036708
948,1.59414024790749
948,1.71926459064707
948,4.93019954280412
949,6.42601211999959
949,7.71119998177152
949,2.82481983304024
949,0.110312874485502
949,1.67169401276155
949,5.08751933907575
949,4.67234096468842
949,5.2968695478276
949,0.969857843592763
949,6.88162476269013
949,5.86560703793025
949,3.14317701850086
949,2.11767636580216
949,1.06833948025367
949,0.154527097474784
949,1.48479166487079
949,5.19576656170202
949,1.96128248004243
949,0.119957216084003
949,0.142830605618656
949,1.92767432161676
949,2.88684191880748
949,4.03650485423809
949,9.33660765136492
949,14.6998821190538
950,0.216609941556544
950,3.80899052288673
950,10.687287188467
950,19.2735124648291
950,3.09338171035051
950,0.177511806456513
950,0.344800506718457
950,9.85677613834751
950,13.6232607339727
950,19.053592410751
950,12.5766957079278
950,8.50573901976359
950,3.53630049584242
950,4.24397402421987
950,5.45237161198115
950,9.52664983416808
950,1.33889205105615
950,6.29238575675941
950,4.97977383879429
950,7.9426360937184
950,23.1825149978015
950,12.8385631081866
950,0.676516413000726
950,4.29725134782369
950,0.30995699456158
951,0.613827051845783
951,0.724802748300135
951,6.56751886920488
951,1.4220278034918
951,2.48058451339602
951,5.88236801051931
951,7.1201119375403
951,0.00419476824362366
951,1.30606865277514
951,6.93328921641123
951,0.494866319932044
951,10.9604350936817
951,1.90160614671186
951,3.06516078067943
951,19.1349917236148
951,0.998860308900476
951,4.0045067060501
951,1.80287946714088
951,2.91862551588565
951,5.79915883929885
951,7.62431534896505
951,1.81448691524565
951,0.299855509486725
951,9.63261477607203
951,1.56130120856687
952,19.1108816104077
952,4.58815835860974
952,5.39702140239483
952,10.9671611750863
952,8.52292836601746
952,3.9760943256344
952,6.21052967829114
952,0.42953840456903
952,6.53122023658312
952,1.09857458553441
952,8.50461530696858
952,5.4251632270667
952,3.72878360541022
952,1.68090918097529
952,3.94570792072868
952,1.66465597509339
952,0.142328719902445
952,12.4530975979971
952,0.933872426394373
952,4.9739657154069
952,3.05783921852708
952,0.29279146125239
952,8.08790476530594
952,7.6675409228607
952,2.05219120718539
953,1.68695938307792
953,0.502256504260004
953,0.579112782467182
953,6.72192430568344
953,4.45605167392446
953,1.76589951384813
953,8.34592576096666
953,13.8088465382563
953,7.37862256434392
953,0.927055652718991
953,2.36798741156235
953,2.31853326625031
953,4.13603312780565
953,4.61586531230664
953,6.31569362224496
953,2.09694563066162
953,0.488282220903784
953,1.54707315610722
953,9.59275697315943
953,2.08900470825542
953,0.772572990972549
953,6.37019301743663
953,6.1845791058377
953,3.51320330963886
953,2.31021543190644
954,4.60282274035221
954,6.4614882969991
954,0.834754147839468
954,4.32841804323202
954,9.37549025709641
954,8.17432123944713
954,12.6884629408706
954,3.54273740646845
954,2.71626280155033
954,0.321683457586914
954,1.59433219581842
954,1.34238434955478
954,0.566388294100761
954,1.58170547385343
954,1.54859775910154
954,2.19885898371398
954,0.31926347175613
954,14.0387662825792
954,5.00935602446503
954,0.577014388982207
954,0.812768321484327
954,11.1179084045099
954,2.61435671942309
954,0.640014656819403
954,8.49830170120013
955,8.6377645466001
955,5.6878295492143
955,4.9594541962952
955,7.49232125426543
955,4.62558280217114
955,0.0160914108644309
955,1.22399058192968
955,1.90402625128627
955,2.09845612445274
955,7.61002587299192
955,3.05814553750679
955,4.90694657412773
955,2.46631770860404
955,0.703298901677673
955,3.25243555242196
955,6.64283519124097
955,10.0430590572351
955,1.54557179892436
955,6.1473350364477
955,7.86236582340712
955,2.70094703741307
955,0.209496994502842
955,4.19902657693337
955,6.82451921959824
955,8.76558718420212
956,0.0085395180565239
956,9.04325576457095
956,1.47122368449345
956,1.29794605774805
956,5.98059199729419
956,6.88179893863803
956,5.03106390570706
956,11.1221285437452
956,10.8872122305658
956,0.0627178093418479
956,12.8748718922244
956,0.884965823497623
956,11.5126483042942
956,0.563592550208743
956,4.47873440223959
956,3.16586294677109
956,5.55823864394283
956,3.90831069495328
956,8.46669141161156
956,13.7740844947504
956,0.331449704372563
956,17.4283566594797
956,4.92278560975051
956,20.0430240750986
956,2.1941607631743
957,1.36131627788536
957,5.2375914714255
957,1.14705116022378
957,3.41559178195894
957,6.11526604636252
957,5.92284928986287
957,5.28405441415912
957,8.07669606949103
957,0.391379427085458
957,10.2342741280319
957,0.884108270984143
957,0.181099820992353
957,0.999941353220493
957,2.90428941370919
957,1.64578095594549
957,17.9991557717997
957,0.497289494792884
957,12.4422999930786
957,0.024532622192055
957,5.15174897832281
957,1.90811794949695
957,1.02509456686676
957,6.58702901543534
957,9.45742241064918
957,3.21109546581283
958,4.54600032863623
958,4.35776088831431
958,0.381748150102794
958,3.52549615982313
958,10.4976762468819
958,2.60631481185555
958,6.75651714650399
958,0.723867996130139
958,8.52903248700214
958,1.09206477180123
958,1.16475686896592
958,3.72321901298693
958,2.61263350723311
958,0.148587830117856
958,1.92403003181613
958,8.61900757024896
958,27.0826148320187
958,4.08520754405713
958,2.51092306571081
958,2.07745539490134
958,2.86517594009638
958,11.1015361634301
958,3.59043986515558
958,3.38621513685212
958,2.54203907336964
959,2.74608296575025
959,3.4147811983712
959,14.6948568141999
959,1.40272854827344
959,4.97165471294379
959,18.0220860931887
959,1.47504850057885
959,2.4741539180439
959,0.015272197779268
959,1.82854165899072
959,0.108713351655751
959,1.30657512927428
959,9.73829841199231
959,9.96562531175923
959,3.69856761747456
959,10.8761121046947
959,6.65545629782087
959,5.85720200070596
959,8.184580860921
959,3.28391145681962
959,10.0002011931957
959,9.86854114527714
959,5.16120827179982
959,5.13279792223986
959,5.36998926640904
960,5.37734861464656
960,1.16219326620921
960,3.95242326600733
960,4.36607979326938
960,9.52706243800831
960,2.21894355228815
960,0.106543129738382
960,3.90863617861128
960,6.70116303467608
960,0.565999687944986
960,15.3386001205665
960,8.14025957095337
960,5.07329731227315
960,0.584905433934182
960,1.90263053169474
960,14.1623252249303
960,4.26126134869416
960,9.47222591335786
960,2.16036100871861
960,6.72858644255853
960,0.27845127707693
960,5.89434784350401
960,8.5365188583256
960,0.759917322932992
960,5.45733388957983
961,19.0745459765869
961,1.39839438274132
961,12.652953637726
961,4.8407452132315
961,1.44293172284961
961,1.03586755227298
961,3.70485757865739
961,6.57296113183206
961,1.86519208131358
961,7.43615837570235
961,2.64353428522738
961,22.5760056997154
961,1.68930783576612
961,5.3343117747218
961,0.89145554928109
961,0.327586221974343
961,3.72730077688998
961,6.10624182591598
961,1.55429218430072
961,12.9031442304958
961,0.40481474250555
961,2.76704828022048
961,6.54901008566326
961,0.892054266296327
961,3.35656963055953
962,5.27837573063976
962,13.76477018867
962,0.646077941637486
962,1.2480781879276
962,1.41612834060605
962,10.0291889622332
962,7.66423069829953
962,5.4681695064292
962,4.36927977928376
962,3.75974798088378
962,1.73747079446912
962,0.998903086874634
962,1.92257578950375
962,5.23446818792677
962,2.0442709023364
962,1.88635741127655
962,2.43107351940125
962,1.23614628100768
962,13.4860942785846
962,3.9556875581718
962,5.15164694727814
962,1.14141412682371
962,2.6100415806286
962,2.59469297481701
962,3.37683515390381
963,8.28624109551429
963,0.382586955092847
963,0.0189683203737638
963,4.69153745544559
963,1.61837208317593
963,11.8131756124305
963,16.5621270230951
963,1.32840905338526
963,3.18984316661954
963,1.8397294334136
963,7.56823717423069
963,2.35585444141179
963,0.494495094753802
963,8.3164334944905
963,5.51645404612778
963,1.58667150186375
963,3.00667893374339
963,4.5827865324774
963,6.92721600623286
963,2.43683561682701
963,6.70975999419993
963,0.171982641331851
963,4.16682818872712
963,0.248874765077187
963,12.3631696489857
964,12.7662567881154
964,2.13801128183943
964,0.907168385537092
964,4.50020201483226
964,0.722554344683886
964,11.5794586477088
964,7.37289336467993
964,1.56709644981104
964,3.75283804235464
964,4.82620609903193
964,15.895411967391
964,2.39803613862023
964,5.28206081574267
964,3.57077383880919
964,1.71571535756811
964,0.109834694506803
964,1.10963182779031
964,0.245947234458214
964,1.21351705998837
964,10.1854079398782
964,0.774987778324942
964,7.15587194966984
964,1.55538171296939
964,9.17790927882207
964,12.8401034394306
965,0.0523134414106607
965,1.94113611010835
965,0.29444596497342
965,0.989928010385484
965,8.67968232328904
965,1.7959437915124
965,0.248477412387729
965,10.8911754641011
965,1.82652896968648
965,0.183482889551669
965,14.4971878818216
965,0.0429002110922679
965,2.47293727006763
965,3.50620248062493
965,5.11979184092438
965,10.4391429846393
965,6.459386164529
965,1.28786548739299
965,2.76667975122109
965,18.0543162942606
965,1.99766154401004
965,5.47180826754725
965,0.425567713100463
965,0.627268569910737
965,0.77559381024912
966,6.27742486519224
966,0.541708244763593
966,3.22286234935746
966,7.09619599013527
966,0.596084331627935
966,9.30185751016152
966,4.03899804202324
966,7.35442023682308
966,1.81284281425178
966,18.3817505433707
966,0.0397402374073863
966,0.482542661484331
966,1.66591823333874
966,1.3544384205687
966,3.24060788843781
966,0.401810711517904
966,0.678050192072988
966,10.5913169023799
966,3.46875527852631
966,1.285589071922
966,8.29151784166156
966,9.96077778707159
966,12.3773274843799
966,4.72136830581248
966,4.38300208167589
967,10.9229850483345
967,0.113378798123449
967,15.2752299045589
967,1.53991989092901
967,1.71397870366372
967,1.4791436563246
967,1.93692416185513
967,5.24042887447241
967,9.54427588689041
967,3.75082215624908
967,0.249838035088032
967,1.26768523827195
967,0.323587907478213
967,14.949798026371
967,2.51835882896557
967,1.41249942826107
967,16.0379416859689
967,10.848705106716
967,2.89962850045413
967,0.770569581072778
967,6.19841344405411
967,0.613732992913099
967,2.79698355589062
967,3.61645499223328
967,1.14586321404204
968,5.96825219669795
968,8.84587107629065
968,11.7750953038441
968,18.2553473383862
968,2.97858723904938
968,5.16375755404538
968,1.36105442419648
968,0.948450681753457
968,23.0464720154617
968,1.1290181032382
968,10.9773317559222
968,3.5090727729485
968,11.2110208061742
968,0.45915073947981
968,3.87915904183642
968,4.49081573085451
968,1.80495226870047
968,0.130236908466116
968,4.19602185932404
968,4.16070082669562
968,8.8154351986469
968,11.0097826654597
968,3.9567362389357
968,0.668499574665194
968,0.623476793566906
969,4.72420924322164
969,2.60305222726625
969,6.82734935989088
969,10.8946796034681
969,0.239870836958289
969,1.11832046881318
969,4.30772615575647
969,1.13925620913506
969,10.4879254003273
969,16.7600911847296
969,0.207453492797118
969,2.33170673251152
969,2.57710605161265
969,2.92888167314231
969,24.4657616570675
969,10.2779167886348
969,5.43988415950394
969,6.07061498311764
969,0.0365177378989756
969,0.830776332877576
969,8.22891777339292
969,1.35246940888464
969,3.32420391961932
969,0.819036536850035
969,0.366334086284041
970,5.4157482178644
970,8.20319491396558
970,3.52648249237066
970,10.7513515066892
970,0.680686008271013
970,9.37268244991911
970,7.20568090651647
970,10.7605483656036
970,2.61460852343589
970,12.6956245389985
970,7.55149815189553
970,0.83674168141787
970,4.96676424031562
970,4.80048449689007
970,7.03090108889055
970,0.9548783255741
970,0.704038352705538
970,7.79492665641377
970,4.77583446931777
970,5.49958662001924
970,3.95596675578606
970,2.55687437020242
970,1.48112186929211
970,8.01079067359579
970,5.92291819376356
971,2.76402213610709
971,2.89988290899315
971,0.476550944149494
971,9.43971746559155
971,0.501575872131165
971,10.6381496558703
971,18.1980821014124
971,1.48806597338989
971,2.5134223792702
971,9.68142519662988
971,6.06957678662098
971,3.11747130472213
971,1.74556210404262
971,4.22018036690956
971,0.250549614429474
971,2.71509261801839
971,5.92534126692867
971,1.35416146600619
971,10.2502120188893
971,0.955203738994896
971,0.231505874544382
971,0.463189560224916
971,0.83483396563679
971,1.83902504155412
971,0.62195246340707
972,9.23597369301033
972,5.86626654854077
972,8.94326547232276
972,5.85093326845622
972,0.372939587449012
972,5.36362389547235
972,1.84456036227759
972,2.66105370363221
972,1.95338353747502
972,0.636258283630013
972,2.5447095814161
972,5.25159804914989
972,1.59706661244854
972,1.52544748219339
972,2.99268505303189
972,3.99772907763511
972,7.40489529546922
972,1.78773517487571
972,13.3372362417387
972,3.24428729712963
972,0.136262809392065
972,0.824624332599342
972,9.48363145771337
972,16.3203507653418
972,5.461686819639
973,5.99767324959344
973,3.61939396401334
973,5.16821667065329
973,1.84163249330595
973,1.91392932087183
973,1.86603561658918
973,6.92151398842639
973,18.3850401163775
973,2.83539588097483
973,5.06264031378037
973,2.36561045050621
973,1.80897179202537
973,4.98092135859138
973,2.83678381470963
973,0.0341198165044353
973,2.60219343937933
973,4.04069030636406
973,5.9895144633711
973,3.45427001826465
973,6.21401682940728
973,0.59110454050824
973,0.836136535920622
973,0.58628585172138
973,4.03107882456338
973,1.00590713322163
974,1.87771634431556
974,3.65354225302592
974,0.233080897014588
974,0.289883513469249
974,2.8906591492705
974,3.90801865120834
974,1.6225706669502
974,15.5495199552717
974,0.00492801424115896
974,1.48000543937087
974,5.6509635967896
974,1.70435342937708
974,4.5345823324979
974,11.0652660851585
974,12.6188986276494
974,4.8759594825717
974,8.5900205870637
974,4.70720361589696
974,9.28489092695427
974,10.6111986480322
974,3.16078000934795
974,0.0991896609775722
974,2.3877291204247
974,9.90803996059013
974,15.7490296653452
975,1.04510753230561
975,5.76140157963709
975,3.12446921598166
975,0.908971570417919
975,11.5675740452186
975,1.45183627028018
975,6.96567088323546
975,2.32689267602389
975,1.35738454929927
975,2.44463050970808
975,15.0162919480542
975,2.06433527588545
975,0.219792106855158
975,4.25157203999091
975,2.3002139898017
975,2.11149325301597
975,0.640154725406319
975,6.3224156075417
975,10.2761766310306
975,1.13917911118894
975,7.42394627029908
975,0.78915627906099
975,0.566407891456038
975,4.62057603967792
975,1.52368594193831
976,0.150599926710129
976,3.84725039619941
976,6.62011994621246
976,7.88685279856336
976,3.17040931433439
976,10.4896823915129
976,0.474491394115639
976,7.86631816956115
976,9.89003502636782
976,8.93505410022524
976,6.45548413020975
976,5.01941838280714
976,4.69782332868731
976,2.70968488583498
976,8.61456833737803
976,5.53801700451827
976,6.54297531095749
976,12.9638129187034
976,11.0311803122269
976,2.23809526767582
976,2.97330237925053
976,1.2694601342082
976,0.00634569698072985
976,1.03772546265697
976,2.66934594837949
977,6.21743099277324
977,4.55015967113382
977,2.528669629246
977,1.35405302215325
977,5.25660970227277
977,1.47679151268676
977,7.48809896367502
977,2.33129527186975
977,20.4717034370381
977,0.80292756203562
977,0.946166438516229
977,3.19139996776357
977,5.54302264915264
977,0.837521571666002
977,0.728498445589531
977,5.0347391234473
977,10.465308772243
977,1.2006713077426
977,0.676945673767477
977,0.0258756007615514
977,9.89832058506918
977,0.691179929800597
977,1.8853150238283
977,1.01787814404815
977,1.20445150296325
978,8.20226359139097
978,2.98009504810174
978,1.73059993880312
978,11.7231694136964
978,0.778024720493704
978,6.82054087964302
978,2.83699984429404
978,7.41945823612523
978,0.542840701527894
978,18.3576235444027
978,18.850820538469
978,4.7451682386682
978,7.63105457606626
978,6.78775304441756
978,21.4205772603366
978,19.657920700379
978,0.932392200920731
978,9.89688712130201
978,6.50470622794187
978,8.65794364709676
978,4.81001501416272
978,5.90769452953196
978,10.357730006379
978,2.73693975061178
978,2.77411021059379
979,6.76164753714061
979,7.29739348827186
979,23.1765831435535
979,1.66945650774921
979,3.50616651100522
979,0.135035244747996
979,0.290799900288748
979,6.46908220348364
979,2.94505641097203
979,3.17154516698793
979,1.71940846220755
979,1.83407318079844
979,4.65649918632066
979,4.0766706781224
979,2.78399456525221
979,5.26615491581565
979,2.31748141814023
979,2.59326627012342
979,6.39821042285717
979,14.5988810426536
979,8.41981148305249
979,1.55549060087651
979,2.83621643204242
979,1.28697427222505
979,8.19995825136912
980,12.5476303038405
980,2.47771970462054
980,0.955797091592103
980,1.75850734813139
980,6.76777154186225
980,11.7009869677233
980,8.98476324002159
980,1.33569267811254
980,15.8883069447222
980,1.8912828178145
980,2.247448801063
980,1.26177535088204
980,5.62016193268305
980,3.89218626988536
980,3.13156630145386
980,24.2461524332378
980,7.77302862102998
980,8.42405571853299
980,7.32214881996525
980,3.47621103262013
980,0.0160678895190358
980,2.8439873480238
980,4.25629422047591
980,5.22341323064125
980,0.640027632471174
981,9.36785124200297
981,3.30303205642849
981,8.07810267391515
981,4.20281146290602
981,0.22963925730437
981,5.19895616897798
981,1.29474530927837
981,12.3816808213698
981,2.90161389391869
981,10.5215169203686
981,1.33644216228276
981,0.925452544261054
981,1.12427645437009
981,1.6049201763235
981,1.67526411125436
981,1.30742224112825
981,4.07928223235017
981,20.315516841479
981,3.00099974675692
981,0.912393776268858
981,2.4496671766974
981,2.43222163291648
981,6.60502216757691
981,6.14579813068217
981,12.3705851559745
982,5.80137601101256
982,1.11737410270782
982,2.4397110263817
982,3.04012883687392
982,6.70121737269169
982,13.1426630628513
982,4.45389098001128
982,1.7250937051278
982,9.34656756888044
982,0.169896963052452
982,2.93215174926445
982,4.13486981847917
982,1.38002111343667
982,1.09533571870998
982,1.33589350618422
982,3.11337974620983
982,4.99711615478104
982,3.43641343759373
982,2.9060811875388
982,4.26373747325594
982,15.0870317212286
982,4.81835929034144
982,0.813137581571937
982,6.57121944685882
982,0.9578658056948
983,4.29328950566655
983,2.30687928618863
983,9.54120023134065
983,8.17532836417568
983,0.233026670757681
983,2.36057439818978
983,3.33251368487254
983,3.43132178997621
983,0.438018580898643
983,17.2827142468634
983,14.6676383531632
983,3.40863689314574
983,1.68720250742318
983,3.21970903547481
983,10.2149296082081
983,3.0764403518359
983,9.42099484573019
983,2.66976684336648
983,9.41732872235489
983,8.42663153923708
983,2.44623168138787
983,2.49674663878977
983,11.4298118924009
983,10.6337181379305
983,0.648519212845713
984,0.321055033709854
984,9.97357211965037
984,5.08423625004894
984,6.66750274577594
984,20.6988645613867
984,4.26998631076372
984,2.64714572811499
984,0.176022334489971
984,5.31351992373771
984,1.12408579559997
984,8.96864668592618
984,10.550450356047
984,9.8789421744169
984,17.9214185715347
984,0.121928449836349
984,17.0513200006428
984,8.76646739388716
984,5.86945822350379
984,1.164193933364
984,3.56761262731111
984,4.73405394682145
984,4.07850340453392
984,6.57252980840808
984,1.88631887780502
984,8.81381646687997
985,11.5433477333534
985,0.827817229737304
985,0.782145678918004
985,6.42775980734682
985,5.70277259198433
985,6.64976239649063
985,16.8683228260818
985,3.3498789742589
985,1.71067766845226
985,1.35832046857104
985,7.16976894955051
985,2.63047469081357
985,1.77194028161466
985,1.7848038370721
985,1.95381257450208
985,0.495322310363141
985,2.48691320419312
985,14.0353445327821
985,3.49503433074795
985,0.885546281933784
985,13.2984675553845
985,3.850270784233
985,3.41291675809771
985,4.44183210355645
985,6.40405395978546
986,1.77191306138411
986,1.22439007458612
986,11.5925640140878
986,0.3658166075379
986,0.541422134184126
986,15.25659393344
986,5.57314750053154
986,1.09027087003637
986,1.72916544834152
986,1.58475684933364
986,12.3640268944045
986,7.05824554040285
986,5.75258148347443
986,10.1647101617874
986,4.64300805681801
986,2.61411838466302
986,7.41283028532958
986,0.793478375442116
986,3.56231531776809
986,0.430195092472021
986,0.638671326451004
986,2.09773179143667
986,4.00177461539811
986,8.01475127185595
986,8.79738171542895
987,19.2180747062641
987,1.94565080106258
987,0.283184022004475
987,5.86715165339375
987,4.11112059239633
987,0.0164536037482321
987,1.47029833635315
987,5.01502567425761
987,0.229316907934844
987,1.1733054718934
987,5.84771415756781
987,2.43733586976305
987,5.2154331000284
987,3.82847071416055
987,9.98117925557208
987,1.1642646254694
987,2.00374318023368
987,1.88480309676379
987,2.36786767374724
987,8.58833378482076
987,1.07102923328057
987,1.62892111344263
987,3.34580385824665
987,0.0907982257194817
987,2.23182931309566
988,7.18507534066936
988,4.37785056398666
988,6.70266918351358
988,0.536932218819857
988,0.458854318462561
988,7.17289954381895
988,6.75781047416335
988,33.3310090638419
988,1.45008140109033
988,4.33158102006786
988,8.50115910130453
988,13.4481493470477
988,5.67972157129502
988,1.05221865600127
988,0.943024718405331
988,5.96837749684572
988,7.7869359865309
988,2.01974462484941
988,0.155223412439227
988,0.0518729980103672
988,3.50183469688004
988,1.29833456594497
988,2.08822274114937
988,4.25872435582476
988,3.51618144174522
989,2.04034175723791
989,6.50074245387173
989,6.3507432581619
989,11.4403208401562
989,3.42354033142328
989,3.44266375526786
989,8.5295593734355
989,3.88394935472985
989,3.19037915207446
989,4.43368698914951
989,19.3751949340779
989,1.86622352572158
989,2.09296959685162
989,0.713594618722876
989,13.8918910966222
989,5.98882751518345
989,9.07750386702728
989,3.18509963806719
989,4.37501370885825
989,29.8676621152048
989,3.29634424066171
989,1.20879183523357
989,4.80885195990509
989,4.96379481607533
989,2.66877093585208
990,0.458310185931623
990,0.357610720140334
990,5.58766878654665
990,37.9261921883977
990,12.2746420738505
990,1.20493298570448
990,0.025234934873879
990,4.64009540600187
990,7.44356499011529
990,11.7978875390634
990,3.95307672189033
990,3.63428505582219
990,14.097968674356
990,8.31512054386449
990,14.0567497842052
990,8.11681957089059
990,2.93334350222722
990,1.46310681787849
990,4.24482190494841
990,12.1407046255873
990,19.7425351560789
990,1.11081582261249
990,0.94010745999916
990,10.7587262526455
990,2.80113060027361
991,0.821140613406897
991,3.30328133745733
991,0.971789879258722
991,5.72792102096087
991,10.2571271262587
991,17.3242049283328
991,2.25325513863936
991,7.17082614828748
991,3.06772104231641
991,5.91592317486372
991,4.3863430273365
991,1.74238115316257
991,8.91443930524302
991,0.421621073037386
991,10.6423010492314
991,5.38243539144701
991,0.508119801525027
991,16.5005923054161
991,0.0583643270510293
991,7.10137500178589
991,7.0108533367039
991,5.6792064893753
991,1.76750617331962
991,0.555121167562902
991,3.10406715841964
992,20.4640999705273
992,0.0402809904908134
992,3.99756131295305
992,0.260994541462995
992,0.247130225413156
992,3.62704244225026
992,3.34883147384971
992,1.303498565685
992,0.58920769719407
992,2.15266093559013
992,0.422657428252357
992,4.94251443233455
992,0.310347427410308
992,2.50545585993677
992,31.6006421185752
992,7.53327266874527
992,3.3127185003832
992,4.94452238993204
992,5.22478763924396
992,1.86534660868347
992,0.850881005171686
992,5.66188544715716
992,5.24959822164333
992,1.24813695205376
992,1.40322350248928
993,8.49368919576419
993,1.87628501094878
993,0.7615947118029
993,0.751342561561614
993,6.82227699530727
993,6.05324565411961
993,5.74045595226294
993,1.30925952922553
993,2.05934979821114
993,2.17819550307468
993,7.72536694400057
993,8.69107910389912
993,3.43466501682997
993,6.54252483954138
993,5.9721543684364
993,9.58682768936169
993,0.561983250081539
993,29.9806516600733
993,3.10306616593152
993,4.30042482007058
993,4.9482072055211
993,0.181761924177408
993,13.3473470335113
993,7.84221415365946
993,5.32480454051352
994,2.72551633883268
994,2.35198420938104
994,1.06027298670313
994,6.03044355267143
994,18.9719778568226
994,5.47729748745865
994,4.16774468475437
994,4.19928473399437
994,3.95698600893325
994,0.590059356763959
994,1.52179439524712
994,10.7866964203523
994,3.50706431062377
994,3.56349090191696
994,6.71426001915193
994,3.34455735515803
994,2.59682759642601
994,5.31374606748527
994,5.95414891818023
994,4.78187649955458
994,11.3255483575097
994,1.41096059698611
994,3.18087845109403
994,4.32252213957761
994,4.36092814782653
995,12.9409151797401
995,1.9255088083446
995,2.35954426927492
995,6.97869884702075
995,3.74805611071593
995,2.95124148484319
995,0.663602186832577
995,1.47657646331936
995,2.50450804596767
995,3.82174806489567
995,15.9834646052661
995,9.19255347880435
995,13.4561359410392
995,0.52081247093156
995,13.1376031873034
995,26.0187866617192
995,2.88030918221921
995,0.934312432073057
995,1.601047210861
995,2.26483340142295
995,2.11631608195603
995,5.82493284230536
995,9.35672217938018
995,5.18531639107919
995,1.1757129128091
996,4.30888817769812
996,15.6269526100698
996,5.27010318875089
996,8.24375761630845
996,3.13826872734353
996,2.36274358117953
996,6.5112814910472
996,30.690323038209
996,2.70534525159746
996,6.01546895203596
996,3.73593098042346
996,1.10223645111546
996,4.43704893477891
996,0.457470590878402
996,1.35803299723193
996,2.02752139419317
996,2.45380410528075
996,7.3872792809726
996,5.51472606869217
996,4.66171754503107
996,5.850942954211
996,1.14820566028357
996,2.37729636020958
996,4.55975218543044
996,2.77811172185466
997,2.65280983876437
997,4.56774814033365
997,6.01737625410265
997,9.01040142360044
997,21.331182728818
997,0.673688820097595
997,8.02246033172023
997,0.574217662215233
997,10.3453180841626
997,3.62197622635818
997,1.81850334520034
997,0.700304720085114
997,7.64007008592499
997,1.32599057164043
997,1.17325639585033
997,2.35019151587039
997,1.98588264873251
997,0.988116206135601
997,5.09039838311678
997,0.0470167631283402
997,1.73813741654158
997,6.52568907455957
997,2.79042053967714
997,8.45373522540293
997,21.4737541402195
998,0.325567256659269
998,14.1996380305829
998,1.97181345114214
998,8.81385512608004
998,3.25343022122979
998,0.116824150983149
998,8.1259216922791
998,6.42576753606504
998,12.8601455216514
998,8.44699230934394
998,5.0290739145601
998,0.694000622144062
998,1.66850005043671
998,8.29118204261077
998,5.43283739571875
998,3.55566910447037
998,15.4937359682264
998,9.65541910338116
998,19.3697305504823
998,1.44083157880232
998,8.23056570777533
998,0.86695368027178
998,0.759642496705055
998,15.6787777069744
998,4.04210399115959
999,1.98739292798564
999,1.38709991127555
999,19.3657691300589
999,0.788385883581667
999,0.644023243757306
999,1.44846906419843
999,12.678781998645
999,3.84977080838239
999,0.358530681114644
999,2.75388568656286
999,0.499743453000723
999,0.409054151481768
999,1.91414931216813
999,0.598260553088039
999,11.5729590592192
999,2.02322179684415
999,2.50846889568493
999,4.73821389933533
999,6.83081098811186
999,0.534513348247856
999,1.46854144055396
999,8.59294339972448
999,2.98149053007364
999,3.05939250354884
999,2.92718704789877
1000,0.187348059844226
1000,0.363458578940481
1000,1.10916684614494
1000,0.469840788282454
1000,2.50410720938817
1000,3.54293831341369
1000,3.58024854657656
1000,2.27468652417883
1000,0.449289890171974
1000,0.1536959502846
1000,2.14549863478169
1000,1.10728303669021
1000,12.6139565085279
1000,4.25378622474009
1000,1.48833984043449
1000,5.05687040055627
1000,11.5902356331455
1000,2.44322509970516
1000,1.83229439193383
1000,4.01303112485862
1000,2.23459318047389
1000,2.2466295478458
1000,3.6488867223025
1000,0.329388109188866
1000,2.40943587152287
